dc.publisher.place,dc.type.referee,dc.relation.ispartofbook,item.collection,item.openaireRights,dc.subject.keywordsita,item.journal.title,dc.subject.keywords,dc.identifier.uri,dc.date.issued,dc.type.full,dc.type.circulation,dc.relation.medium,dc.language.iso,dc.publisher.country,dc.description.numberofauthors,dc.publisher.name,dc.authority.people,dc.title
Santarcangelo di Romagna,-,-,06.1 Curatela,none,-,-,-,http://hdl.handle.net/11311/1001967,2016,06 CURATELA::06.1 Curatela,-,-,ita,-,1,Maggioli,"BARBARA, ANNA;Ceresoli, J.;CHIODO, SIMONA",Interni inclusivi. Dialoghi trasversali
Milano,-,-,06.1 Curatela,info:eu-repo/semantics/openAccess,-,-,-,http://hdl.handle.net/11311/1010369,2017,06 CURATELA::06.1 Curatela,-,ELETTRONICO,eng,ITA,2,Franco Angeli,"BIAMONTI, ALESSANDRO;GUERRINI, LUCA",Polimi Design PhD_017
"Cinisello Balsamo, Milano",-,-,06.1 Curatela,info:eu-repo/semantics/closedAccess,"Leonardo, Ultima Cena, Copie, Incisioni, Fotografie",-,-,http://hdl.handle.net/11311/1014755,2017,06 CURATELA::06.1 Curatela,-,-,ita,ITA,2,Silvana Editoriale,"MARANI, PIETRO;Mori, G.","Archeologia del Cenacolo. Ricostruzioni e fortuna dell'icona leonardesca: disegni, incisioni, fotografie"
-,-,-,06.1 Curatela,info:eu-repo/semantics/openAccess,-,-,-,http://hdl.handle.net/11311/1017992,2016,06 CURATELA::06.1 Curatela,-,-,ita,-,3,maggioli editore,"CHIODO, SIMONA;BARBARA, ANNA;Ceresoli, Jacqueine",Interni Inclusivi. Dialoghi trasversali
MILANO,Comitato scientifico,-,06.1 Curatela,info:eu-repo/semantics/openAccess,-,-,-,http://hdl.handle.net/11311/1018215,2015,06 CURATELA::06.1 Curatela,-,ELETTRONICO,eng,ITA,2,Gruppo del Colore – Associazione Italiana Colore,"ROSSI, MAURIZIO;CASCIANI, DARIA",Colour and Colorimetry Multidisciplinary Contributions Vol. XIb
Milano,Comitato scientifico,-,06.1 Curatela,info:eu-repo/semantics/openAccess,-,-,"Colore, illuminazione, percezione visiva, design, comunicazione",http://hdl.handle.net/11311/1018276,2015,06 CURATELA::06.1 Curatela,-,ELETTRONICO,ita,ITA,2,"Gruppo del Colore – Associazione Italiana Colore, Milano","ROSSI, MAURIZIO;Marchiafava, Veronica",Colore e colorimetria contributi multidisciplinari Vol XIa
-,Esperti anonimi,-,06.1 Curatela,info:eu-repo/semantics/openAccess,-,PAD,-,http://hdl.handle.net/11311/1018728,2016,06 CURATELA::06.1 Curatela,-,ELETTRONICO,eng,ITA,2,LetteraVentidue Edizioni S.r.l.,"PARENTE, MARINA;SEDINI, CARLA",Pad#13 Design for Territories
Venezia,Comitato scientifico,-,06.1 Curatela,none,"arte sacra, simbolismo, classicismo, arte del XIX secolo, arte del XX secolo",-,-,http://hdl.handle.net/11311/1019707,2015,06 CURATELA::06.1 Curatela,-,STAMPA,eng;ita,ITA,4,Marsilio,"MAZZANTI, ANNA;Mannini, Lucia;Sisi, Carlo;Sebregondi, Ludovica","Bellezza divina. Fra Van Gogh, Chagall e Fontana"
Heidelberg,Esperti anonimi,-,06.1 Curatela,none,-,-,-,http://hdl.handle.net/11311/1020345,2016,06 CURATELA::06.1 Curatela,-,-,eng,-,2,Springer,"CONCILIO, GRAZIA;RIZZO, FRANCESCA",Human Smart Cities. Rethinking the interplay between Design and Planning
-,-,-,06.1 Curatela,info:eu-repo/semantics/closedAccess,-,-,-,http://hdl.handle.net/11311/1022046,2016,06 CURATELA::06.1 Curatela,-,-,eng;ita,-,1,Corraini Edizioni,"FINESSI, GIUSEPPE",INVENTARIO 12
Mantova,-,-,06.1 Curatela,none,-,-,-,http://hdl.handle.net/11311/1022049,2017,06 CURATELA::06.1 Curatela,-,-,eng;ita,ITA,1,Corraini Edizioni,"FINESSI, GIUSEPPE",Fare Luce
Bruxelles,-,-,06.1 Curatela,info:eu-repo/semantics/closedAccess,-,CARTADITALIA,-,http://hdl.handle.net/11311/1022052,2016,06 CURATELA::06.1 Curatela,-,-,eng;fra;ita;nld,BEL,1,Istituto Italiano di Cultura di Bruxelles,"FINESSI, GIUSEPPE",Cartaditalia n.2. Il design italiano. Unità e pluralità
Mantova,-,-,06.1 Curatela,info:eu-repo/semantics/closedAccess,-,-,-,http://hdl.handle.net/11311/1022056,2016,06 CURATELA::06.1 Curatela,-,STAMPA,eng;ita,ITA,1,Corraini Edizioni,"FINESSI, GIUSEPPE",Quasi segreti
Venezia,-,-,06.1 Curatela,info:eu-repo/semantics/closedAccess,-,-,-,http://hdl.handle.net/11311/1022206,2016,06 CURATELA::06.1 Curatela,-,STAMPA,eng;ita,ITA,1,Marsilio,"FINESSI, GIUSEPPE",Stanze. Altre filosofie dell'abitare - Rooms. Novel Living Concepts
Milano,-,-,06.1 Curatela,info:eu-repo/semantics/closedAccess,culture del design,-,-,http://hdl.handle.net/11311/1025426,2017,06 CURATELA::06.1 Curatela,-,STAMPA,ita,ITA,1,Edizioni UNICOPLI,"PIZZOCARO, SILVIA LUISA",Eccedenze. Tra innovazione e culture del design
Milano,Comitato scientifico,-,06.1 Curatela,info:eu-repo/semantics/closedAccess,"Gregotti Associati, Gregotti-Meneghetti-Stoppino",-,-,http://hdl.handle.net/11311/1027333,2016,06 CURATELA::06.1 Curatela,-,STAMPA,ita,ITA,1,"Quinlan-CASVA, Comune di Milano","FERABOLI, MARIA TERESA",Umanesimo contemporaneo. Gli archivi di Gregotti-Meneghetti-Stoppino e della società Gregotti Associati conservati presso il CASVA
Milano,Comitato scientifico,-,06.1 Curatela,info:eu-repo/semantics/closedAccess,-,-,-,http://hdl.handle.net/11311/1029039,2017,06 CURATELA::06.1 Curatela,-,ELETTRONICO,eng,-,2,Franco Angeli,"BAULE, GIOVANNI;CARATTI, ELENA","Design is translation. The translation paradigm for design culture. ""Design and translation"": a Manifesto"
-,-,-,06.1 Curatela,info:eu-repo/semantics/openAccess,Design per i Territori,-,-,http://hdl.handle.net/11311/1029705,2017,06 CURATELA::06.1 Curatela,-,ELETTRONICO,ita,ITA,3,"D4T Design for Territories - Dipartimento di Design, Politecnico di Milano","PARENTE, MARINA;LUPO, ELEONORA;SEDINI, CARLA",Teoria/Pratica. Dialoghi sul Design per i Territori 01
-,-,-,06.1 Curatela,info:eu-repo/semantics/closedAccess,-,-,-,http://hdl.handle.net/11311/1029970,2014,06 CURATELA::06.1 Curatela,-,-,ita,-,2,FrancoAngeli,"CANINA, MARIA RITA;VOLONTE', PAOLO GAETANO",Overfashion. Nuove prospettive per la moda nella società che ingrassa
Santarcangelo di Romagna,-,-,06.1 Curatela,info:eu-repo/semantics/closedAccess,"Tempo, bellezza, psiche, luoghi, spazio, memoria",-,-,http://hdl.handle.net/11311/1030921,2017,06 CURATELA::06.1 Curatela,-,STAMPA,ita,ITA,1,MAGGIOLI EDITORE,"ANZANI, ANNA","Memoria, Bellezza e Transdisciplinarità - riflessioni sull’attualità di Roberto Pane"
Firenze,Nessuno,-,06.1 Curatela,info:eu-repo/semantics/closedAccess,"scultura fra le due guerre, Etruschi, etruschi del Novecento, pop art",-,-,http://hdl.handle.net/11311/1032566,2017,06 CURATELA::06.1 Curatela,-,-,ita,ITA,4,Polistampa,"MAZZANTI, ANNA;Mannini, L.;Lucchesi, S.;Gensini, V.",Una chimera del Novecento Il leone di Monterosso di Arturo Martini
Cinisello Balsamo,Comitato scientifico,-,06.1 Curatela,info:eu-repo/semantics/closedAccess,"video arte, performance, body arte, arte concettuale, sperimentazione, poesia visiva, video installazione",-,-,http://hdl.handle.net/11311/1032568,2017,06 CURATELA::06.1 Curatela,-,STAMPA,ita,ITA,vari,Silvana Editoriale,"MAZZANTI, ANNA",art/tapes/22 Le origini della videoarte
Firenze,Comitato scientifico,-,06.1 Curatela,info:eu-repo/semantics/closedAccess,-,-,-,http://hdl.handle.net/11311/1034524,2016,06 CURATELA::06.1 Curatela,-,STAMPA,eng;heb,ITA,1,Mandragora,"VACCA, FEDERICA;Warshavski T.",INTERDISCIPLINARY RESEARCH AND EDUCATION AGENDA. A DESIGN DRIVEN PERSPECTIVE
Busto Arsizio,Comitato scientifico,-,06.1 Curatela,info:eu-repo/semantics/closedAccess,"Architettura lombarda, scultura, pittura, restauro",-,-,http://hdl.handle.net/11311/1034704,2017,06 CURATELA::06.1 Curatela,-,-,ita,ITA,1,NOMOS,"MARANI, PIETRO CESARE","Santa Maria di Piazza in Busto Arsizio. ""Chiesa di moltissima divotione, et fabrica non meno bella che vaga"""
Milano,"Sì, ma tipo non specificato",-,06.1 Curatela,info:eu-repo/semantics/closedAccess,-,-,-,http://hdl.handle.net/11311/1036271,2016,06 CURATELA::06.1 Curatela,-,STAMPA,eng,ITA,2,"Politecnico di Milano, Department of Design",R. Capurro;E. Lupo,"DESIGNING MULTIVOCAL MUSEUMS. Intercultural Practices at Museo Diocesano, Milano"
-,Esperti anonimi,-,06.1 Curatela,info:eu-repo/semantics/closedAccess,-,-,"Neighbourhood, Urban Activation, Temporary Reuse, Spatial Design",http://hdl.handle.net/11311/1037549,2017,06 CURATELA::06.1 Curatela,-,ELETTRONICO,eng,ITA,2,Franco Angeli,B. Camocini;D. Fassi,In the neighbourhood. Spatial Design and Urban Activation
Cham,Esperti anonimi,-,06.1 Curatela,info:eu-repo/semantics/closedAccess,-,-,-,http://hdl.handle.net/11311/1038612,2017,06 CURATELA::06.1 Curatela,-,ELETTRONICO,eng,CHE,2,Springer Nature,M. Rossi;G. Buratti,Computational Morphologies. Design Rules between Organic Models and Responsive Architecture
-,-,-,06.1 Curatela,info:eu-repo/semantics/closedAccess,-,-,-,http://hdl.handle.net/11311/1039135,2016,06 CURATELA::06.1 Curatela,-,-,ita,-,1,Zanichelli Editore spa,F. Zurlo,"Design management. Gestire strategie, processi e implementazione"
Milano,-,-,06.1 Curatela,info:eu-repo/semantics/closedAccess,Boardgame,-,Interior design,http://hdl.handle.net/11311/1041528,2016,06 CURATELA::06.1 Curatela,-,STAMPA,ita,ITA,3,FrancoAngeli,R. Zamporri;F. Scullica;M. Bertolo,"Boardgame Interior Design. Ricerca, progetto e comunicazione per lo spazio del gioco nella contemporaneità"
Milano,-,-,06.1 Curatela,info:eu-repo/semantics/closedAccess,-,-,-,http://hdl.handle.net/11311/1043448,2017,06 CURATELA::06.1 Curatela,-,-,ita,ITA,2,Egea,p. volonte;c. leccardi,"Un nuovo individualismo? Individualizzazione, soggettività e legame sociale"
Milano,Comitato scientifico,-,06.1 Curatela,info:eu-repo/semantics/openAccess,-,-,-,http://hdl.handle.net/11311/1044119,2017,06 CURATELA::06.1 Curatela,-,ELETTRONICO,eng,ITA,4,Sts Italia Publishing,"CRABU, STEFANO;P. Giardullo;F. Miele;M. Turrini",Sociotechnical Environments: Proceedings of the 6th STS ITALIA CONFERENCE
Milano,-,-,06.1 Curatela,info:eu-repo/semantics/openAccess,-,-,-,http://hdl.handle.net/11311/1044733,2017,06 CURATELA::06.1 Curatela,-,-,ita,ITA,2,Edizioni Poli.design,A. Bionda;A. Ratti,NAUTICA +++. Additive Manufacturing in campo Navale e Nautico
MILANO,Esperti anonimi,-,06.1 Curatela,info:eu-repo/semantics/closedAccess,-,-,"ENVIRONMENTAL, DESIGN",http://hdl.handle.net/11311/1045991,2017,06 CURATELA::06.1 Curatela,-,STAMPA,eng;ita,ITA,1,DELETTERA PUBLISHER,M. BISSON,ENVIRONMENTAL DESIGN - 2^  International Conference on Environmental Design
Milano,Nessuno,-,06.1 Curatela,info:eu-repo/semantics/closedAccess,-,-,"Fashion, Method, Luxury; University; Milano Fashion Institute, Politecnico di Milano; Design",http://hdl.handle.net/11311/1047158,2018,06 CURATELA::06.1 Curatela,-,STAMPA,eng,ITA,3,EGEA SPA,C. Lunghi;F. R. Rinaldi;M. Turinetto,WHAT'S FASHION IT'S METHOD
London,Esperti anonimi,-,06.1 Curatela,info:eu-repo/semantics/closedAccess,-,-,-,http://hdl.handle.net/11311/1047664,2017,06 CURATELA::06.1 Curatela,-,STAMPA,eng,GBR,2,Bloomsbury Publishing Plc,"SANGIORGI, DANIELA;Prendiville, Alison",Designing for Service. Key Issues and New Directions
-,"Sì, ma tipo non specificato",-,06.1 Curatela,none,-,-,-,http://hdl.handle.net/11311/1049919,2018,06 CURATELA::06.1 Curatela,-,-,eng,-,1,Springer,M. Bruglieri,Multidisciplinary Design of Sharing Services
Granada,Comitato scientifico,-,06.1 Curatela,info:eu-repo/semantics/closedAccess,-,-,-,http://hdl.handle.net/11311/1050322,2018,06 CURATELA::06.1 Curatela,-,ELETTRONICO,eng;ita;spa,ESP,2,International Foundation Artecittà Publishing,"Riccò, Dina;De Córdoba, María José",MuVi5. Video and moving image on synesthesia and visual music / MuVi5. Vídeo e imagen en movimiento sobre sinestesia y música visual
-,-,-,06.1 Curatela,info:eu-repo/semantics/openAccess,Design per I territori,-,-,http://hdl.handle.net/11311/1050387,2017,06 CURATELA::06.1 Curatela,-,-,ita,-,3,"D4T Design for Territories - Dipartimento di Design, Politecnico di Milano",M. Parente;E. Lupo;C. Sedini,Tangibile/Intangibile. Dialoghi sul Design per i Territori 02
-,-,-,06.1 Curatela,info:eu-repo/semantics/closedAccess,-,-,-,http://hdl.handle.net/11311/1050659,2016,06 CURATELA::06.1 Curatela,-,-,ita,-,3,MCGraw-Hill Editore,Massimo Bonechi;Davide Bruno;Masimo Cartone,"La gestione delle risorse, dei cantieri e degli immobili"
-,-,-,06.1 Curatela,info:eu-repo/semantics/closedAccess,-,-,-,http://hdl.handle.net/11311/1050922,2017,06 CURATELA::06.1 Curatela,-,-,eng,-,6,Springer,"BIGNAMI, DANIELE FABRIZIO;COLORNI VITALE, ALBERTO;LUE', ALESSANDRO;NOCERINO, ROBERTO;ROSSI, MATTEO GIOVANNI;S. M. Savaresi",Electric Vehicle Sharing Services for Smarter Cities
-,Esperti anonimi,-,06.1 Curatela,info:eu-repo/semantics/closedAccess,-,-,-,http://hdl.handle.net/11311/1051658,2017,06 CURATELA::06.1 Curatela,-,STAMPA,eng,-,3,Springer,P. Perego;G. Andreoni;G. Rizzo,"Wireless Mobile Communication and Healthcare. 6.th International Conference, MobiHealth 2016 Milan, Italy, November 14–16, 2016 Proceedings."
-,-,-,06.1 Curatela,info:eu-repo/semantics/closedAccess,-,-,-,http://hdl.handle.net/11311/1052991,2018,06 CURATELA::06.1 Curatela,-,-,eng;ita,-,1,Silvana Editoriale,"Conti, Giovanni Maria","Maglia, punto. Quarant'anni di tesori nascosti nell'archivio MF1"
Santarcangelo di Romagna,Nessuno,-,06.1 Curatela,info:eu-repo/semantics/closedAccess,-,-,"colore, design, environmental",http://hdl.handle.net/11311/1054875,2013,06 CURATELA::06.1 Curatela,-,STAMPA,ita,ITA,1,Maggioli Editore,mario bisson,Esperienza e formazione
Milano,Esperti anonimi,-,06.1 Curatela,info:eu-repo/semantics/openAccess,-,-,-,http://hdl.handle.net/11311/1060909,2018,06 CURATELA::06.1 Curatela,-,ELETTRONICO,eng,ITA,3,Franco Angeli,A. Biamonti;L. Guerrini;I. Mariani,Polimi Design PhD_018. 9 PhD Theses on Design as we do in Polimi
Milano,Esperti anonimi,-,06.1 Curatela,info:eu-repo/semantics/openAccess,-,-,-,http://hdl.handle.net/11311/1063176,2018,06 CURATELA::06.1 Curatela,-,ELETTRONICO,eng,ITA,2,FrancoAngeli,L. Guerrini;P. Volonté,Dialogues on Design. Notes on Doctoral Research in Design 2018
Milano,Comitato scientifico,-,06.1 Curatela,info:eu-repo/semantics/closedAccess,-,-,-,http://hdl.handle.net/11311/1065156,2018,06 CURATELA::06.1 Curatela,-,STAMPA,ita,ITA,2,MCGraw-Hill Editore 2018.,D. Bruno;G. Crivellaro,Sharing design sustainable. Innovazione sociale: il flusso dei mezzi di trasporto sostenibile nelle aree metropolitane del futuro.
Napoli,-,-,06.1 Curatela,none,-,-,-,http://hdl.handle.net/11311/242611,2003,06 CURATELA::06.1 Curatela,internazionale,-,ita,-,2,Liguori Editore,"FARE', IDA MARIA LUISA;PIARDI, SILVIA ELVIRA MARIA",Nuove specie di spazi
Milano,-,-,06.1 Curatela,none,-,-,-,http://hdl.handle.net/11311/242676,2002,06 CURATELA::06.1 Curatela,nazionale,-,-,-,3,Edizioni Poli.Design,"COLLINA, LUISA MARIA VIRGINIA;CRESPI, LUCIANO;F. Reinhart",Il design dell'ospitalità: la sala delle feste dell'Hotel Hilton Milan
Milano,-,Come comete. Annunci e messaggi nella grafica della Triennale,06.1 Curatela,info:eu-repo/semantics/closedAccess,-,-,Storia del design della comunicazione; Triennale di Milano; grafica; Milano; anni trenta; anni quaranta; anni cinquanta; anni settanta; anni ottanta; anni novanta,http://hdl.handle.net/11311/242853,2004,06 CURATELA::06.1 Curatela,nazionale,-,ita,-,2,Casa Editrice Charta,"S. Annicchiarico;PIAZZA, MARIO",Come Comete. Annunci e messaggi nella grafica della Triennale
Roma,-,-,06.1 Curatela,none,-,-,-,http://hdl.handle.net/11311/242885,2006,06 CURATELA::06.1 Curatela,internazionale,-,-,-,2,Aracne Editrice,"ROSSI, MAURIZIO;SEASSARO, ALBERTO",La luce come strumento di progetto
Milano,-,-,06.1 Curatela,info:eu-repo/semantics/closedAccess,-,-,-,http://hdl.handle.net/11311/243592,2005,06 CURATELA::06.1 Curatela,nazionale,-,ita,-,2,Clup Ed.,"CRIPPA, DAVIDE;DI PRETE, BARBARA",Gesticolando. cenni sulla diversità
Milano,-,-,06.1 Curatela,none,-,-,-,http://hdl.handle.net/11311/244604,2004,06 CURATELA::06.1 Curatela,internazionale,-,-,-,2,Edizioni Poli.Design,"BERTOLA, PAOLA;MANZINI, EZIO",Design Multiverso. Appunti di Fenomenologia del Design
Milano,-,-,06.1 Curatela,none,-,-,-,http://hdl.handle.net/11311/246819,2007,06 CURATELA::06.1 Curatela,nazionale,-,ita,ITA,2,Libreria Clup,"P. Tamborrini;VEZZOLI, CARLO ARNALDO","Design per la sostenibilità. Strumenti e strategie per la decade ""Educazione per lo sviluppo sostenibile"" Nazioni Unite (2005-2014)"
Milano,-,design at work 2004,06.1 Curatela,none,-,-,-,http://hdl.handle.net/11311/247158,2004,06 CURATELA::06.1 Curatela,nazionale,-,ita;eng,ITA,1,Edizioni Poli.Design,"PALMIERI, STEFANIA",Design at work 2004
Milano,-,-,06.1 Curatela,none,-,-,-,http://hdl.handle.net/11311/250135,2004,06 CURATELA::06.1 Curatela,nazionale,-,-,-,2,Clup,"PIARDI, SILVIA ELVIRA MARIA;RATTI, ANDREA",Costruire imbarcazioni da diporto
Lissone,-,-,06.1 Curatela,none,-,-,-,http://hdl.handle.net/11311/250929,2007,06 CURATELA::06.1 Curatela,nazionale,-,-,-,2,Arti Grafiche Meroni,"L. Cavadini;DELL'ACQUA BELLAVITIS, ARTURO",Playing Design
Milano,-,-,06.1 Curatela,none,-,-,-,http://hdl.handle.net/11311/251057,2005,06 CURATELA::06.1 Curatela,nazionale,-,ita,-,1,Franco Angeli,"BUCCHETTI, VALERIA LUISA",Packaging design
Milano,-,-,06.1 Curatela,none,-,-,-,http://hdl.handle.net/11311/251168,2007,06 CURATELA::06.1 Curatela,nazionale,-,ita,-,1,Dativo Editore,"BUCCHETTI, VALERIA LUISA",Packaging controverso
Milano,-,-,06.1 Curatela,none,-,-,-,http://hdl.handle.net/11311/254410,2003,06 CURATELA::06.1 Curatela,nazionale,-,-,-,3,Edizioni Poli.Design,"DESERTI, ALESSANDRO;GALBIATI, MARIA LUISA;GALLI, FRANCESCO",DiLabb
Milano,-,-,06.1 Curatela,none,-,-,-,http://hdl.handle.net/11311/255146,2001,06 CURATELA::06.1 Curatela,internazionale,-,eng;ita,-,3,Edizioni Poli.Design,"CELASCHI, FLAVIANO;COLLINA, LUISA MARIA VIRGINIA;SIMONELLI, GIULIANO","Un progetto pilota.DxD-Design dor District, Progetti per un distretto, Prodotto, Comunicazione strategica"
Milano,-,-,06.1 Curatela,none,-,-,-,http://hdl.handle.net/11311/255226,2004,06 CURATELA::06.1 Curatela,nazionale,-,ita,ITA,1,Edizioni Poli.Design,"COLLINA, LUISA MARIA VIRGINIA",Il corpo delle cose
Milano,-,"Designing Designers: unbranded design for new youser expectations, in east and west",06.1 Curatela,none,-,-,Unbranded design,http://hdl.handle.net/11311/257240,2007,06 CURATELA::06.1 Curatela,internazionale,-,eng,ITA,2,Poli.Design,"COLLINA, LUISA MARIA VIRGINIA;SCULLICA, FRANCESCO",Designing Designers: Unbranded design for new user expectations
Milano,-,-,06.1 Curatela,none,-,-,-,http://hdl.handle.net/11311/258844,2007,06 CURATELA::06.1 Curatela,nazionale,-,-,-,2,Clup,"GALBIATI, MARIA LUISA;GALLI, FRANCESCO",Movie Design for Experience Project. Visual scenarios for Illy concept store
Milano,-,-,06.1 Curatela,none,-,-,Hospitality design; Ospitalità,http://hdl.handle.net/11311/261995,2005,06 CURATELA::06.1 Curatela,internazionale,-,eng,-,2,Edizioni Poli.Design,"COLLINA, LUISA MARIA VIRGINIA;SCULLICA, FRANCESCO","Designing Designers: Designing Hospitality- Visions, scenarios, systems, services, spaces and products"
Milano,-,-,06.1 Curatela,none,-,-,-,http://hdl.handle.net/11311/262254,2003,06 CURATELA::06.1 Curatela,nazionale,-,-,-,2,Libreria Clup,"PIARDI, SILVIA ELVIRA MARIA;RATTI, ANDREA",Progettare e costruire imbarcazioni da diporto
Milano,-,-,06.1 Curatela,none,-,-,Usabilità; User centred design; qualità d'uso,http://hdl.handle.net/11311/263492,2004,06 CURATELA::06.1 Curatela,nazionale,-,ita,-,2,Moretti&Vitali,"ANSELMI, LAURA;TOSI, FRANCESCA",L'usabilità dei prodotti industriali
Milano,-,-,06.1 Curatela,none,-,-,-,http://hdl.handle.net/11311/264497,2002,06 CURATELA::06.1 Curatela,internazionale,-,ita;eng,-,1,Silvana Editoriale,"INGARAMO, MATTEO ORESTE","Design for working places. Environment, energy, new technologies"
Milano,-,-,06.1 Curatela,none,-,-,-,http://hdl.handle.net/11311/264969,2003,06 CURATELA::06.1 Curatela,internazionale,-,-,-,2,Edizioni Poli.Design,"GALBIATI, MARIA LUISA;TERRANOVA, ANDREA",CimbalImage. Il movie design per la comunicazione d'impresa. Un progetto per il gruppo Cimbali-Faema
Milano,-,-,06.1 Curatela,none,-,-,-,http://hdl.handle.net/11311/266768,2005,06 CURATELA::06.1 Curatela,nazionale,-,-,-,2,Edizioni Poli.Design,"GALBIATI, MARIA LUISA;PIREDDA, FRANCESCA",ManteroMood. Moviedesign for the silk concepì store La Tessitura_Como
Milano,-,-,06.1 Curatela,none,-,-,-,http://hdl.handle.net/11311/267750,2002,06 CURATELA::06.1 Curatela,nazionale,-,-,-,1,Edizioni Poli.Design,"GALBIATI, MARIA LUISA",Movie Design per la comunicazione aziendale: Il Caso Mangiameli
Assen,-,-,06.1 Curatela,none,-,-,-,http://hdl.handle.net/11311/268961,2005,06 CURATELA::06.1 Curatela,internazionale,-,eng,NLD,3,Van Gorcum,"C. Van Halen;VEZZOLI, CARLO ARNALDO;R. Wimmer","Methodology for Product Service System. How to develop clean, clever and competitive strategies in companies"
Milano,-,-,06.1 Curatela,none,-,-,-,http://hdl.handle.net/11311/269198,2006,06 CURATELA::06.1 Curatela,nazionale,-,-,-,1,Politecnico di Milano,"COLORNI VITALE, ALBERTO","KIWI, Knowledge Interaction Web Instruction"
Roma,Comitato scientifico,-,06.1 Curatela,info:eu-repo/semantics/closedAccess,-,-,-,http://hdl.handle.net/11311/269762,2007,06 CURATELA::06.1 Curatela,nazionale,STAMPA,ita,ITA,3,Gangemi,"BLASI, CESARE;NEBULONI, ATTILIO;PADOVANO, GABRIELLA","Sole vento acqua vegetazione e tecnologie avanzate: matrici di un nuovo approccio progettuale al territorio, architettura e design strategico."
Milano,-,-,06.1 Curatela,info:eu-repo/semantics/closedAccess,-,-,-,http://hdl.handle.net/11311/269994,2007,06 CURATELA::06.1 Curatela,nazionale,-,ita,-,2,Poli.Design,"BERTOLA, PAOLA;CONTI, GIOVANNI MARIA",La Moda e il Design. Il trasferimento di conoscenza a servizio dell'innovazione
Milano,-,-,06.1 Curatela,none,-,-,-,http://hdl.handle.net/11311/270178,2001,06 CURATELA::06.1 Curatela,internazionale,-,eng;ita,-,2,Edizioni Poli.Design,"COLLINA, LUISA MARIA VIRGINIA;SIMONELLI, GIULIANO",The themes of designing designers 2001
Milano,-,-,06.1 Curatela,none,-,-,-,http://hdl.handle.net/11311/274057,2007,06 CURATELA::06.1 Curatela,nazionale,-,ita,-,1,Poli.Design,"BUCCHETTI, VALERIA LUISA",Culture visive
Milano,-,-,06.1 Curatela,none,-,-,-,http://hdl.handle.net/11311/274058,2007,06 CURATELA::06.1 Curatela,nazionale,-,ita,-,1,Poli.Design,"BUCCHETTI, VALERIA LUISA",Packaging: tra vista e tatto
Milano,-,-,06.1 Curatela,none,-,-,-,http://hdl.handle.net/11311/274162,2005,06 CURATELA::06.1 Curatela,nazionale,-,-,-,3,Edizioni Poli.Design,"CRESPI, LUCIANO;PICCINNO, GIOVANNA;REBAGLIO, AGNESE",Performance. Designing for a cultural challange
SCANDICCI,-,-,06.1 Curatela,none,-,-,-,http://hdl.handle.net/11311/504076,1999,06 CURATELA::06.1 Curatela,nazionale,-,ita,-,1,La Nuova Italia,"VOLONTE', PAOLO GAETANO",Max Weber. L'etica della responsabilità
MILANO,-,-,06.1 Curatela,none,-,-,-,http://hdl.handle.net/11311/504078,1997,06 CURATELA::06.1 Curatela,nazionale,-,ita,-,1,Rusconi,"VOLONTE', PAOLO GAETANO",Max Weber. La scienza come professione
MILANO,-,-,06.1 Curatela,none,-,-,-,http://hdl.handle.net/11311/504083,1995,06 CURATELA::06.1 Curatela,nazionale,-,ita,-,1,Vita e Pensiero,"VOLONTE', PAOLO GAETANO",Erich Przywara. Analogia entis
MILANO,-,-,06.1 Curatela,none,-,-,shopping; consumi.,http://hdl.handle.net/11311/504231,2009,06 CURATELA::06.1 Curatela,-,-,ita,ITA,1,Franco Angeli,"CAUTELA, CABIRIO",HELL PARADISE SHOPPING
MILANO,-,-,06.1 Curatela,none,-,-,design knowledge; interfacce,http://hdl.handle.net/11311/504754,2002,06 CURATELA::06.1 Curatela,-,-,ita;eng,ITA,2,POLIdesign,"CIUCCARELLI, PAOLO;INNOCENTI, PERLA",DesignNet. Knowledge e Information Management per il design
MILANO,-,-,06.1 Curatela,none,-,-,-,http://hdl.handle.net/11311/532240,2003,06 CURATELA::06.1 Curatela,-,-,ita,ITA,1,FrancoAngeli,"VOLONTE', PAOLO GAETANO",La creatività diffusa. Culture e mestieri della moda oggi
MILANO,-,-,06.1 Curatela,none,-,-,-,http://hdl.handle.net/11311/532241,2006,06 CURATELA::06.1 Curatela,-,-,ita,ITA,2,FrancoAngeli,"L. BOVONE;VOLONTE', PAOLO GAETANO",Comunicare le identità. Percorsi della soggettività nell'età contemporanea
BOLZANO,-,-,06.1 Curatela,none,-,-,-,http://hdl.handle.net/11311/532242,2008,06 CURATELA::06.1 Curatela,nazionale,-,ita;eng,ITA,2,Bozen-Bolzano University Press,"VOLONTE', PAOLO GAETANO;PEDRONI, MARCO LUCA",La creatività nelle professioni
MILANO,-,-,06.1 Curatela,none,-,-,-,http://hdl.handle.net/11311/532243,2008,06 CURATELA::06.1 Curatela,nazionale,-,ita,-,1,FrancoAngeli,"VOLONTE', PAOLO GAETANO",La creatività diffusa. Culture e mestieri della moda oggi
MILANO,-,-,06.1 Curatela,none,-,-,-,http://hdl.handle.net/11311/532244,2008,06 CURATELA::06.1 Curatela,nazionale,-,ita;ger,-,1,Bompiani,"VOLONTE', PAOLO GAETANO",Max Weber. La scienza come professione
MILANO,-,-,06.1 Curatela,none,-,-,-,http://hdl.handle.net/11311/532245,2004,06 CURATELA::06.1 Curatela,-,-,ita;ger,-,1,Bompiani,"VOLONTE', PAOLO GAETANO",Edmund Husserl. Fenomenologia e teoria della conoscenza
MILANO,-,-,06.1 Curatela,none,-,-,-,http://hdl.handle.net/11311/532273,2006,06 CURATELA::06.1 Curatela,internazionale,-,eng,ITA,3,Libreria Clup,"CRESPI, LUCIANO;PICCINNO, GIOVANNA;REBAGLIO, AGNESE",Books. The future of reading?
MILANO,-,-,06.1 Curatela,info:eu-repo/semantics/closedAccess,-,-,"Sustainability - Design Research
Social Innovation
Service Design",http://hdl.handle.net/11311/532286,2007,06 CURATELA::06.1 Curatela,internazionale,-,eng,ITA,1,Edizioni Polidesign,"MERONI, ANNA",Creative Communities. People inventing sustainable ways of living.
MILANO,-,-,06.1 Curatela,none,-,-,-,http://hdl.handle.net/11311/532294,2005,06 CURATELA::06.1 Curatela,nazionale,-,-,ITA,3,LibreriaClup,"PIARDI, SILVIA ELVIRA MARIA;RATTI, ANDREA;MAGGIULLI F.",Costruire imbarcazioni da diporto. Esperienze in cantiere
Roma,-,-,06.1 Curatela,none,-,-,-,http://hdl.handle.net/11311/532312,2006,06 CURATELA::06.1 Curatela,-,-,ita,-,1,Aracne,"FIGIANI, MAURIZIO",ergonomia e aspetti psicosociali - nuove competenze nella prevenzione dei rischi lavorativi
MILANO,-,-,06.1 Curatela,none,-,-,-,http://hdl.handle.net/11311/532316,2005,06 CURATELA::06.1 Curatela,nazionale,-,ita,ITA,4,CEA,"ROGNOLI, VALENTINA;PEDEFERRI, MARIAPIA;DEL CURTO, BARBARA;LEVI, MARINELLA",Materiali e Design
MELFI (PZ),-,-,06.1 Curatela,none,-,-,design per lo sviluppo locale; product design; communication design,http://hdl.handle.net/11311/532321,2002,06 CURATELA::06.1 Curatela,-,-,ita,ITA,3,Edizioni Libria,"V. CRISTALLO;A. MORONE;PARENTE, MARINA",Rinnovare la tradizione: il design per il comparto ceramico di Cerreto Sannita e San Lorenzello.
NAPOLI,-,-,06.1 Curatela,none,-,-,food design; ricerca-azione; design per lo sviluppo locale,http://hdl.handle.net/11311/532322,2003,06 CURATELA::06.1 Curatela,-,-,ita,ITA,4,edizioni CLEAN,"V. CRISTALLO;E. GUIDA;A. MORONE;PARENTE, MARINA",Design e sistema-prodotto alimentare. Un'esperienza territoriale di ricerca azione.
NAPOLI,-,-,06.1 Curatela,none,-,-,design per il territorio; design per i beni culturali; design per lo sviluppo locale,http://hdl.handle.net/11311/532323,2006,06 CURATELA::06.1 Curatela,-,-,ita,ITA,4,Clean,"V. CRISTALLO;E. GUIDA;A. MORONE;PARENTE, MARINA","Design, territorio e patrimonio culturale"
-,-,-,06.1 Curatela,info:eu-repo/semantics/closedAccess,-,-,design per i beni culturali,http://hdl.handle.net/11311/532324,2006,06 CURATELA::06.1 Curatela,nazionale,-,ita,ITA,3,Poli.design,"MAFFEI, STEFANO;PARENTE, MARINA;VILLARI, BEATRICE",Il design per la valorizzazione dei beni culturali. Le premesse fondative della ricerca d.Cult
MILANO,-,-,06.1 Curatela,none,-,-,-,http://hdl.handle.net/11311/532345,2003,06 CURATELA::06.1 Curatela,internazionale,-,-,ITA,2,poli.design,"COLLINA, LUISA MARIA VIRGINIA;SIMONELLI, GIULIANO",Designing Designers: Design for a local global world
-,-,-,06.1 Curatela,none,-,-,-,http://hdl.handle.net/11311/532346,2004,06 CURATELA::06.1 Curatela,internazionale,-,-,-,3,Cranfield University,"MANZINI, EZIO;COLLINA, LUISA MARIA VIRGINIA;STEVE EVANS",Solution oriented partnership. How to design industrialised sustainable solutions
MILANO,-,-,06.1 Curatela,none,-,-,-,http://hdl.handle.net/11311/532349,2006,06 CURATELA::06.1 Curatela,internazionale,-,ita,ITA,1,POLI.design,"ARQUILLA, VENANZIO",Design e Imprese Artigiane. Un modello per l'innovazione.
MILANO,-,-,06.1 Curatela,none,-,-,-,http://hdl.handle.net/11311/532352,2005,06 CURATELA::06.1 Curatela,internazionale,-,ita,ITA,3,POLI.design,"ARQUILLA, VENANZIO;VIGNATI, ARIANNA;SIMONELLI, GIULIANO","Design, imprese, distretti. Un approccio all'innovazione"
BERGAMO,-,-,06.1 Curatela,none,-,-,-,http://hdl.handle.net/11311/532384,1999,06 CURATELA::06.1 Curatela,nazionale,-,-,ITA,1,Moretti&Vitali,"ZINGALE, SALVATORE",Auditorium di Milano. Una casa per la musica
MILANO,-,-,06.1 Curatela,none,-,-,-,http://hdl.handle.net/11311/532385,2002,06 CURATELA::06.1 Curatela,-,-,-,ITA,3,M&B Publishing,"ZINGALE, SALVATORE;BONFANTINI M. A;S.T.O.C.C.H.I. G.",Almanacco Tikkun 2002-2003
BERGAMO,-,-,06.1 Curatela,none,-,-,-,http://hdl.handle.net/11311/532386,2003,06 CURATELA::06.1 Curatela,nazionale,-,-,ITA,1,Moretti&Vitali,"ZINGALE, SALVATORE",Un edificio per il terziario. La nuova sede ABB Italia a Sesto San Giovanni
BERGAMO,-,-,06.1 Curatela,none,-,-,-,http://hdl.handle.net/11311/532388,2005,06 CURATELA::06.1 Curatela,nazionale,-,-,ITA,1,Moretti Honegger,"ZINGALE, SALVATORE",La semiotica e le arti utili in undici dialoghi
MILANO,-,-,06.1 Curatela,none,-,-,-,http://hdl.handle.net/11311/532416,2008,06 CURATELA::06.1 Curatela,internazionale,-,eng;ita,ITA,2,Poli.design,"MAFFEI, STEFANO;BERTOLA, PAOLA","Design, Research, Maps. Prospettive della ricerca universitaria in design in Italia. 2003-2007"
MILANO,-,-,06.1 Curatela,none,-,-,-,http://hdl.handle.net/11311/532418,2006,06 CURATELA::06.1 Curatela,nazionale,-,ita,ITA,3,Motta,"MAFFEI, STEFANO;PARINI B;ARQUILLA, VENANZIO",Living room design
MILANO,-,-,06.1 Curatela,none,-,-,-,http://hdl.handle.net/11311/532420,2002,06 CURATELA::06.1 Curatela,internazionale,-,ita,ITA,2,Il Sole 24 Ore Edizioni,"MAFFEI, STEFANO;SIMONELLI, GIULIANO",I territori del design. Made in Italy e Sistemi Produttivi Locali
ROMA,-,-,06.1 Curatela,none,-,-,-,http://hdl.handle.net/11311/532437,2005,06 CURATELA::06.1 Curatela,nazionale,-,ita,ITA,2,Aracne Editrice,"CANINA, MARIA RITA;VICENTINI, FEDERICO",Il progetto in Biodesign. La costruzione di un percorso
MILANO,-,-,06.1 Curatela,none,-,-,-,http://hdl.handle.net/11311/532511,2003,06 CURATELA::06.1 Curatela,nazionale,-,ita,ITA,1,Polidesign,"BERTOLA, PAOLA",Ricerca design e sperimentazione per l’innovazione di prodotto nel settore dell’accessorio moda: il caso Mangiameli
MILANO,-,-,06.1 Curatela,none,-,-,-,http://hdl.handle.net/11311/532513,2006,06 CURATELA::06.1 Curatela,nazionale,-,ita,ITA,2,Polidesign,"BERTOLA, PAOLA;CONTI, GIOVANNI MARIA",Moda e Design. Cross fertilization per l'innovazione
-,-,-,06.1 Curatela,none,-,-,-,http://hdl.handle.net/11311/532533,2004,06 CURATELA::06.1 Curatela,internazionale,-,ita,-,2,-,"SIMONELLI, GIULIANO;BARONI D.",Progetto giovane
-,-,-,06.1 Curatela,none,-,-,-,http://hdl.handle.net/11311/532543,2005,06 CURATELA::06.1 Curatela,nazionale,-,-,-,1,-,"COLORNI VITALE, ALBERTO","KIWI, Knowledge Interaction Web Instruction"
MILANO,-,-,06.1 Curatela,none,-,-,-,http://hdl.handle.net/11311/532575,2005,06 CURATELA::06.1 Curatela,nazionale,-,ita,ITA,3,Clup,"PIARDI, SILVIA ELVIRA MARIA;RATTI, ANDREA;F. MAGGIULLI",Costruire imbarcazioni da diporto - Esperienze in cantiere
MILANO,-,-,06.1 Curatela,none,-,-,-,http://hdl.handle.net/11311/532576,2003,06 CURATELA::06.1 Curatela,nazionale,-,ita,ITA,2,Clup,"RATTI, ANDREA;PIARDI, SILVIA ELVIRA MARIA",Progettare e costruire imbarcazioni da diporto
MILANO,-,-,06.1 Curatela,info:eu-repo/semantics/closedAccess,-,-,-,http://hdl.handle.net/11311/532644,1997,06 CURATELA::06.1 Curatela,-,-,-,ITA,2,edizioni Bruno Mondadori,"BARBARA, ANNA;RODRIQUEZ C.","L’architettura moderna del Novecento (Modern Architecture since 1900),"
MILANO,-,-,06.1 Curatela,none,-,-,-,http://hdl.handle.net/11311/532706,2004,06 CURATELA::06.1 Curatela,nazionale,-,ita,ITA,1,FrancoAngeli,"BUCCHETTI, VALERIA LUISA",Design della comunicazione ed esperienze di acquisto
MILANO,-,-,06.1 Curatela,none,-,-,-,http://hdl.handle.net/11311/532707,2005,06 CURATELA::06.1 Curatela,nazionale,-,ita,-,2,Silvia Editrice,"BUCCHETTI, VALERIA LUISA;MINOGGIO, MAURIZIO",La coda della Q. 50 marchi per la Fondazione Quarta
ROMA,-,-,06.1 Curatela,none,-,-,-,http://hdl.handle.net/11311/532713,2007,06 CURATELA::06.1 Curatela,-,-,ita;eng,ITA,5,Gangemi,"G. PADOVANO;C. BLASI;NEBULONI, ATTILIO;I. ANASTASIO;V. ARRIGONI","Abitare la complessità: Branson Coates, Coop Himmelblau, Daniel Libeskind, M&M, Mecanoo, Naga Studio, NL Architects, ODBC, R&Sie, RUR, SMAQ architects, Tomorrow, UNStudio. Serie: Complessità e Sostenibilità: il territorio e l'architettura - Rivista bimestrale digitale di pianificazione e progettazione, n° 01"
ROMA,-,-,06.1 Curatela,none,-,-,-,http://hdl.handle.net/11311/532714,2007,06 CURATELA::06.1 Curatela,-,-,ita;eng,ITA,5,Gangemi,"G. PADOVANO;C. BLASI;NEBULONI, ATTILIO;I. ANASTASIO;V. ARRIGONI","Architetture sostenibili: Behnisch & Partner, Mario Cucinella, FOA, Zaha Hadid, LAB Architecture, Manfredi Nicoletti, ODBC, Petzinka-Pink, R&Sie, Samyn and Partners, Synthesis & Research. Serie: Complessità e Sostenibilità: il territorio e l'architettura - Rivista bimestrale digitale di pianificazione e progettazione, n° 02"
ROMA,-,-,06.1 Curatela,none,-,-,-,http://hdl.handle.net/11311/532715,2007,06 CURATELA::06.1 Curatela,-,-,eng;ita,ITA,5,Gangemi,"G. PADOVANO;C. BLASI;NEBULONI, ATTILIO;I. ANASTASIO;V. ARRIGONI","Europa, Oceania e Far-East: strategie di pianificazione per i territori. Testi di G. Padovano, J. Peyrony, L. Porsche, K. Serranos, E. Gianniris, M. Zifou, M. Carta, D. Ronsivalle, F. Vescovi, M. Vliet, J. Goedman, C. Anderton, D. Ciesielska, M. Lasocki, D. Blaganje, M. Benabent, P. McFarland, M. Gunder, R. Lizhi, X. Fei, Y. Jing, K. Moriyasu, Y. Pandya, R. Nair, L. Meng, K. Ong, K. Peng. Serie: Complessità e Sostenibilità: il territorio e l'architettura - Rivista bimestrale digitale di pianificazione e progettazione, n° 03-04"
-,-,-,06.1 Curatela,none,-,-,-,http://hdl.handle.net/11311/532726,2008,06 CURATELA::06.1 Curatela,-,-,ita,ITA,1,McGraw Hill,"RAMPINO, LUCIA ROSA ELENA",L'impresa di successo. Il Design e la competitività
MILANO,-,Progetto processo prodotto. variabili di innovazione,06.1 Curatela,none,-,-,-,http://hdl.handle.net/11311/532728,1998,06 CURATELA::06.1 Curatela,nazionale,-,ita,ITA,2,Guerini,"PENATI, ANTONELLA VALERIA;SEASSARO A.","Progetto, processo, prodotto. Variabili di innovazione"
-,-,-,06.1 Curatela,none,-,-,design; local development; territorial and cultural asset,http://hdl.handle.net/11311/532729,2009,06 CURATELA::06.1 Curatela,internazionale,-,eng;ita,-,2,Editrice Compositori,"LUPO, ELEONORA;C. Campagnaro",Designing Connected places
SHEFFIELD,-,-,06.1 Curatela,none,-,-,-,http://hdl.handle.net/11311/532782,2008,06 CURATELA::06.1 Curatela,internazionale,-,eng,GBR,5,Greenleaf Publishing,"VEZZOLI, CARLO ARNALDO;A. TUKKER;M. CHARTER;E. STØ;M. M. ANDERSEN",System Innovation for Sustainability 1. Perspectives on Radical Changes to Sustainable Consumption and Production
MILANO,-,-,06.1 Curatela,info:eu-repo/semantics/closedAccess,-,-,-,http://hdl.handle.net/11311/532787,2008,06 CURATELA::06.1 Curatela,-,-,ita,ITA,2,FrancoAngeli,"PIZZOCARO, SILVIA LUISA;FIGIANI, MAURIZIO",Argomenti di ergonomia. Un glossario. Vol. I
NAPOLI,-,-,06.1 Curatela,none,-,-,-,http://hdl.handle.net/11311/532856,2000,06 CURATELA::06.1 Curatela,nazionale,-,-,ITA,1,Soprintendenza archeologica di Pompei,"RICCO', DINA","12 Progetti per Pompei. Un sistema d'identità visiva per la Soprintendenza archeologica, Catalogo della mostra, Napoli - Palazzo Reale 10-28 nov., Soprintendenza archeologica di Pompei,"
FIRENZE,-,-,06.1 Curatela,info:eu-repo/semantics/closedAccess,-,-,materiali; design; ricerca sui materiali; sperimentazione progettuale; innovazione,http://hdl.handle.net/11311/544080,2009,06 CURATELA::06.1 Curatela,internazionale,-,ita,ITA,2,Alinea,"FERRARA, MARIA RITA;S. LUCIBELLO",Design Follows Materials
Beijing,-,-,06.1 Curatela,none,-,-,Housing; interior design; new scenarios,http://hdl.handle.net/11311/545230,2008,06 CURATELA::06.1 Curatela,-,-,chi;eng,CHN,3,China Water Power Press,"PIARDI, SILVIA ELVIRA MARIA;MANFREDINI, MANFREDO;BOSONI, GIAMPIERO",Housing in Europe and in China
Roma,-,-,06.1 Curatela,none,-,-,-,http://hdl.handle.net/11311/546441,2009,06 CURATELA::06.1 Curatela,-,-,eng;ita,ITA,5,Gangemi,"PADOVANO G;BLASI C;NEBULONI, ATTILIO;ANASTASIO I;ARRIGONI V.","Master in Territorio e Architettura Sostenibili: Seminari Internazionali e progetti dei gruppi di ricerca. Serie: Complessità e Sostenibilità: il territorio e l'architettura - Rivista bimestrale digitale di pianificazione e progettazione, n° 10"
Milano,-,-,06.1 Curatela,none,-,-,-,http://hdl.handle.net/11311/547653,2008,06 CURATELA::06.1 Curatela,-,-,eng,ITA,4,Franco Angeli Editore,"BASSO PERESSUT, GIAN LUCA;FORINO, IMMACOLATA CONCEZIONE;POSTIGLIONE, GENNARO;SCULLICA, FRANCESCO","Place and Themes of Interiors, Contemporary Research Studies"
Sant’Arcangelo di Romagna (Rimini),-,-,06.1 Curatela,none,-,-,-,http://hdl.handle.net/11311/547668,2008,06 CURATELA::06.1 Curatela,-,-,eng;ita,ITA,2,Maggioli Editore,"FASSI, DAVIDE;SCULLICA, FRANCESCO",The Hospitable city
Milano,-,-,06.1 Curatela,none,-,-,-,http://hdl.handle.net/11311/547790,2003,06 CURATELA::06.1 Curatela,-,-,ita,ITA,2,Poli.design,"CASTELLI, ANTONELLA;VILLARI, BEATRICE",STAR | Sistema Topologico Argomentativo della Ricerca | Costruire l’organizzazione della conoscenza |Il caso ME.Design
Milano,-,-,06.1 Curatela,none,-,-,biography of the objects; cultural production; cultural consumption,http://hdl.handle.net/11311/547903,2009,06 CURATELA::06.1 Curatela,-,-,ita,ITA,4,Bruno Mondadori,"A. Burtscher;D. Lupo;A. Mattozzi;VOLONTE', PAOLO GAETANO",Biografie di oggetti | Storie di cose
-,-,-,06.1 Curatela,info:eu-repo/semantics/closedAccess,-,-,-,http://hdl.handle.net/11311/548046,2007,06 CURATELA::06.1 Curatela,-,-,ita,-,2,Edizioni POLI.design,"BERTOLA, PAOLA;COLOMBI, CHIARA",Ricerca e design per il prodotto moda
Cinisello Balsamo (MI),-,-,06.1 Curatela,none,-,-,-,http://hdl.handle.net/11311/549670,2008,06 CURATELA::06.1 Curatela,-,-,ita,ITA,2,Silvana Editoriale,"FINESSI, GIUSEPPE;M. Meneguzzo",Bruno Munari
Rimini,-,-,06.1 Curatela,info:eu-repo/semantics/closedAccess,-,-,Marketing territoriale; valorizzazione beni culturali; distretti culturali; brand territoriale,http://hdl.handle.net/11311/549834,2008,06 CURATELA::06.1 Curatela,-,-,ita,ITA,3,Maggioli Editore,"CASONI, GIORGIO;FANZINI, DANIELE;TROCCHIANESI, RAFFAELLA",Progetti per lo sviluppo del territorio. Marketing strategico dell'Oltrepò Mantovano
-,-,-,06.1 Curatela,none,-,-,-,http://hdl.handle.net/11311/550371,2008,06 CURATELA::06.1 Curatela,-,-,ita,-,3,POLIdesign,"COLLINA, LUISA MARIA VIRGINIA;MANCIARACINA, ANDREA GIUSEPPE;TOLINO, UMBERTO",Brand reset. Il caso Framesi
Milano,-,-,06.1 Curatela,none,-,-,-,http://hdl.handle.net/11311/551602,2007,06 CURATELA::06.1 Curatela,internazionale,-,-,-,2,Electa,"M. Fiorio;MARANI, PIETRO",Leonardo. Dagli studi di proporzioni al Trattato della Pittura
Milano,-,-,06.1 Curatela,info:eu-repo/semantics/closedAccess,-,-,-,http://hdl.handle.net/11311/551625,2007,06 CURATELA::06.1 Curatela,-,-,ita;spa;eng,-,2,Poli.Design,"M. De Cordoba;RICCO', DINA",MuVi. Video and moving image on synesthesia and visual music
Milano,-,-,06.1 Curatela,none,-,-,-,http://hdl.handle.net/11311/551626,2007,06 CURATELA::06.1 Curatela,nazionale,-,ita,-,2,Poli.Design,"BERTOLA, PAOLA;MAFFEI, STEFANO",Fashion Plus. Un'azione di valorizzazione guidata dal design per le PMI del territorio regionale e miliano
MILANO,-,-,06.1 Curatela,none,-,-,-,http://hdl.handle.net/11311/551633,2007,06 CURATELA::06.1 Curatela,internazionale,-,-,ITA,3,Libreria Clup,"CRESPI, LUCIANO;PICCINNO, GIOVANNA;REBAGLIO A.",The new generation. The design role in the new generation world
Milano,-,-,06.1 Curatela,none,-,-,-,http://hdl.handle.net/11311/552831,2006,06 CURATELA::06.1 Curatela,nazionale,-,-,-,1,Franco Angeli,"GUERRINI, LUCA",Design degli interni
Milano,-,-,06.1 Curatela,none,-,-,-,http://hdl.handle.net/11311/552839,2006,06 CURATELA::06.1 Curatela,internazionale,-,-,-,3,Clup,"CRESPI, LUCIANO;PICCINNO, GIOVANNA;REBAGLIO, AGNESE",Books. The future of reading?
Bergamo,-,-,06.1 Curatela,none,-,-,-,http://hdl.handle.net/11311/552855,2006,06 CURATELA::06.1 Curatela,nazionale,-,-,-,2,Moretti Honegger,"ZINGALE, SALVATORE;BONFANTINI M. A.",L’inventiva. Psòmega vent’anni dopo
Arles Cedex,-,-,06.1 Curatela,none,-,-,-,http://hdl.handle.net/11311/552861,2006,06 CURATELA::06.1 Curatela,internazionale,-,-,-,3,Actes Sud,"ARQUILLA, VENANZIO;MAFFEI, STEFANO;B. Parini",Salons
Ferrara,-,-,06.1 Curatela,none,-,-,-,http://hdl.handle.net/11311/552867,2006,06 CURATELA::06.1 Curatela,nazionale,-,-,-,2,MusArc,"GUERRINI, LUCA;VENTURA, NICOLA",Premio Biagio Rossetti 2005
Milano,-,-,06.1 Curatela,none,-,-,-,http://hdl.handle.net/11311/552868,2006,06 CURATELA::06.1 Curatela,nazionale,-,-,-,3,Virus Edizioni,"BOSONI, GIAMPIERO;MANFREDINI, MANFREDO;PIARDI, SILVIA ELVIRA MARIA",Advanced Living Scenarios. Contemporary Trends in European Housing
Milano,-,-,06.1 Curatela,none,-,-,-,http://hdl.handle.net/11311/552960,2006,06 CURATELA::06.1 Curatela,nazionale,-,-,-,3,Federico Motta Editore,"ARQUILLA, VENANZIO;MAFFEI, STEFANO;B. Parini",Salotti d'autore
Roma,-,-,06.1 Curatela,none,-,-,-,http://hdl.handle.net/11311/553865,2005,06 CURATELA::06.1 Curatela,nazionale,-,-,-,1,Aracne,"INGARAMO, MATTEO ORESTE","Hard Design. Il Product Design oggi, tra innovazione e creatività"
Milano,-,-,06.1 Curatela,info:eu-repo/semantics/closedAccess,-,-,-,http://hdl.handle.net/11311/554612,2004,06 CURATELA::06.1 Curatela,nazionale,-,ita,ITA,1,Edizioni POLI.Design,"RAMPINO, LUCIA ROSA ELENA","Sapere, immaginare, fare: il design d’innovazione per l’elettrodomestico. Formazione post-lauream per il design dei prodotti a media complessità"
Vimercate (MI),-,-,06.1 Curatela,none,-,-,-,http://hdl.handle.net/11311/554653,2004,06 CURATELA::06.1 Curatela,nazionale,-,-,-,1,La rivista del colore,"INGARAMO, MATTEO ORESTE",Design e finitura dei compositi derivati dal legno
Milano,-,-,06.1 Curatela,none,-,-,-,http://hdl.handle.net/11311/557131,2002,06 CURATELA::06.1 Curatela,internazionale,-,-,-,3,Il Sole 24 Ore,"BERTOLA, PAOLA;SANGIORGI, DANIELA;SIMONELLI, GIULIANO","Milano distretto del Design: un sistema di luoghi, attori e relazioni al servizio dell’innovazione"
Napoli,-,-,06.1 Curatela,none,-,-,-,http://hdl.handle.net/11311/557135,2002,06 CURATELA::06.1 Curatela,nazionale,-,ita,-,2,Esselibri,"PIARDI, SILVIA ELVIRA MARIA;SCUDO, GIOVANNI",Edilizia sostenibile: 44 progetti dimostrativi
Milano,-,-,06.1 Curatela,none,-,-,Design research,http://hdl.handle.net/11311/558159,2000,06 CURATELA::06.1 Curatela,internazionale,-,eng,-,3,-,"PIZZOCARO, SILVIA LUISA;A. Arruda;D. De Moraes",Design Plus Research: proceedings of the Politecnico di Milano conference
Milano,-,Didattica&Design,06.1 Curatela,none,-,-,-,http://hdl.handle.net/11311/558164,2000,06 CURATELA::06.1 Curatela,internazionale,-,ita,-,2,Poli.Design,"PENATI, ANTONELLA VALERIA;SEASSARO, ALBERTO",Didattica&design. Processi e prodotti formativi nell'università che cambia
Milano,-,-,06.1 Curatela,none,-,-,-,http://hdl.handle.net/11311/558165,2000,06 CURATELA::06.1 Curatela,internazionale,-,-,-,2,Poli.Design,"MAFFEI, STEFANO;SIMONELLI, GIULIANO",Il design per i Distretti industriali
Como,-,-,06.1 Curatela,info:eu-repo/semantics/closedAccess,-,-,design; didattica; ricerca; sistemi produttivi locali; distretti industriali; formazione; legno arredo; tessile; disegno industriale; creatività; innovazione,http://hdl.handle.net/11311/561410,2009,06 CURATELA::06.1 Curatela,-,-,ita,ITA,1,NEW PRESS EDIZIONI,"DE PAOLIS, ROBERTO",Design a Como. L'impatto del sistema design politecnico nel distretto comasco
Milano,-,-,06.1 Curatela,none,-,-,-,http://hdl.handle.net/11311/561513,2001,06 CURATELA::06.1 Curatela,-,-,ita,-,3,Edizioni POLI.design,"D. Moretti;J. Pallabazzer;REBAGLIO, AGNESE",MDM. Museo design Milano: il museo in rete per la rete dei musei
Bologna,-,-,06.1 Curatela,none,-,-,Design; Lighting; Products,http://hdl.handle.net/11311/561522,2009,06 CURATELA::06.1 Curatela,-,-,eng,ITA,1,Maggioli,"ROSSI, MAURIZIO",Designing Designers: Where Does Light Move To? Lighting Design Innovation Scenarios.
Milano,-,-,06.1 Curatela,none,-,-,-,http://hdl.handle.net/11311/561919,2007,06 CURATELA::06.1 Curatela,-,-,eng;ita,-,3,Libreria Clup,"CRESPI, LUCIANO;PICCINNO, GIOVANNA;REBAGLIO, AGNESE",The new generation: the design role in the new generation world
Milano,-,-,06.1 Curatela,none,-,-,Archivi di architettura e design; disegno di progetto; catalogazione; Luciano Baldessari; architettura italiana XX secolo; futurismo; razionalismo; Milano; Rovereto,http://hdl.handle.net/11311/562603,1997,06 CURATELA::06.1 Curatela,-,-,ita,-,1,Guerini,"CIAGA', GRAZIELLA LEYLA",Luciano Baldessari nelle carte del suo archivio
Milano,-,-,06.1 Curatela,none,-,-,-,http://hdl.handle.net/11311/562688,2009,06 CURATELA::06.1 Curatela,-,-,ita,ITA,2,edizioni Poli.design,"PARENTE, MARINA;LUPO, ELEONORA",Il Sistema Design Italia per la valorizzazione dei beni culturali
Rimini,-,-,06.1 Curatela,none,-,-,Design e Ricerca; Innovazione; Nuovo Made in Italy; PhD Design; Design,http://hdl.handle.net/11311/562762,2009,06 CURATELA::06.1 Curatela,-,-,ita,ITA,2,Maggioli,"BERTOLA, PAOLA;MAFFEI, STEFANO",Design Research Maps. Prospettive della ricerca universitaria in design in Italia
MILANO,-,-,06.1 Curatela,none,-,-,-,http://hdl.handle.net/11311/563132,2004,06 CURATELA::06.1 Curatela,-,-,ita,ITA,1,Apogeo,"RIZZO, FRANCESCA",Interaction Design
SANTARCANGELO DI ROMAGNA (RN),-,-,06.1 Curatela,none,-,-,DESIGN; PMI; CONTINUITA' COMPETITIVA; PASSAGGIO GENERAZIONALE; STRATEGIA; SCENARI; NUOVO MADE IN ITALY; TRAIETTORIE DI INNOVAZIONE,http://hdl.handle.net/11311/563222,2009,06 CURATELA::06.1 Curatela,-,-,ita,-,1,MAGGIOLI EDITORE,"VIGNATI, ARIANNA",DESIGN E CONTINUITA' COMPETITIVA. Creatività e strategia per affrontare il passaggio generazionale
Milano,-,-,06.1 Curatela,none,-,-,-,http://hdl.handle.net/11311/563379,2010,06 CURATELA::06.1 Curatela,-,-,ita,-,1,FrancoAngeli,"CANINA, MARIA RITA",IndossaME. Il design e le tecnologie indossabili
Firenze,Comitato scientifico,-,06.1 Curatela,none,-,-,-,http://hdl.handle.net/11311/563400,2009,06 CURATELA::06.1 Curatela,-,-,ita,ITA,2,Alinea Edizioni,"VEZZOLI, CARLO ARNALDO;Veneziano R.",Pratiche sostenibili. Itinerari del design nella ricerca italiana
Roma,-,-,06.1 Curatela,none,-,-,-,http://hdl.handle.net/11311/563448,2009,06 CURATELA::06.1 Curatela,-,-,ita;eng,ITA,2,Designpress,"A. Can Ozcan;FERRARA, MARIA RITA",Another Med_Another Design
Milano,-,-,06.1 Curatela,none,-,-,-,http://hdl.handle.net/11311/563652,2009,06 CURATELA::06.1 Curatela,-,-,eng;ita,-,3,Maggioli,"FASSI, DAVIDE;GIUNTA, ELENA ENRICA;REBAGLIO, AGNESE",Sustainable mobility
Milano,"Sì, ma tipo non specificato",-,06.1 Curatela,info:eu-repo/semantics/closedAccess,Didattica del disegno; Disegno; Design; Dipartimento INDACO; Corsi di Studio; Facoltà del Design; Università.,-,-,http://hdl.handle.net/11311/563656,2009,06 CURATELA::06.1 Curatela,-,STAMPA,ita,ITA,8,Maggioli,"AMORUSO, GIUSEPPE;BISTAGNINO, ENRICA;BREVI, FAUSTO;CECONELLO, MAURO ATTILIO;COCCHIARELLA, LUIGI;GUIDI, GABRIELE;PIERLUISI, GABRIELE;ROSSI, MICHELA",La didattica del disegno nei corsi di laurea in design. Giornata di studio. 27 maggio 2009.
Milano,-,-,06.1 Curatela,none,-,-,-,http://hdl.handle.net/11311/563672,2009,06 CURATELA::06.1 Curatela,-,-,ita,ITA,1,Polipress - Politecnico di Milano,"GALBIATI, MARIA LUISA",AD HONOREM
Milano,-,-,06.1 Curatela,none,-,-,arte ambientale; parchi di scultura; arte e bambini; arte e paesaggio,http://hdl.handle.net/11311/563711,2009,06 CURATELA::06.1 Curatela,-,-,ita,ITA,1,Chartusia,"MAZZANTI, ANNA",Giardino comanda color
-,-,-,06.1 Curatela,none,-,-,-,http://hdl.handle.net/11311/563723,2009,06 CURATELA::06.1 Curatela,-,-,ita,-,4,Grafiche Sigem srl,"MANZINI, EZIO;PILLAN, MARGHERITA;BUGANZA, TOMMASO;G. Ferri;BIANCHINI, MASSIMO","Mobili e Collaborativi. Telefoni mobili, servizi digitali, e dinamizzazione socioculturale."
Milano,-,-,06.1 Curatela,none,-,-,-,http://hdl.handle.net/11311/563857,2009,06 CURATELA::06.1 Curatela,-,-,eng,-,2,edizioni Polidesign,"SCULLICA, FRANCESCO;SCHOONBRODT, ANNE HUBERT EUGENIE",Designing Designers: Office and  Workplaces for Knowledge workers
Milano,-,-,06.1 Curatela,none,-,-,-,http://hdl.handle.net/11311/564066,2009,06 CURATELA::06.1 Curatela,-,-,ita;eng,-,2,Edizioni POLI.design,"COLLINA, LUISA MARIA VIRGINIA;L. Pollini",Opening Soon
Milano,-,-,06.1 Curatela,none,-,-,Design; Significati; Funzione; Linguaggi; Industria giapponese.,http://hdl.handle.net/11311/564075,1990,06 CURATELA::06.1 Curatela,-,-,ita,ITA,3,Franco Angeli,"L. Migliore;PICCINNO, GIOVANNA;M. Servetto",Nuove vie del design in Giappone.
Milano - Ginevra,-,-,06.1 Curatela,none,-,-,Design; italian design; furniture design; Gio Ponti; transatlantici; Carlo De Carli; Vico Magistretti; Gianfranco Frattini; Ico Parisi; Mario Bellini; Gaetano Pesce; Philippe Starck; Paolo Deganello..,http://hdl.handle.net/11311/564221,2009,06 CURATELA::06.1 Curatela,-,-,fra,ITA,1,Skira editore,"BOSONI, GIAMPIERO",Made in Cassina (ed. fr.)
Milano,-,-,06.1 Curatela,none,-,-,-,http://hdl.handle.net/11311/564563,2009,06 CURATELA::06.1 Curatela,-,-,ita,-,4,AIAP,"GUIDA, FRANCESCO ERMANNO;G. CHIA;L. ROSCINI;M. SIGNORILE","Nullaosta. Grafica, confini, relazioni"
Mantova,-,-,06.1 Curatela,none,-,-,-,http://hdl.handle.net/11311/568386,2009,06 CURATELA::06.1 Curatela,-,-,ita;eng,-,1,Corraini,"FINESSI, GIUSEPPE",Mendini
Mantova,-,-,06.1 Curatela,info:eu-repo/semantics/closedAccess,-,-,-,http://hdl.handle.net/11311/568390,2009,06 CURATELA::06.1 Curatela,-,-,ita;eng,-,1,Corraini,"FINESSI, GIUSEPPE",Angelo Mangiarotti. Scolpire/Costruire
Napoli,-,-,06.1 Curatela,none,-,-,-,http://hdl.handle.net/11311/568593,2002,06 CURATELA::06.1 Curatela,nazionale,-,-,-,1,Soprintendenza archeologica di Pompei,"RICCO', DINA",Il design della comunicazione. L'esperienza della Soprintendenza archeologica di Pompei
Milano,-,-,06.1 Curatela,info:eu-repo/semantics/closedAccess,-,-,-,http://hdl.handle.net/11311/570243,2003,06 CURATELA::06.1 Curatela,internazionale,-,eng,ITA,1,CHARTA,"BARBARA, ANNA",Acqua-da-bere
-,-,-,06.1 Curatela,none,-,-,-,http://hdl.handle.net/11311/570619,1992,06 CURATELA::06.1 Curatela,nazionale,-,ita,ITA,1,Il Mulino,"PONTI, MARCO GUIDO",I trasporti e l'industria
-,Comitato scientifico,-,06.1 Curatela,info:eu-repo/semantics/closedAccess,-,-,Service Design; Design for Services; Design for Sustainability; Strategic Design; Product Service System Design,http://hdl.handle.net/11311/572638,2011,06 CURATELA::06.1 Curatela,-,-,eng,GBR,2,Gower Publishing Limited,"MERONI, ANNA;SANGIORGI, DANIELA",Design for Services
Milano,-,-,06.1 Curatela,info:eu-repo/semantics/closedAccess,-,-,Studi sull'utente; Studi di ergonomia; Design antropo-centrico,http://hdl.handle.net/11311/573359,2010,06 CURATELA::06.1 Curatela,-,-,ita,ITA,2,FrancoAngeli,"PIZZOCARO, SILVIA LUISA;FIGIANI, MAURIZIO",Argomenti di ergonomia. Un glossario (Vol. 2)
Milano,-,-,06.1 Curatela,info:eu-repo/semantics/closedAccess,-,-,-,http://hdl.handle.net/11311/574067,2010,06 CURATELA::06.1 Curatela,-,-,ita,ITA,1,Mc. Graw Hill,"CELI, MANUELA","AdvanceDesign. Visioni, percorsi e strumenti per predisporsi all'innovazione continua."
Sant'Arcangelo di Romagna (RN),-,-,06.1 Curatela,info:eu-repo/semantics/closedAccess,-,-,-,http://hdl.handle.net/11311/574885,2010,06 CURATELA::06.1 Curatela,-,-,ita,ITA,2,Maggioli Editore,"BERTOLA, PAOLA;COLOMBI, CHIARA",MetaModa. Percorsi di ricerca per il design del prodotto moda
Milano,-,-,06.1 Curatela,info:eu-repo/semantics/closedAccess,-,-,Design Research,http://hdl.handle.net/11311/574951,2010,06 CURATELA::06.1 Curatela,-,-,eng,ITA,1,Franco Angeli,"GUERRINI, LUCA",Notes on Doctoral Research in Design. Contributions from the Politecnico di Milano
Novara,-,-,06.1 Curatela,none,-,-,Leonardo da Vinci; disegni; tecnologia; architettura; macchine,http://hdl.handle.net/11311/575286,2010,06 CURATELA::06.1 Curatela,-,-,eng;ita,ITA,2,De Agostini,"MARANI, PIETRO;CORDERA, PAOLA",Codex Atlanticus. Macchine per l'architettura e il territorio. Disegni di Leonardo dal Codice Atlantico
Cinisello Balsamo-Milano,-,-,06.1 Curatela,none,-,-,Leonardo; dipinti; Ambrosiana; musica,http://hdl.handle.net/11311/575288,2010,06 CURATELA::06.1 Curatela,-,-,ita,ITA,1,Silvana Editoriale-Amilcare Pizzi,"MARANI, PIETRO",Leonardo da Vinci. Il Musico
Milano,-,-,06.1 Curatela,info:eu-repo/semantics/closedAccess,-,-,Design della comunicazione; progetto grafico; identità visiva; editoria.,http://hdl.handle.net/11311/576680,2011,06 CURATELA::06.1 Curatela,-,-,ita;eng,ITA,2,Aiap Edizioni,"GUIDA, FRANCESCO ERMANNO;FERRARA, CINZIA","On the road. Bob Noorda, il grafico del viaggio (titolo inglese ""On the road. Bob Noorda: travelling with a graphic designer"")."
Sheffield,Esperti anonimi,-,06.1 Curatela,info:eu-repo/semantics/closedAccess,-,-,-,http://hdl.handle.net/11311/578005,2010,06 CURATELA::06.1 Curatela,-,-,eng,GBR,3,Greenleaf Publishing,"CESCHIN, FABRIZIO;VEZZOLI, CARLO ARNALDO;J. Zhang","Sustainability in design: now! Challenges and opportunities for design research, education and practice in the XXI century."
-,-,-,06.1 Curatela,info:eu-repo/semantics/closedAccess,-,-,-,http://hdl.handle.net/11311/578301,2010,06 CURATELA::06.1 Curatela,-,-,ita,-,1,Maggioli,"ROSSI, MAURIZIO",Colore e colorimetria contributi multidisciplinari Vol VI
Milano,-,-,06.1 Curatela,none,-,-,-,http://hdl.handle.net/11311/578522,2010,06 CURATELA::06.1 Curatela,-,-,eng,ITA,1,IDC Colour Centre,"BOERI, CRISTINA",Colore. quaderni di cultura e progetto del colore / notes on colour culture and design
Milano,-,-,06.1 Curatela,none,-,-,-,http://hdl.handle.net/11311/579241,2010,06 CURATELA::06.1 Curatela,-,-,ita;eng,ITA,2,Edizioni Dativo,"BUCCHETTI, VALERIA LUISA;CIRAVEGNA, ERIK",Innovazione nel packaging design. Riflessioni e strumenti.
-,-,-,06.1 Curatela,info:eu-repo/semantics/closedAccess,-,-,Disegno; Rappresentazione; Design del Prodotto; Design della Moda; Design della Comunicazione; Design degli Interni; Design dei Beni culturali,http://hdl.handle.net/11311/579322,2011,06 CURATELA::06.1 Curatela,-,-,ita,ITA,8,Maggioli Editore,"AMORUSO, GIUSEPPE;BISTAGNINO, ENRICA;BREVI, FAUSTO;CECONELLO, MAURO ATTILIO;GUIDI, GABRIELE;PIERLUISI, GABRIELE;ROSSI, MICHELA;RUSSO, MICHELE",La ricerca nel disegno di design. giornata di studio 20 ottobre 2010
Milano,-,-,06.1 Curatela,info:eu-repo/semantics/closedAccess,-,-,-,http://hdl.handle.net/11311/580803,2010,06 CURATELA::06.1 Curatela,-,-,ita,ITA,3,De Pedrini,"BARBARA, ANNA;L. Molinari",Latitudine 45°40'80'' - Longitudine 9°15'20''. Milanofiori Nord
Milano,-,-,06.1 Curatela,info:eu-repo/semantics/closedAccess,-,-,-,http://hdl.handle.net/11311/580903,2011,06 CURATELA::06.1 Curatela,-,-,ita;eng,-,2,Aiap Edizioni,"GUIDA, FRANCESCO ERMANNO;Lorenzo Grazzani","Il segno continuo. Simonetta Ferrante.Grafica tra arte, calligrafia e design"
Milano,-,-,06.1 Curatela,info:eu-repo/semantics/closedAccess,-,-,-,http://hdl.handle.net/11311/580905,2011,06 CURATELA::06.1 Curatela,-,-,ita,-,2,Franco Angeli,"GUIDA, FRANCESCO ERMANNO;ILIPRANDI, GIANCARLO",Type Design. Esperienze progettuali tra teoria e prassi.
Cinisello Balsamo,-,-,06.1 Curatela,info:eu-repo/semantics/closedAccess,Architettura contemporanea; Luigi Ferrario,-,-,http://hdl.handle.net/11311/582065,2010,06 CURATELA::06.1 Curatela,-,STAMPA,eng;ita,ITA,2,Silvana Editoriale,"CIAGA', GRAZIELLA LEYLA;FERABOLI, MARIA TERESA",Luigi Ferrario. Paesaggi costruiti
Milano,-,-,06.1 Curatela,none,-,-,-,http://hdl.handle.net/11311/582693,2010,06 CURATELA::06.1 Curatela,-,-,ita,ITA,3,Franco Angeli,"C. Bianchi;F. Montanari;ZINGALE, SALVATORE","La semiotica e il progetto 2. Spazi, oggetti, interfacce"
Firenze,-,-,06.1 Curatela,none,-,-,-,http://hdl.handle.net/11311/583474,2010,06 CURATELA::06.1 Curatela,-,-,ita,-,3,Pagliai,"MAZZANTI, ANNA;L. Mannini;V. Gensini","Novecento Sedotto, il fascino del Seicento fra le due guerre"
-,-,-,06.1 Curatela,none,-,-,-,http://hdl.handle.net/11311/583494,2010,06 CURATELA::06.1 Curatela,-,-,ita;eng,-,1,Corraini Edizioni,"FINESSI, GIUSEPPE","Ospiti Inaspettati. Case di ieri, design di oggi"
-,-,-,06.1 Curatela,none,-,-,-,http://hdl.handle.net/11311/583495,2010,06 CURATELA::06.1 Curatela,-,-,eng;ita,-,1,Corraini Edizioni,"FINESSI, GIUSEPPE",Inventario 01
-,-,-,06.1 Curatela,info:eu-repo/semantics/closedAccess,-,-,-,http://hdl.handle.net/11311/583875,2011,06 CURATELA::06.1 Curatela,-,-,ita,-,1,Franco Angeli,"PILLAN, MARGHERITA",Comunicazione a misura d'uomo
Santarcangelo di Romagna,-,-,06.1 Curatela,info:eu-repo/semantics/closedAccess,-,-,modello; modellazione digitale; modelli del colore; disegno; reverse modeling; virtual prototyping,http://hdl.handle.net/11311/604685,2011,06 CURATELA::06.1 Curatela,-,STAMPA,ita,ITA,7,Maggioli,"AMORUSO, GIUSEPPE;Enica Bistagnino;BREVI, FAUSTO;Mauro Cecconello;PIERLUISI, GABRIELE;ROSSI, MICHELA;RUSSO, MICHELE","Realtà, simulazione e progetto. Il ruolo del modello"
Milano,-,-,06.1 Curatela,info:eu-repo/semantics/closedAccess,-,-,disegno; modello; design.,http://hdl.handle.net/11311/605680,2011,06 CURATELA::06.1 Curatela,-,-,ita,-,7,Maggioli Editore,"AMORUSO, GIUSEPPE;Enica Bistagnino;BREVI, FAUSTO;Mauro Cecconello;PIERLUISI, GABRIELE;ROSSI, MICHELA;RUSSO, MICHELE","Realtà, simulazione e progetto. Il ruolo del modello"
Milano,-,-,06.1 Curatela,info:eu-repo/semantics/closedAccess,-,-,Albini; design; interior design; mobili; architettura d'interni; Helg; Cassina; Poggi; Arflex,http://hdl.handle.net/11311/608307,2011,06 CURATELA::06.1 Curatela,-,-,ita,-,1,24 ore Cultura,"BOSONI, GIAMPIERO",Franco Albini
-,-,-,06.1 Curatela,info:eu-repo/semantics/closedAccess,-,-,-,http://hdl.handle.net/11311/608399,2011,06 CURATELA::06.1 Curatela,-,-,eng,-,1,Maggioli,"ROSSI, MAURIZIO",Color and Colorimetry Multidisciplinary Contributions
-,-,-,06.1 Curatela,info:eu-repo/semantics/closedAccess,-,-,-,http://hdl.handle.net/11311/608400,2011,06 CURATELA::06.1 Curatela,-,-,ita,-,1,Maggoli,"ROSSI, MAURIZIO",Colore e colorimetria contributi multidisciplinari
Mantova,-,-,06.1 Curatela,none,-,-,-,http://hdl.handle.net/11311/609276,2011,06 CURATELA::06.1 Curatela,-,-,ita;eng,ITA,1,Corraini Edizioni,"FINESSI, GIUSEPPE",Cruciale
Mantova,-,-,06.1 Curatela,none,-,-,-,http://hdl.handle.net/11311/609277,2011,06 CURATELA::06.1 Curatela,-,-,ita;eng,ITA,1,Corraini Edizioni,"FINESSI, GIUSEPPE",Di vaso in fiore
Mantova,-,-,06.1 Curatela,none,-,-,-,http://hdl.handle.net/11311/609278,2011,06 CURATELA::06.1 Curatela,-,-,ita;eng,ITA,1,Corraini Edizioni,"FINESSI, GIUSEPPE",Inventario 02
Mantova,-,-,06.1 Curatela,none,-,-,-,http://hdl.handle.net/11311/609279,2011,06 CURATELA::06.1 Curatela,-,-,ita;eng,ITA,1,Corraini Edizioni,"FINESSI, GIUSEPPE",Inventario 03
Milano,-,-,06.1 Curatela,none,-,-,Esposizioni; Milano; 1906,http://hdl.handle.net/11311/614714,2011,06 CURATELA::06.1 Curatela,-,-,ita,ITA,2,"Comune di Milano, CASVA, Biblioteca d'Arte","RICCI, GIULIANA;CORDERA, PAOLA","Per l’esposizione, mi raccomando…!Milano e l’Esposizione internazionale del Sempione del 1906 nei documenti del Castello Sforzesco."
Cinisello Balsamo Milano,-,-,06.1 Curatela,none,-,-,Leonardo; Mito; Disegni; Pittura; Fortuna,http://hdl.handle.net/11311/630994,2011,06 CURATELA::06.1 Curatela,-,-,ita,ITA,5,Silvana Editoriale,"MARANI, PIETRO;PEDRETTI, C.;SALVI, P.;VITULO, C.;BARILLI, R.",Leonardo: il Genio il Mito
Granada,-,-,06.1 Curatela,info:eu-repo/semantics/closedAccess,-,-,-,http://hdl.handle.net/11311/632812,2012,06 CURATELA::06.1 Curatela,-,-,spa;eng;ita,ESP,2,Ediciones Fundación Internacional Artecittà,"RICCO', DINA;M. J. De Córdoba",MuVi3. Video and moving image on synesthesia and visual music / MuVi3. Vídeo e imagen en movimiento sobre sinestesia y música visual
Milano,-,-,06.1 Curatela,none,-,-,-,http://hdl.handle.net/11311/635446,2011,06 CURATELA::06.1 Curatela,-,-,ita,ITA,1,FrancoAngeli,"BUCCHETTI, VALERIA LUISA",Altre figure. Intorno alle figure di argomentazione
Napoli,-,-,06.1 Curatela,none,-,-,oggetto; ready made; oggettori; riuso; estetica dell'oggetto; object trouvé,http://hdl.handle.net/11311/639706,2011,06 CURATELA::06.1 Curatela,-,-,ita,ITA,2,Liguori,"E. Crispolti;MAZZANTI, ANNA",L’oggetto nell’arte contemporanea. Uso e riuso
Milano,-,-,06.1 Curatela,none,-,-,italian design; design; chinese design; design professionals scenario; east-west design relations.,http://hdl.handle.net/11311/640323,2006,06 CURATELA::06.1 Curatela,-,-,ita,ITA,2,Edizioni POLI.design,"COLLINA, LUISA MARIA VIRGINIA;SCULLICA, FRANCESCO","Designing Designers: Design Evolution by east and west. New ambients, new products, new designers"
Firenze,-,-,06.1 Curatela,info:eu-repo/semantics/closedAccess,-,-,arte ambientale; site specific; environment art; scultura all'aperto; scultura ambientata; land art,http://hdl.handle.net/11311/641735,2004,06 CURATELA::06.1 Curatela,-,-,ita,ITA,1,Maschietto Editore,"MAZZANTI, ANNA",“SENTIERI NELL’ARTE”. Il contemporaneo nel paesaggio toscano
Cinisello Balsamo,-,-,06.1 Curatela,none,-,-,storicismo; verismo; realismo storico; realismo; sindacali fasciste; scultura simbolista; scultura funebre; macchiaioli; arte sociale; fotografia; archivi fotografici; arte e architettura fra le due guerre; arte decorativa; riviste,http://hdl.handle.net/11311/642126,2006,06 CURATELA::06.1 Curatela,-,-,ita,ITA,3,Silvana,"E. Crispolti;MAZZANTI, ANNA;L. Quattrocchi",Arte in Maremma nella prima metà del Novecento
-,-,-,06.1 Curatela,info:eu-repo/semantics/closedAccess,-,-,-,http://hdl.handle.net/11311/642133,2011,06 CURATELA::06.1 Curatela,-,-,ita,ITA,2,MAGGIOLI EDITORE,"FOIS, LUCA;VIGNATI, ARIANNA",PROGETTARE UN GIOCO NON E' UN GIOCO
MILANO,Comitato scientifico,-,06.1 Curatela,info:eu-repo/semantics/closedAccess,-,-,-,http://hdl.handle.net/11311/643730,2011,06 CURATELA::06.1 Curatela,-,STAMPA,eng;ita,ITA,1,SKIRA EDITORE SPA,"BRUNO, DAVIDE MARIA","COMUNICARE IN MOVIMENTO, COMMUNICATION IN MOTION"
Milano,-,-,06.1 Curatela,info:eu-repo/semantics/closedAccess,-,-,-,http://hdl.handle.net/11311/645146,2011,06 CURATELA::06.1 Curatela,-,-,ita,ITA,1,Rizzoli,"PIAZZA, MARIO","Abitare. 50 anni di design: case, architetture, oggetti, fotografie, mode, design, viaggi – 1961-2011"
Santarcangelo di Romagna,-,-,06.1 Curatela,info:eu-repo/semantics/closedAccess,-,-,"Architettura e matematica; architecture and mathematics
disegno; drawing
proporzioni; proportions",http://hdl.handle.net/11311/657540,2012,06 CURATELA::06.1 Curatela,-,-,eng;ita,ITA,3,Maggioli Editore,"ROSSI, MICHELA;Sylvie Duvernoy;Giampiero Mele",Milano Maths in the city. A mathematical tour of Milanese Architecture - itinerario matematico dell'architettura milanese.
Milano,-,-,06.1 Curatela,info:eu-repo/semantics/closedAccess,-,-,design and mathematics; design theory and analysis; design grammars; Harmony and Architecture; parametric design; digital models; archeoastronomy,http://hdl.handle.net/11311/657544,2012,06 CURATELA::06.1 Curatela,-,-,eng,ITA,1,McGraw-Hill Education,"ROSSI, MICHELA",Nexus Ph.D. Day. Relationschip between Architecture and Mathematics
Milano,-,-,06.1 Curatela,none,-,-,Fotografia; paesaggio; territorio; immagine; rappresentazione,http://hdl.handle.net/11311/660156,1996,06 CURATELA::06.1 Curatela,-,-,arp,ITA,3,Guerini e Associati,"GALBIATI, MARIA LUISA;P. Pozzi;R. Signorini",Fotografia e paesaggio. La rappresentazione fotografica del territorio
Milano,-,-,06.1 Curatela,none,-,-,città; cinema; immaginario; scenari urbani; sguardo; percezione; esperienza,http://hdl.handle.net/11311/660207,1989,06 CURATELA::06.1 Curatela,-,-,ita,-,1,Tranchida,"GALBIATI, MARIA LUISA",Proiezioni urbane. La realtà dell'immaginario
Milano,-,-,06.1 Curatela,none,-,-,mendini; filosofia del progetto; poltrona di Proust,http://hdl.handle.net/11311/660210,1991,06 CURATELA::06.1 Curatela,-,-,ita,-,1,Tranchida,"GALBIATI, MARIA LUISA",Alessandro Mendini. La poltrona di proust
Milano,-,-,06.1 Curatela,none,-,-,fotografia; territorio; sguardo; città; percezione; soglia; abitare,http://hdl.handle.net/11311/660214,1992,06 CURATELA::06.1 Curatela,-,-,ita,-,1,Tranchida,"GALBIATI, MARIA LUISA",Soglie urbane. Uno sguardo fotografico sul territorio
Milano,-,-,06.1 Curatela,none,-,-,fotografia; territorio; rappresentazione; città; sguardo; percezione,http://hdl.handle.net/11311/660626,1991,06 CURATELA::06.1 Curatela,-,-,ita,-,1,Tranchida Editori,"GALBIATI, MARIA LUISA",Lo sguardo discreto. habitat e fotografia
Milano,-,-,06.1 Curatela,none,-,-,movie design; comunicazione d'impresa; Mantero; videoinstallazioni; strategie di comunicazione,http://hdl.handle.net/11311/662196,2005,06 CURATELA::06.1 Curatela,-,-,eng;ita,-,2,Polidesign,"GALBIATI, MARIA LUISA;PIREDDA, FRANCESCA",ManteroMood. Movie design for the silk concept La Tessitura_Como
New York,-,-,06.1 Curatela,none,-,-,-,http://hdl.handle.net/11311/662224,2012,06 CURATELA::06.1 Curatela,-,-,eng,USA,4,ACM,"CAUTELA, CABIRIO;DESERTI, ALESSANDRO;RIZZO, FRANCESCA;ZURLO, FRANCESCO",DPPI11. Designing Pleasurable Products and Interfaces. Proceedings
Santarcangelo di Romagna,-,-,06.1 Curatela,info:eu-repo/semantics/closedAccess,-,-,Disegno; modello; progetto; colore; rappresentazione,http://hdl.handle.net/11311/662385,2011,06 CURATELA::06.1 Curatela,-,STAMPA,ita,ITA,7,Maggioli Editore,"AMORUSO, GIUSEPPE;BISTAGNINO, ENRICA;BREVI, FAUSTO;CECONELLO, MAURO ATTILIO;PIERLUISI, GABRIELE;ROSSI, MICHELA;RUSSO, MICHELE","Realtà, simulazione e progetto. Il ruolo del modello"
Milano,Comitato scientifico,-,06.1 Curatela,info:eu-repo/semantics/closedAccess,-,-,-,http://hdl.handle.net/11311/664557,2012,06 CURATELA::06.1 Curatela,-,-,ita,-,2,FrancoAngeli,"PEDRONI, MARCO LUCA;VOLONTE', PAOLO GAETANO",Moda e arte
Firenze,-,-,06.1 Curatela,none,-,-,-,http://hdl.handle.net/11311/666015,2003,06 CURATELA::06.1 Curatela,-,-,ita,-,1,Alinea,"TONELLI, MARIA CRISTINA",16 tisaniere
-,Nessuno,-,06.1 Curatela,info:eu-repo/semantics/closedAccess,-,-,-,http://hdl.handle.net/11311/666284,2012,06 CURATELA::06.1 Curatela,-,-,eng,-,1,Maggioli,"ROSSI, MAURIZIO",Color and colorimetry Multidisciplinary contribution - Vol VIIIb
-,Nessuno,-,06.1 Curatela,info:eu-repo/semantics/closedAccess,-,-,-,http://hdl.handle.net/11311/666288,2012,06 CURATELA::06.1 Curatela,-,-,ita,-,2,Maggioli,"ROSSI, MAURIZIO;SINISCALCO, ANDREA",Colore e colorimetria Contributi Multidisciplinari Vol VIIIa
Mantova,-,-,06.1 Curatela,none,-,-,-,http://hdl.handle.net/11311/666304,2011,06 CURATELA::06.1 Curatela,-,-,eng;ita,ITA,1,Corraini Edizioni,"FINESSI, GIUSEPPE",Inventario 04
Mantova,-,-,06.1 Curatela,none,-,-,Candela; Arte; Design,http://hdl.handle.net/11311/666945,2012,06 CURATELA::06.1 Curatela,-,-,eng;ita,ITA,1,Corraini Edizioni,"FINESSI, GIUSEPPE",Fare Lume
Milano,-,-,06.1 Curatela,info:eu-repo/semantics/closedAccess,-,-,-,http://hdl.handle.net/11311/668544,2012,06 CURATELA::06.1 Curatela,-,-,eng,ITA,1,Editore Franco Angeli,"RAMPINO, LUCIA ROSA ELENA",Design Research: Between Scientific Method and Project Praxis. Notes on Doctoral Research in Design 2012
Mantova,-,-,06.1 Curatela,none,-,-,-,http://hdl.handle.net/11311/685510,2012,06 CURATELA::06.1 Curatela,-,-,ita;eng,ITA,1,Corraini,"FINESSI, GIUSEPPE",Inventario 05
milano,Nessuno,-,06.1 Curatela,none,-,-,-,http://hdl.handle.net/11311/686839,2012,06 CURATELA::06.1 Curatela,-,-,eng;ita,-,1,FrancoAngeli,"BIAMONTI, ALESSANDRO",Giulio Iaccheti Research Experiences in Design
Sant'Arcangelo di Romagna (RN),-,-,06.1 Curatela,none,-,-,-,http://hdl.handle.net/11311/686857,2012,06 CURATELA::06.1 Curatela,-,-,eng,ITA,3,MAGGIOLI EDITORE,"FASSI, DAVIDE;REBAGLIO, AGNESE;I. Vegni",Exhibit
MILANO,-,-,06.1 Curatela,none,-,-,jewellery; design; technology; rfid; innovation; fashion design,http://hdl.handle.net/11311/686921,2012,06 CURATELA::06.1 Curatela,-,-,ita;eng,-,3,Mondadori Education,"CAPPELLIERI, ALBA;L. Tenuta;V. Vecchi",Il gioiello utile:Ornamenti RFID le nuove frontiere dell'ornamento
Milano,-,-,06.1 Curatela,info:eu-repo/semantics/closedAccess,-,-,-,http://hdl.handle.net/11311/686977,2012,06 CURATELA::06.1 Curatela,-,-,eng,USA,1,McGraw-Hill,"ROSSI, MICHELA","Descriptive Geometry and Digital Rrepresentation: 
Memory and Innovation"
-,-,-,06.1 Curatela,info:eu-repo/semantics/closedAccess,-,-,-,http://hdl.handle.net/11311/688067,2012,06 CURATELA::06.1 Curatela,-,-,ita,-,1,Mondadori Università,"CONTI, GIOVANNI MARIA",Design della Maglieria. Appunti su metodi progettuali e lavorazioni
Sant'Arcangelo di Romagna (RN),-,-,06.1 Curatela,none,-,-,GIDE; design; communities; innovazione; internazionale,http://hdl.handle.net/11311/688715,2011,06 CURATELA::06.1 Curatela,-,-,ita;eng,ITA,2,Maggioli Editore,"FASSI, DAVIDE;REBAGLIO, AGNESE",Design for innovative communities
Milano,-,-,06.1 Curatela,info:eu-repo/semantics/closedAccess,-,-,"Museum technologies, Design for Cultural Heritage",http://hdl.handle.net/11311/690076,2012,06 CURATELA::06.1 Curatela,-,-,eng,ITA,2,DPA Politecnico di Milano,"J. Allen;LUPO, ELEONORA",Representing Museum Technologies
Milano,-,-,06.1 Curatela,none,-,-,stereotipi comunicativi; progetto; culture di genere; design critico,http://hdl.handle.net/11311/690135,2012,06 CURATELA::06.1 Curatela,-,-,ita,ITA,2,Franco Angeli,"BAULE, GIOVANNI;BUCCHETTI, VALERIA LUISA",Anticorpi comunicativi.Progettare per la comunicazione di genere
Milano,Comitato scientifico,-,06.1 Curatela,info:eu-repo/semantics/closedAccess,-,-,Archivi di architettura e design; Storia dell'architettura e del design; Archivi; fondi; collezioni; raccolte; Censimento; Italia/Lombardia,http://hdl.handle.net/11311/690713,2012,06 CURATELA::06.1 Curatela,-,STAMPA,ita,ITA,1,"CASVA, Centro di Alti Studi sulle Arti Visive, Comune di Milano","CIAGA', GRAZIELLA LEYLA","Gli archivi di architettura, design e grafica in Lombardia. Censimento delle fonti"
Prato,-,-,06.1 Curatela,none,-,-,arte ambientale; arte ambientata; ready made,http://hdl.handle.net/11311/690865,2003,06 CURATELA::06.1 Curatela,-,-,ita,ITA,1,Gli Ori,"MAZZANTI, ANNA",Il Giardino di Daniel Spoerri
Milano,-,-,06.1 Curatela,none,-,-,-,http://hdl.handle.net/11311/691044,2005,06 CURATELA::06.1 Curatela,-,-,ita,-,2,Electa,"CIAGA', GRAZIELLA LEYLA;TONON, GRAZIELLA",Le case nella Triennale. Dal Parco al QT8
Granada,-,-,06.1 Curatela,none,-,-,Synesthesia; Perception; Creativity; Neuroscience,http://hdl.handle.net/11311/691257,2009,06 CURATELA::06.1 Curatela,-,-,eng;spa,ESP,4,Ediciones Fundación Internacional Artecittà,"M. J. De Córdoba;E. M. Hubbard;RICCO', DINA;S. A. Day","III Congreso Internacional de Sinestesia, Ciencia y Arte"
Bergamo,-,-,06.1 Curatela,info:eu-repo/semantics/closedAccess,-,-,Semitica; Arti; Design; Oggetti; Architettura; Spazi; Città,http://hdl.handle.net/11311/691292,2005,06 CURATELA::06.1 Curatela,-,-,ita,ITA,1,Moretti&Vitali,"ZINGALE, SALVATORE",La semiotica e le arti utili in undici dialoghi
Cinisello Balsamo,-,-,06.1 Curatela,info:eu-repo/semantics/closedAccess,-,-,-,http://hdl.handle.net/11311/692776,2010,06 CURATELA::06.1 Curatela,-,STAMPA,ita;eng,-,2,Silvana Editoriale,"CIAGA', GRAZIELLA LEYLA;FERABOLI, MARIA TERESA",Luigi Ferrario. Paesaggi costruiti
Milano,Nessuno,-,06.1 Curatela,info:eu-repo/semantics/closedAccess,-,-,-,http://hdl.handle.net/11311/692782,2005,06 CURATELA::06.1 Curatela,-,-,ita,-,1,"CASVA, Centro di Alti Studi sulle Arti Visive, Comune di Milano","CIAGA', GRAZIELLA LEYLA",Luciano Baldessari e Milano. Progetti e realizzazioni in Lombardia
-,-,-,06.1 Curatela,none,-,-,-,http://hdl.handle.net/11311/692920,2002,06 CURATELA::06.1 Curatela,-,-,ita,-,3,-,"P. Lenarduzzi;PIAZZA, MARIO;S. Sfligiotti","Italic 1.0
Il disegno dei caratteri contemporaneo in Italia"
-,-,-,06.1 Curatela,none,-,-,-,http://hdl.handle.net/11311/692927,2007,06 CURATELA::06.1 Curatela,-,-,ita,-,3,SKIRA,"M. Fochessati;PIAZZA, MARIO;S. Solimano",In pubblico. Azioni e idee degli anni settanta in Italia
-,-,-,06.1 Curatela,none,-,-,-,http://hdl.handle.net/11311/692932,2012,06 CURATELA::06.1 Curatela,-,-,ita;eng,-,1,Aiap Edizioni,"PIAZZA, MARIO",Grafica del made in Italy / Made in Italy graphic design
-,-,-,06.1 Curatela,none,-,-,-,http://hdl.handle.net/11311/692937,2012,06 CURATELA::06.1 Curatela,-,-,ita;eng,-,3,Corraini Edizioni,"G. Camuffo;PIAZZA, MARIO;C. Vinti",TDM 5: Grafica italiana
-,-,-,06.1 Curatela,none,-,-,-,http://hdl.handle.net/11311/692962,2001,06 CURATELA::06.1 Curatela,-,-,ita,-,1,GAI edizioni,"PIAZZA, MARIO",Progettare il marchio. Identità del gai
-,-,-,06.1 Curatela,none,-,-,-,http://hdl.handle.net/11311/692964,2012,06 CURATELA::06.1 Curatela,-,-,ita,-,1,Rizzoli,"PIAZZA, MARIO","Poltrona Frau.
L'intelligenza delle mani"
-,-,-,06.1 Curatela,none,-,-,-,http://hdl.handle.net/11311/692966,2012,06 CURATELA::06.1 Curatela,-,-,eng,-,1,Rizzoli International,"PIAZZA, MARIO",Poltrona Frau: Intelligence in Our Hands
Milano,-,-,06.1 Curatela,none,-,-,-,http://hdl.handle.net/11311/693207,2003,06 CURATELA::06.1 Curatela,nazionale,-,ita,-,1,"CASVA, Centro di Alti Studi sulle Arti Visive, Comune di Milano","CIAGA', GRAZIELLA LEYLA",Gli archivi di architettura in Lombardia. Censimento delle fonti
-,-,-,06.1 Curatela,none,-,-,-,http://hdl.handle.net/11311/693436,2007,06 CURATELA::06.1 Curatela,-,-,eng;ita,-,2,Edizioni PoliDesign,"PIAZZA, MARIO;M. Pelizzari",That’s Poli. Polimi at That’s Design
Milano,-,-,06.1 Curatela,none,-,-,arte ambientale; installazione architettonica; nuovo realismo; ready made,http://hdl.handle.net/11311/693611,1998,06 CURATELA::06.1 Curatela,-,-,eng,ITA,1,CHARTA,"MAZZANTI, ANNA",Niki de Saint Phalle the Tarot Garden
Milano,-,-,06.1 Curatela,none,-,-,-,http://hdl.handle.net/11311/694018,2012,06 CURATELA::06.1 Curatela,-,-,eng,ITA,3,Abitare,"BOSONI, GIAMPIERO;REBAGLIO, AGNESE;SCULLICA, FRANCESCO;REBAGLIO AGNESE",The Contemporary Interior Landscape
Milano,-,-,06.1 Curatela,none,-,-,-,http://hdl.handle.net/11311/694021,2012,06 CURATELA::06.1 Curatela,-,-,ita;eng,-,3,Abitare,"BOSONI, GIAMPIERO;REBAGLIO, AGNESE;SCULLICA, FRANCESCO",The Contemporary Interior Landscape
-,-,-,06.1 Curatela,none,-,-,-,http://hdl.handle.net/11311/694273,2005,06 CURATELA::06.1 Curatela,-,-,ita,-,4,CEA,"LEVI, MARINELLA;PEDEFERRI, MARIAPIA;DEL CURTO, BARBARA;ROGNOLI, VALENTINA",Materiali e Design
Santarcangelo di Romagna,-,-,06.1 Curatela,info:eu-repo/semantics/closedAccess,-,-,disegno digitale; rendering; progetto,http://hdl.handle.net/11311/720345,2013,06 CURATELA::06.1 Curatela,-,-,ita,ITA,7,Maggioli editore,"UdRD Design Representation;AMORUSO, GIUSEPPE;BREVI, FAUSTO;Mauro Ceconello;PIERLUISI, GABRIELE;ROSSI, MICHELA;RUSSO, MICHELE",Verso l'era postdigitale. Disegnare il progetto tra design e architettura.
Santarcangelo di Romagna,-,-,06.1 Curatela,info:eu-repo/semantics/closedAccess,-,-,colore; rappresentazione; progetto,http://hdl.handle.net/11311/720347,2013,06 CURATELA::06.1 Curatela,-,-,ita,ITA,1,Maggioli Editore,"ROSSI, MICHELA","Geometria, spazio, colore. Ricerche per la rappresentazione e il progetto"
Madrid,Nessuno,-,06.1 Curatela,none,-,-,Catalogo della mostra al Museo Nacional  de Arte Reina Sofia; Madrid; dicembre 2011,http://hdl.handle.net/11311/731991,2011,06 CURATELA::06.1 Curatela,-,-,spa,ESP,1,Museo Reina Sofia,"IRACE, FULVIO",Emilio Ambasz.Invenciones: arquitectura y Diseno
Milano,Nessuno,-,06.1 Curatela,info:eu-repo/semantics/closedAccess,-,-,-,http://hdl.handle.net/11311/732594,2012,06 CURATELA::06.1 Curatela,-,STAMPA,ita,ITA,2,Edizioni Dativo,"CIRAVEGNA, ERIK;TOLINO, UMBERTO",Packaging design e pubblica utilità. Sperimentazioni in cartone per comunicare la sicurezza domestica
-,Nessuno,-,06.1 Curatela,info:eu-repo/semantics/closedAccess,-,-,-,http://hdl.handle.net/11311/739371,2013,06 CURATELA::06.1 Curatela,-,-,eng,ITA,1,Maggioli,"ROSSI, MAURIZIO",Colour and Colorimetry Multidisciplinary Contributions Vol. IXb
-,Nessuno,-,06.1 Curatela,info:eu-repo/semantics/closedAccess,-,-,-,http://hdl.handle.net/11311/739372,2013,06 CURATELA::06.1 Curatela,-,-,ita,-,2,Maggioli,"ROSSI, MAURIZIO;SINISCALCO, ANDREA",Colore e colorimetria contributi multidisciplinari Vol IXa
Mantova,-,-,06.1 Curatela,info:eu-repo/semantics/closedAccess,-,-,-,http://hdl.handle.net/11311/751616,2013,06 CURATELA::06.1 Curatela,-,-,ita;eng,-,1,Corraini,"IRACE, FULVIO",Made in slums. Mathare Nairobi
Sant'Arcangelo di Romagna,-,-,06.1 Curatela,none,-,-,enterprises; creativity; spatial; interior,http://hdl.handle.net/11311/758444,2013,06 CURATELA::06.1 Curatela,-,-,eng,ITA,2,Maggioli editore,"FASSI, DAVIDE;REBAGLIO, AGNESE",Creativity for local enterprises
Milano,Comitato scientifico,-,06.1 Curatela,info:eu-repo/semantics/closedAccess,-,-,design e metanarrazioni; design e narrazioni tangibili; design e comunità testuali,http://hdl.handle.net/11311/758930,2013,06 CURATELA::06.1 Curatela,-,-,ita,ITA,1,Mimesis Edizioni,"PENATI, ANTONELLA VALERIA",E' il design una narrazione? Design e narrazioni
Milano,Comitato scientifico,-,06.1 Curatela,info:eu-repo/semantics/closedAccess,-,-,design; narrazioni visive; innovazione,http://hdl.handle.net/11311/758932,2013,06 CURATELA::06.1 Curatela,-,-,ita,-,1,Mimesis Edizioni,"PENATI, ANTONELLA VALERIA",Il design costruisce mondi. Design e narrazioni
Milano,Comitato scientifico,-,06.1 Curatela,info:eu-repo/semantics/closedAccess,-,-,design; narrazioni; oggetti; cultura materiale,http://hdl.handle.net/11311/758933,2013,06 CURATELA::06.1 Curatela,-,-,ita,ITA,1,Mimesis Edizioni,"PENATI, ANTONELLA VALERIA",Il design vive di oggetti-discorso. Design e narrazioni.
Milano,Nessuno,-,06.1 Curatela,info:eu-repo/semantics/closedAccess,-,-,-,http://hdl.handle.net/11311/764761,2013,06 CURATELA::06.1 Curatela,-,STAMPA,eng;ita,ITA,2,ELECTA,"IRACE, FULVIO;CIAGA', GRAZIELLA LEYLA",Design & Cultural Heritage. Archivio animato
Mantova,Nessuno,-,06.1 Curatela,none,-,-,-,http://hdl.handle.net/11311/768889,2012,06 CURATELA::06.1 Curatela,-,-,ita;eng,ITA,1,Corraini Edizioni,"FINESSI, GIUSEPPE",Inventario 06
Mantova,Nessuno,-,06.1 Curatela,info:eu-repo/semantics/closedAccess,-,-,-,http://hdl.handle.net/11311/768890,2013,06 CURATELA::06.1 Curatela,-,-,ita;eng,ITA,1,Corraini Edizioni,"FINESSI, GIUSEPPE",Inventario 07
Mantova,Nessuno,-,06.1 Curatela,info:eu-repo/semantics/closedAccess,-,-,-,http://hdl.handle.net/11311/768891,2013,06 CURATELA::06.1 Curatela,-,-,ita;eng,-,1,Corraini edizioni,"FINESSI, GIUSEPPE",Inventario 08
-,Nessuno,-,06.1 Curatela,none,-,-,-,http://hdl.handle.net/11311/769058,2013,06 CURATELA::06.1 Curatela,-,-,ita,-,1,ELECTA,"FINESSI, GIUSEPPE",Progetto Cibo. La Forma del Gusto
-,Nessuno,-,06.1 Curatela,info:eu-repo/semantics/closedAccess,-,-,-,http://hdl.handle.net/11311/769060,2013,06 CURATELA::06.1 Curatela,-,-,ita;eng,-,1,Corraini Edizioni,"FINESSI, GIUSEPPE",Intorno al libro
Mantova,Nessuno,-,06.1 Curatela,none,-,-,-,http://hdl.handle.net/11311/796926,2014,06 CURATELA::06.1 Curatela,-,-,eng;ita,ITA,1,Corraini Edizioni,"FINESSI, GIUSEPPE",Il Design Italiano Oltre le Crisi
Milano,"Sì, ma tipo non specificato",-,06.1 Curatela,none,-,-,Cultural design; temporaneo; allestimento; digital heritage,http://hdl.handle.net/11311/804936,2013,06 CURATELA::06.1 Curatela,-,-,ita;eng,ITA,2,ELECTA,"LUPO, ELEONORA;TROCCHIANESI, RAFFAELLA","Design e memoria del Temporaneo/Design 
and memory of the Ephemeral"
Cinisello Balsamo,Nessuno,-,06.1 Curatela,none,-,-,arte contemporanea,http://hdl.handle.net/11311/815123,2014,06 CURATELA::06.1 Curatela,-,-,eng;ita,ITA,1,SILVANA EDITORIALE,"MARANI, PIETRO",Agostino Arrivabene. Vesperbild
Santarcangelo di Romagna,Esperti anonimi,-,06.1 Curatela,info:eu-repo/semantics/openAccess,-,-,progettazione digitale; digital prototyping; dynamic response,http://hdl.handle.net/11311/848734,2014,06 CURATELA::06.1 Curatela,-,STAMPA,eng;ita,ITA,-,Maggioli,"ROSSI, MICHELA;Andrea Casale;a. cura di",Ripensare il disegno/rethinking design (introduzione).
Milano,Nessuno,-,06.1 Curatela,info:eu-repo/semantics/closedAccess,-,-,archivio; heritage materiale e immateriale,http://hdl.handle.net/11311/861818,2013,06 CURATELA::06.1 Curatela,-,STAMPA,ita;eng,ITA,1,ELECTA MONDADORI,"IRACE, FULVIO","Immateriale, virtuale, interattivo"
Mantova,Nessuno,-,06.1 Curatela,info:eu-repo/semantics/closedAccess,-,-,interior design; exhibition design,http://hdl.handle.net/11311/862572,2014,06 CURATELA::06.1 Curatela,-,-,eng;ita,-,3,Corraini,"IRACE, FULVIO;MOLTENI, FRANCESCA BIANCA MARIA;Pizzigoni D.",Dove vivono gli architetti
-,Nessuno,-,06.1 Curatela,none,-,-,-,http://hdl.handle.net/11311/869980,2014,06 CURATELA::06.1 Curatela,-,STAMPA,eng,-,3,Butterworth-Heinemann: Elsevier,"Elvin Karana;Owain Pegley;ROGNOLI, VALENTINA","Materials Experience: Fundamentals of
Materials and Design"
Mantova,Nessuno,-,06.1 Curatela,none,-,-,-,http://hdl.handle.net/11311/872756,2014,06 CURATELA::06.1 Curatela,-,STAMPA,ita;eng,ITA,1,Corraini edizioni,"FINESSI, GIUSEPPE",INVENTARIO 09
Milano,Nessuno,-,06.1 Curatela,info:eu-repo/semantics/closedAccess,-,-,-,http://hdl.handle.net/11311/880557,2014,06 CURATELA::06.1 Curatela,-,-,ita;eng,-,4,Silvana Editoriale,"CONTI, GIOVANNI MARIA;DEL CURTO, BARBARA;FIORANI, ELEONORA;SOLDATI, MARIA GRAZIA","TEXTILE VIVANT.
Percorsi, esperienze e ricerche del textile design.
Tracks, experiences and Researches in textile design"
Milano,Nessuno,-,06.1 Curatela,info:eu-repo/semantics/closedAccess,-,-,case  prefabbricate; prefabbricazione leggera,http://hdl.handle.net/11311/881646,2008,06 CURATELA::06.1 Curatela,-,-,ita,ITA,2,ELECTA MONDADORI,"IRACE, FULVIO;FERABOLI, MARIA TERESA",Casa per tutti. Abitare la città globale
Milano,Nessuno,-,06.1 Curatela,info:eu-repo/semantics/closedAccess,-,-,Renzo Piano; Architettura contemporanea,http://hdl.handle.net/11311/881651,2007,06 CURATELA::06.1 Curatela,-,-,ita;eng,ITA,2,Electa Triennale,"IRACE, FULVIO;FERABOLI, MARIA TERESA",Renzo Piano. Le città visibili
Milano,Nessuno,-,06.1 Curatela,info:eu-repo/semantics/closedAccess,-,-,Augusto Magaghi; Mario Terzaghi; archivi del design; archivi di architettura,http://hdl.handle.net/11311/881657,2006,06 CURATELA::06.1 Curatela,-,-,ita,ITA,1,"CASVA - Centro di Alti Studi sulle Arti Visive, Comune di Milano","FERABOLI, MARIA TERESA",L'archivio dell'architetto Mario Terzaghi presso il Casva
-,Esperti anonimi,-,06.1 Curatela,none,-,-,-,http://hdl.handle.net/11311/924155,2014,06 CURATELA::06.1 Curatela,-,ELETTRONICO,eng,ITA,6,STS Italia Publishing,"C. Coletta;COLOMBO, SARA;P. Magaudda;A. Mattozzi;L. Parolin;RAMPINO, LUCIA ROSA ELENA","A Matter of Design: Making Society trough Science and Technology
Proceedings of the 5th STS Italia Conference"
-,Nessuno,-,06.1 Curatela,info:eu-repo/semantics/openAccess,-,-,-,http://hdl.handle.net/11311/930955,2015,06 CURATELA::06.1 Curatela,-,-,ita,-,1,Maggioli Editore,"VILLARI, BEATRICE",ColtivAzioni Sociali Urbane. Innovazione sociale di quartiere
milano,Esperti anonimi,-,06.1 Curatela,info:eu-repo/semantics/closedAccess,-,-,-,http://hdl.handle.net/11311/935762,2014,06 CURATELA::06.1 Curatela,-,STAMPA,ita,ITA,2,Franco Angeli,"CANINA, MARIA RITA;VOLONTE', PAOLO GAETANO",Overfashion. Nuove prospettive per la moda nella società che ingrassa
Mantova,Nessuno,-,06.1 Curatela,none,-,-,-,http://hdl.handle.net/11311/935990,2015,06 CURATELA::06.1 Curatela,-,STAMPA,ita;eng,ITA,1,Corraini edizioni,"FINESSI, GIUSEPPE",GEOGRAFIE
Mantova,Nessuno,-,06.1 Curatela,none,-,-,-,http://hdl.handle.net/11311/935991,2014,06 CURATELA::06.1 Curatela,-,STAMPA,ita;eng,ITA,1,Corraini Edizioni,"FINESSI, GIUSEPPE",INVENTARIO 10
-,Comitato scientifico,-,06.1 Curatela,info:eu-repo/semantics/closedAccess,-,-,-,http://hdl.handle.net/11311/941559,2014,06 CURATELA::06.1 Curatela,-,-,ita,-,2,"""MAGGIOLI EDITORE"", Gruppo del colore","ROSSI, MAURIZIO;Veronica Marchiafava",Colore e colorimetria contributi multidisciplinari Vol Xa
-,Nessuno,-,06.1 Curatela,info:eu-repo/semantics/closedAccess,-,-,-,http://hdl.handle.net/11311/942187,2014,06 CURATELA::06.1 Curatela,-,-,eng,-,1,"""MAGGIOLI EDITORE"", Gruppo del colore","ROSSI, MAURIZIO",Colour and Colorimetry Multidisciplinary Contributions Vol. Xb
Milano,Comitato scientifico,-,06.1 Curatela,info:eu-repo/semantics/closedAccess,-,-,modelli di design; modelli di architettura; De Pas - D'Urbino - Lomazzi; Vittorio Gregotti; Luciano Baldessari; Francesco Gnecchi-Ruscone; Giovanni Sacchi,http://hdl.handle.net/11311/943765,2015,06 CURATELA::06.1 Curatela,-,-,ita,ITA,1,"CASVA, Comune di Milano","FERABOLI, MARIA TERESA",Cose d'archivio. I modelli di design e architettura presso il CASVA
Milano,Comitato scientifico,-,06.1 Curatela,none,-,-,-,http://hdl.handle.net/11311/943785,2015,06 CURATELA::06.1 Curatela,-,-,ita,ITA,6,24Ore Cultura,"IRACE, FULVIO;MAZZANTI, ANNA;Negri A.;Orsini C.;Pugliese M.;SELVAFOLTA, ORNELLA",Mondi a Milano
London,Comitato scientifico,-,06.1 Curatela,info:eu-repo/semantics/closedAccess,-,-,-,http://hdl.handle.net/11311/956158,2014,06 CURATELA::06.1 Curatela,-,STAMPA,eng,GBR,2,Bloomsbury Publishing Plc (now Taylor and Francis),"BERTOLA, PAOLA;COLOMBI, CHIARA",Fashion Made in Italy. Special Issue
-,Nessuno,-,06.1 Curatela,info:eu-repo/semantics/openAccess,-,-,-,http://hdl.handle.net/11311/956761,2014,06 CURATELA::06.1 Curatela,-,-,por;ita;eng;spa,-,3,Politecnico di Milano,"GADDI, ROSSANA;CAPPELLIERI, ALBA;DELL'ACQUA BELLAVITIS, ARTURO","CIMODE 2014
2° Congresso internazionale di Moda e Design
2° International Fashion and Design Congress"
-,Esperti anonimi,-,06.1 Curatela,info:eu-repo/semantics/closedAccess,-,-,Advanced Design; design driven innovation; design research; product design,http://hdl.handle.net/11311/958189,2015,06 CURATELA::06.1 Curatela,-,STAMPA,eng,CHE,1,Springer international publishing,"CELI, MANUELA","Advanced Design Culture, Long-Term Perspective and Continuous Innovation"
Milano,Nessuno,-,06.1 Curatela,info:eu-repo/semantics/closedAccess,-,-,orientalismo; esposizioni; arte coloniale; esotismo,http://hdl.handle.net/11311/960392,2015,06 CURATELA::06.1 Curatela,-,STAMPA,eng;ita,ITA,5,24Ore Cultura,"IRACE, FULVIO;MAZZANTI, ANNA;M. G. Messina;C. Orsini;SELVAFOLTA, ORNELLA",Mondi a Milano
-,-,-,06.1 Curatela,info:eu-repo/semantics/openAccess,-,-,-,http://hdl.handle.net/11311/965932,2014,06 CURATELA::06.1 Curatela,-,-,eng,GBR,3,Lancaster University,"SANGIORGI, DANIELA;Prendiville, Alison;Ricketts, Amy",SERVICE DESIGN RESEARCH UK NETWORK Mapping and developing Service Design Research in the UK
-,Esperti anonimi,-,06.1 Curatela,info:eu-repo/semantics/openAccess,-,-,-,http://hdl.handle.net/11311/965937,2014,06 CURATELA::06.1 Curatela,-,ELETTRONICO,eng,SWE,3,Linköping Electronic Conference Proceedings,"SANGIORGI, DANIELA;Murphy, Emma;Hands, David","ServDes.2014 Service Future, Proceedings of the fourth Service Design and Service Innovation Conference"
Milano,-,-,06.1 Curatela,info:eu-repo/semantics/openAccess,-,-,"design culture, design driven innovation, Design history, Italian Culture of Materials Design, material, technological innovation",http://hdl.handle.net/11311/970615,2014,06 CURATELA::06.1 Curatela,-,ELETTRONICO,eng;ita,ITA,2,Associazione italiana storici del design,"BOSONI, GIAMPIERO;FERRARA, MARIA RITA",Italian material design: imparando dalla storia
-,-,-,06.1 Curatela,info:eu-repo/semantics/closedAccess,-,-,-,http://hdl.handle.net/11311/971299,2015,06 CURATELA::06.1 Curatela,-,-,ita,-,5,Lupetti Editore,"CONTI, GIOVANNI MARIA;DEL CURTO, BARBARA;Fiorani, Eleonora;GADDI, ROSSANA;SOLDATI, MARIA GRAZIA",Textile Vivant. Scenari dell'innovazione del tessile
Milano,-,-,06.1 Curatela,info:eu-repo/semantics/closedAccess,-,-,Design Culture; Design Experimentation.,http://hdl.handle.net/11311/971911,2015,06 CURATELA::06.1 Curatela,-,ELETTRONICO,eng,ITA,3,McGraw-Hill Education,"COLLINA, LUISA MARIA VIRGINIA;GALLUZZO, LAURA;MERONI, ANNA",Proceedings of the Cumulus Milano 2015 Conference – The Virtuous Circle. Design Culture and Experimentation
-,Comitato scientifico,-,06.1 Curatela,info:eu-repo/semantics/closedAccess,-,-,"Synesthesia, Visual Music, Motion graphics",http://hdl.handle.net/11311/971930,2015,06 CURATELA::06.1 Curatela,-,STAMPA,eng;ita;spa,ESP,45,Fundación Internacional Artecittà,"RICCO', DINA;María José de Córdoba",MuVi4. Video and moving image on synesthesia and visual music / MuVi4. Vídeo e imagen en movimiento sobre sinestesia y música visual
-,Comitato scientifico,-,06.1 Curatela,info:eu-repo/semantics/closedAccess,-,-,"Sinestesia, Arte, Scienza",http://hdl.handle.net/11311/971931,2015,06 CURATELA::06.1 Curatela,-,STAMPA,eng;spa,ESP,63,Instituto de Estudio Giennenses,"RICCO', DINA;M. José De Córdoba Serrano;Sean A. Day;Julia López de la Torre;Joerg Jewansky",Actas V Congreso Internacional de Sinestesia: Ciencia y Arte
Milano,Esperti anonimi,-,06.1 Curatela,info:eu-repo/semantics/closedAccess,-,-,"Ospitalità, case di accoglienza, turismo sanitario, mobilità sanitaria, interior design, ospedali, case di cura, poli di ricerca medico-scientifica, progettazione accessibile, design for all",http://hdl.handle.net/11311/972804,2015,06 CURATELA::06.1 Curatela,-,STAMPA,ita,ITA,3,Franco Angeli editore,"SCULLICA, FRANCESCO;Giovanni Del Zanna;Roberta Co",Curarsi Lontano da Casa
Milano,-,-,06.1 Curatela,info:eu-repo/semantics/openAccess,-,-,-,http://hdl.handle.net/11311/973605,2015,06 CURATELA::06.1 Curatela,-,STAMPA,eng,ITA,8,Poliscript - Politecnico di Milano,"Chen, L.;Djajadiningrat, T.;Feijs, L.;Hu, J.;Kyffin, S.;RAMPINO, LUCIA ROSA ELENA;Rodriguez, E.;Steffen, D.","DeSForM 2015 – Aesthetics of Interaction: Dynamic, Multisensory, Wise"
Milano,-,-,06.1 Curatela,info:eu-repo/semantics/closedAccess,-,-,"Design for Cultural Heritage, Craft, Cultural intensive artefact",http://hdl.handle.net/11311/974893,2013,06 CURATELA::06.1 Curatela,-,STAMPA,ita,ITA,1,Maggioli Editore,"LUPO, ELEONORA",Autentico Contemporaneo. Design e Attivazione dei saperi tipici e maestri artigiani milanesi
Baunach,-,-,06.1 Curatela,info:eu-repo/semantics/closedAccess,-,-,-,http://hdl.handle.net/11311/975705,2014,06 CURATELA::06.1 Curatela,-,-,eng,DEU,2,Spurbuchverlag,"GIUNTA, ELENA ENRICA;REBAGLIO, AGNESE",Design research on temporary homes
-,-,-,06.1 Curatela,info:eu-repo/semantics/closedAccess,-,-,-,http://hdl.handle.net/11311/978765,2016,06 CURATELA::06.1 Curatela,-,-,eng;ita,-,3,Silvana Editoriale,"CONTI, GIOVANNI MARIA;POLETTI, FEDERICO;RINALDI, COSTANZA CHIARA FRANCESCA",Maglieria Made in Italy. Knitwear stories and knit talks
Firenze,-,-,06.1 Curatela,info:eu-repo/semantics/closedAccess,-,-,-,http://hdl.handle.net/11311/979647,2015,06 CURATELA::06.1 Curatela,-,-,ita,ITA,2,Mandragora,"BERTOLA, PAOLA;LINFANTE, VITTORIO",Il Nuovo vocabolario della moda italiana
Roma,-,-,06.1 Curatela,info:eu-repo/semantics/closedAccess,-,-,abitare moderno; abitare contemporaneo,http://hdl.handle.net/11311/980210,2015,06 CURATELA::06.1 Curatela,-,STAMPA,ita,ITA,1,Carocci,"IRACE, FULVIO",Storie di interni. L'architettura dello spazio domestico moderno
Istanbul,Comitato scientifico,-,06.1 Curatela,info:eu-repo/semantics/openAccess,-,-,"education, ecology, industry, survivalism, marginality, communication, body, failure, community, theory, construction, technology, handcraft",http://hdl.handle.net/11311/984690,2015,06 CURATELA::06.1 Curatela,-,ELETTRONICO,eng,TUR,2,SALT,"FRANCESCHINI, SILVIA",Global Tools 1973-1975
Milano,Esperti anonimi,-,06.1 Curatela,info:eu-repo/semantics/openAccess,-,INTERNATIONAL JOURNAL OF TRANSMEDIA LITERACY,"Transmedia Literacy, Media Studies, Cultural Studies",http://hdl.handle.net/11311/985756,2015,06 CURATELA::06.1 Curatela,-,STAMPA,eng,ITA,2,LED edizioni universitarie,"CIASTELLARDI, MATTEO;Di Rosario, Giovanna",From Storytelling to Intercreativity in the Era of Distributed Authorship
-,-,-,06.1 Curatela,info:eu-repo/semantics/closedAccess,-,-,"Liberty, Varese, bellezza, itinerari, cibo",http://hdl.handle.net/11311/986587,2015,06 CURATELA::06.1 Curatela,-,STAMPA,eng;ita,ITA,3,Maggioli Editore,"BAILA, ANGELA;ANZANI, ANNA;CARAMEL, CLAUDIA",Nutrendo Anima e corpo. Itinerari di delizia tra le Ville Del Sacro Monte Sopra Varese/Feeding body and soul. Delightful journeys among villas in Sacro Monte above Varese
Mantova,-,-,06.1 Curatela,info:eu-repo/semantics/closedAccess,-,-,-,http://hdl.handle.net/11311/989802,2013,06 CURATELA::06.1 Curatela,-,-,eng;ita,-,2,Corraini,"CRIPPA, DAVIDE;DI PRETE, BARBARA",(1:13). The thirteen chairs that were never painted in Leonardo's Last Supper / (1:13). Le tredici sedie mai dipinte nell´Ultima cena di Leonardo
-,-,-,06.1 Curatela,info:eu-repo/semantics/closedAccess,-,-,-,http://hdl.handle.net/11311/989810,2006,06 CURATELA::06.1 Curatela,-,-,ita,-,4,Clup,"Guerriero, Alessandro;Bobbioni, Mariapia;CRIPPA, DAVIDE;DI PRETE, BARBARA",Corpi arredativi
-,-,-,06.1 Curatela,info:eu-repo/semantics/closedAccess,-,-,-,http://hdl.handle.net/11311/989812,2002,06 CURATELA::06.1 Curatela,-,-,ita,-,2,Clup,"CRIPPA, DAVIDE;DI PRETE, BARBARA",Diritto d’Autori
mantova,-,-,06.1 Curatela,info:eu-repo/semantics/closedAccess,-,-,-,http://hdl.handle.net/11311/989815,2007,06 CURATELA::06.1 Curatela,-,-,eng;ita,-,2,Corraini,"CRIPPA, DAVIDE;DI PRETE, BARBARA",Investigations into Decor and Decus / Indagini tra Decor e Decus
Milano,-,-,06.1 Curatela,info:eu-repo/semantics/closedAccess,"design, artefatti, teoria del design",-,-,http://hdl.handle.net/11311/994993,2016,06 CURATELA::06.1 Curatela,-,STAMPA,ita,ITA,1,Edizioni UNICOPLI srl,"PIZZOCARO, SILVIA LUISA",Artefatti concreti. Temi di fondamento per il design di prodotto
Busto Arsizio,-,-,06.1 Curatela,info:eu-repo/semantics/closedAccess,-,-,Leonardo da Vinci / Arte / Scienza/ Tecnica,http://hdl.handle.net/11311/995591,2016,06 CURATELA::06.1 Curatela,-,-,eng;fra;ita,ITA,2,Nomos,"MARANI, PIETRO;MAFFEIS, RODOLFO",Leonardo da Vinci. Metodi e tecniche per la costruzione della conoscenza
Milano,-,-,06.1 Curatela,info:eu-repo/semantics/closedAccess,-,-,-,http://hdl.handle.net/11311/999106,2016,06 CURATELA::06.1 Curatela,-,STAMPA,ita,ITA,2,Franco Angeli,"BAULE, GIOVANNI;CARATTI, ELENA",Design è traduzione. Il paradigma traduttivo per la cultura del progetto
