title,author,year,type,keywords,cluster
Proiezioni urbane. La realtà dell'immaginario,"GALBIATI, MARIA LUISA",1989,06.1 Curatela,città; cinema; immaginario; scenari urbani; sguardo; percezione; esperienza,nocluster
Nuove vie del design in Giappone.,"L. Migliore;PICCINNO, GIOVANNA;M. Servetto",1990,06.1 Curatela,Design; Significati; Funzione; Linguaggi; Industria giapponese.,nocluster
Alessandro Mendini. La poltrona di proust,"GALBIATI, MARIA LUISA",1991,06.1 Curatela,mendini; filosofia del progetto; poltrona di Proust,nocluster
Lo sguardo discreto. habitat e fotografia,"GALBIATI, MARIA LUISA",1991,06.1 Curatela,fotografia; territorio; rappresentazione; città; sguardo; percezione,nocluster
I trasporti e l'industria,"PONTI, MARCO GUIDO",1992,06.1 Curatela,-,nocluster
Soglie urbane. Uno sguardo fotografico sul territorio,"GALBIATI, MARIA LUISA",1992,06.1 Curatela,fotografia; territorio; sguardo; città; percezione; soglia; abitare,nocluster
Erich Przywara. Analogia entis,"VOLONTE', PAOLO GAETANO",1995,06.1 Curatela,-,nocluster
Fotografia e paesaggio. La rappresentazione fotografica del territorio,"GALBIATI, MARIA LUISA;P. Pozzi;R. Signorini",1996,06.1 Curatela,Fotografia; paesaggio; territorio; immagine; rappresentazione,nocluster
Max Weber. La scienza come professione,"VOLONTE', PAOLO GAETANO",1997,06.1 Curatela,-,nocluster
"L’architettura moderna del Novecento (Modern Architecture since 1900),","BARBARA, ANNA;RODRIQUEZ C.",1997,06.1 Curatela,-,nocluster
Luciano Baldessari nelle carte del suo archivio,"CIAGA', GRAZIELLA LEYLA",1997,06.1 Curatela,Archivi di architettura e design; disegno di progetto; catalogazione; Luciano Baldessari; architettura italiana XX secolo; futurismo; razionalismo; Milano; Rovereto,nocluster
"Progetto, processo, prodotto. Variabili di innovazione","PENATI, ANTONELLA VALERIA;SEASSARO A.",1998,06.1 Curatela,-,nocluster
Niki de Saint Phalle the Tarot Garden,"MAZZANTI, ANNA",1998,06.1 Curatela,arte ambientale; installazione architettonica; nuovo realismo; ready made,nocluster
Max Weber. L'etica della responsabilità,"VOLONTE', PAOLO GAETANO",1999,06.1 Curatela,-,nocluster
Auditorium di Milano. Una casa per la musica,"ZINGALE, SALVATORE",1999,06.1 Curatela,-,nocluster
"12 Progetti per Pompei. Un sistema d'identità visiva per la Soprintendenza archeologica, Catalogo della mostra, Napoli - Palazzo Reale 10-28 nov., Soprintendenza archeologica di Pompei,","RICCO', DINA",2000,06.1 Curatela,-,nocluster
Design Plus Research: proceedings of the Politecnico di Milano conference,"PIZZOCARO, SILVIA LUISA;A. Arruda;D. De Moraes",2000,06.1 Curatela,Design research,nocluster
Didattica&design. Processi e prodotti formativi nell'università che cambia,"PENATI, ANTONELLA VALERIA;SEASSARO, ALBERTO",2000,06.1 Curatela,-,nocluster
Il design per i Distretti industriali,"MAFFEI, STEFANO;SIMONELLI, GIULIANO",2000,06.1 Curatela,-,nocluster
"Un progetto pilota.DxD-Design dor District, Progetti per un distretto, Prodotto, Comunicazione strategica","CELASCHI, FLAVIANO;COLLINA, LUISA MARIA VIRGINIA;SIMONELLI, GIULIANO",2001,06.1 Curatela,-,nocluster
The themes of designing designers 2001,"COLLINA, LUISA MARIA VIRGINIA;SIMONELLI, GIULIANO",2001,06.1 Curatela,-,nocluster
MDM. Museo design Milano: il museo in rete per la rete dei musei,"D. Moretti;J. Pallabazzer;REBAGLIO, AGNESE",2001,06.1 Curatela,-,nocluster
Progettare il marchio. Identità del gai,"PIAZZA, MARIO",2001,06.1 Curatela,-,nocluster
Il design dell'ospitalità: la sala delle feste dell'Hotel Hilton Milan,"COLLINA, LUISA MARIA VIRGINIA;CRESPI, LUCIANO;F. Reinhart",2002,06.1 Curatela,-,nocluster
"Design for working places. Environment, energy, new technologies","INGARAMO, MATTEO ORESTE",2002,06.1 Curatela,-,nocluster
Movie Design per la comunicazione aziendale: Il Caso Mangiameli,"GALBIATI, MARIA LUISA",2002,06.1 Curatela,-,nocluster
DesignNet. Knowledge e Information Management per il design,"CIUCCARELLI, PAOLO;INNOCENTI, PERLA",2002,06.1 Curatela,design knowledge; interfacce,nocluster
Rinnovare la tradizione: il design per il comparto ceramico di Cerreto Sannita e San Lorenzello.,"V. CRISTALLO;A. MORONE;PARENTE, MARINA",2002,06.1 Curatela,design per lo sviluppo locale; product design; communication design,nocluster
Almanacco Tikkun 2002-2003,"ZINGALE, SALVATORE;BONFANTINI M. A;S.T.O.C.C.H.I. G.",2002,06.1 Curatela,-,nocluster
I territori del design. Made in Italy e Sistemi Produttivi Locali,"MAFFEI, STEFANO;SIMONELLI, GIULIANO",2002,06.1 Curatela,-,nocluster
"Milano distretto del Design: un sistema di luoghi, attori e relazioni al servizio dell’innovazione","BERTOLA, PAOLA;SANGIORGI, DANIELA;SIMONELLI, GIULIANO",2002,06.1 Curatela,-,nocluster
Edilizia sostenibile: 44 progetti dimostrativi,"PIARDI, SILVIA ELVIRA MARIA;SCUDO, GIOVANNI",2002,06.1 Curatela,-,nocluster
Il design della comunicazione. L'esperienza della Soprintendenza archeologica di Pompei,"RICCO', DINA",2002,06.1 Curatela,-,nocluster
"Italic 1.0
Il disegno dei caratteri contemporaneo in Italia","P. Lenarduzzi;PIAZZA, MARIO;S. Sfligiotti",2002,06.1 Curatela,-,nocluster
Diritto d’Autori,"CRIPPA, DAVIDE;DI PRETE, BARBARA",2002,06.1 Curatela,-,nocluster
Nuove specie di spazi,"FARE', IDA MARIA LUISA;PIARDI, SILVIA ELVIRA MARIA",2003,06.1 Curatela,-,nocluster
DiLabb,"DESERTI, ALESSANDRO;GALBIATI, MARIA LUISA;GALLI, FRANCESCO",2003,06.1 Curatela,-,nocluster
Progettare e costruire imbarcazioni da diporto,"PIARDI, SILVIA ELVIRA MARIA;RATTI, ANDREA",2003,06.1 Curatela,-,nocluster
CimbalImage. Il movie design per la comunicazione d'impresa. Un progetto per il gruppo Cimbali-Faema,"GALBIATI, MARIA LUISA;TERRANOVA, ANDREA",2003,06.1 Curatela,-,nocluster
La creatività diffusa. Culture e mestieri della moda oggi,"VOLONTE', PAOLO GAETANO",2003,06.1 Curatela,-,nocluster
Design e sistema-prodotto alimentare. Un'esperienza territoriale di ricerca azione.,"V. CRISTALLO;E. GUIDA;A. MORONE;PARENTE, MARINA",2003,06.1 Curatela,food design; ricerca-azione; design per lo sviluppo locale,nocluster
Designing Designers: Design for a local global world,"COLLINA, LUISA MARIA VIRGINIA;SIMONELLI, GIULIANO",2003,06.1 Curatela,-,nocluster
Un edificio per il terziario. La nuova sede ABB Italia a Sesto San Giovanni,"ZINGALE, SALVATORE",2003,06.1 Curatela,-,nocluster
Ricerca design e sperimentazione per l’innovazione di prodotto nel settore dell’accessorio moda: il caso Mangiameli,"BERTOLA, PAOLA",2003,06.1 Curatela,-,nocluster
Progettare e costruire imbarcazioni da diporto,"RATTI, ANDREA;PIARDI, SILVIA ELVIRA MARIA",2003,06.1 Curatela,-,nocluster
STAR | Sistema Topologico Argomentativo della Ricerca | Costruire l’organizzazione della conoscenza |Il caso ME.Design,"CASTELLI, ANTONELLA;VILLARI, BEATRICE",2003,06.1 Curatela,-,nocluster
Acqua-da-bere,"BARBARA, ANNA",2003,06.1 Curatela,-,nocluster
16 tisaniere,"TONELLI, MARIA CRISTINA",2003,06.1 Curatela,-,nocluster
Il Giardino di Daniel Spoerri,"MAZZANTI, ANNA",2003,06.1 Curatela,arte ambientale; arte ambientata; ready made,nocluster
Gli archivi di architettura in Lombardia. Censimento delle fonti,"CIAGA', GRAZIELLA LEYLA",2003,06.1 Curatela,-,nocluster
Come Comete. Annunci e messaggi nella grafica della Triennale,"S. Annicchiarico;PIAZZA, MARIO",2004,06.1 Curatela,Storia del design della comunicazione; Triennale di Milano; grafica; Milano; anni trenta; anni quaranta; anni cinquanta; anni settanta; anni ottanta; anni novanta,nocluster
Design Multiverso. Appunti di Fenomenologia del Design,"BERTOLA, PAOLA;MANZINI, EZIO",2004,06.1 Curatela,-,nocluster
Design at work 2004,"PALMIERI, STEFANIA",2004,06.1 Curatela,-,nocluster
Costruire imbarcazioni da diporto,"PIARDI, SILVIA ELVIRA MARIA;RATTI, ANDREA",2004,06.1 Curatela,-,nocluster
Il corpo delle cose,"COLLINA, LUISA MARIA VIRGINIA",2004,06.1 Curatela,-,nocluster
L'usabilità dei prodotti industriali,"ANSELMI, LAURA;TOSI, FRANCESCA",2004,06.1 Curatela,Usabilità; User centred design; qualità d'uso,nocluster
Edmund Husserl. Fenomenologia e teoria della conoscenza,"VOLONTE', PAOLO GAETANO",2004,06.1 Curatela,-,nocluster
Solution oriented partnership. How to design industrialised sustainable solutions,"MANZINI, EZIO;COLLINA, LUISA MARIA VIRGINIA;STEVE EVANS",2004,06.1 Curatela,-,nocluster
Progetto giovane,"SIMONELLI, GIULIANO;BARONI D.",2004,06.1 Curatela,-,nocluster
Design della comunicazione ed esperienze di acquisto,"BUCCHETTI, VALERIA LUISA",2004,06.1 Curatela,-,nocluster
"Sapere, immaginare, fare: il design d’innovazione per l’elettrodomestico. Formazione post-lauream per il design dei prodotti a media complessità","RAMPINO, LUCIA ROSA ELENA",2004,06.1 Curatela,-,nocluster
Design e finitura dei compositi derivati dal legno,"INGARAMO, MATTEO ORESTE",2004,06.1 Curatela,-,nocluster
Interaction Design,"RIZZO, FRANCESCA",2004,06.1 Curatela,-,nocluster
“SENTIERI NELL’ARTE”. Il contemporaneo nel paesaggio toscano,"MAZZANTI, ANNA",2004,06.1 Curatela,arte ambientale; site specific; environment art; scultura all'aperto; scultura ambientata; land art,nocluster
Gesticolando. cenni sulla diversità,"CRIPPA, DAVIDE;DI PRETE, BARBARA",2005,06.1 Curatela,-,nocluster
Packaging design,"BUCCHETTI, VALERIA LUISA",2005,06.1 Curatela,-,nocluster
"Designing Designers: Designing Hospitality- Visions, scenarios, systems, services, spaces and products","COLLINA, LUISA MARIA VIRGINIA;SCULLICA, FRANCESCO",2005,06.1 Curatela,Hospitality design; Ospitalità,nocluster
ManteroMood. Moviedesign for the silk concepì store La Tessitura_Como,"GALBIATI, MARIA LUISA;PIREDDA, FRANCESCA",2005,06.1 Curatela,-,nocluster
"Methodology for Product Service System. How to develop clean, clever and competitive strategies in companies","C. Van Halen;VEZZOLI, CARLO ARNALDO;R. Wimmer",2005,06.1 Curatela,-,nocluster
Performance. Designing for a cultural challange,"CRESPI, LUCIANO;PICCINNO, GIOVANNA;REBAGLIO, AGNESE",2005,06.1 Curatela,-,nocluster
Costruire imbarcazioni da diporto. Esperienze in cantiere,"PIARDI, SILVIA ELVIRA MARIA;RATTI, ANDREA;MAGGIULLI F.",2005,06.1 Curatela,-,nocluster
Materiali e Design,"ROGNOLI, VALENTINA;PEDEFERRI, MARIAPIA;DEL CURTO, BARBARA;LEVI, MARINELLA",2005,06.1 Curatela,-,nocluster
"Design, imprese, distretti. Un approccio all'innovazione","ARQUILLA, VENANZIO;VIGNATI, ARIANNA;SIMONELLI, GIULIANO",2005,06.1 Curatela,-,nocluster
La semiotica e le arti utili in undici dialoghi,"ZINGALE, SALVATORE",2005,06.1 Curatela,-,nocluster
Il progetto in Biodesign. La costruzione di un percorso,"CANINA, MARIA RITA;VICENTINI, FEDERICO",2005,06.1 Curatela,-,nocluster
"KIWI, Knowledge Interaction Web Instruction","COLORNI VITALE, ALBERTO",2005,06.1 Curatela,-,nocluster
Costruire imbarcazioni da diporto - Esperienze in cantiere,"PIARDI, SILVIA ELVIRA MARIA;RATTI, ANDREA;F. MAGGIULLI",2005,06.1 Curatela,-,nocluster
La coda della Q. 50 marchi per la Fondazione Quarta,"BUCCHETTI, VALERIA LUISA;MINOGGIO, MAURIZIO",2005,06.1 Curatela,-,nocluster
"Hard Design. Il Product Design oggi, tra innovazione e creatività","INGARAMO, MATTEO ORESTE",2005,06.1 Curatela,-,nocluster
ManteroMood. Movie design for the silk concept La Tessitura_Como,"GALBIATI, MARIA LUISA;PIREDDA, FRANCESCA",2005,06.1 Curatela,movie design; comunicazione d'impresa; Mantero; videoinstallazioni; strategie di comunicazione,nocluster
Le case nella Triennale. Dal Parco al QT8,"CIAGA', GRAZIELLA LEYLA;TONON, GRAZIELLA",2005,06.1 Curatela,-,nocluster
La semiotica e le arti utili in undici dialoghi,"ZINGALE, SALVATORE",2005,06.1 Curatela,Semitica; Arti; Design; Oggetti; Architettura; Spazi; Città,nocluster
Luciano Baldessari e Milano. Progetti e realizzazioni in Lombardia,"CIAGA', GRAZIELLA LEYLA",2005,06.1 Curatela,-,nocluster
Materiali e Design,"LEVI, MARINELLA;PEDEFERRI, MARIAPIA;DEL CURTO, BARBARA;ROGNOLI, VALENTINA",2005,06.1 Curatela,-,nocluster
La luce come strumento di progetto,"ROSSI, MAURIZIO;SEASSARO, ALBERTO",2006,06.1 Curatela,-,nocluster
"KIWI, Knowledge Interaction Web Instruction","COLORNI VITALE, ALBERTO",2006,06.1 Curatela,-,nocluster
Comunicare le identità. Percorsi della soggettività nell'età contemporanea,"L. BOVONE;VOLONTE', PAOLO GAETANO",2006,06.1 Curatela,-,nocluster
Books. The future of reading?,"CRESPI, LUCIANO;PICCINNO, GIOVANNA;REBAGLIO, AGNESE",2006,06.1 Curatela,-,nocluster
ergonomia e aspetti psicosociali - nuove competenze nella prevenzione dei rischi lavorativi,"FIGIANI, MAURIZIO",2006,06.1 Curatela,-,nocluster
"Design, territorio e patrimonio culturale","V. CRISTALLO;E. GUIDA;A. MORONE;PARENTE, MARINA",2006,06.1 Curatela,design per il territorio; design per i beni culturali; design per lo sviluppo locale,nocluster
Il design per la valorizzazione dei beni culturali. Le premesse fondative della ricerca d.Cult,"MAFFEI, STEFANO;PARENTE, MARINA;VILLARI, BEATRICE",2006,06.1 Curatela,design per i beni culturali,nocluster
Design e Imprese Artigiane. Un modello per l'innovazione.,"ARQUILLA, VENANZIO",2006,06.1 Curatela,-,nocluster
Living room design,"MAFFEI, STEFANO;PARINI B;ARQUILLA, VENANZIO",2006,06.1 Curatela,-,nocluster
Moda e Design. Cross fertilization per l'innovazione,"BERTOLA, PAOLA;CONTI, GIOVANNI MARIA",2006,06.1 Curatela,-,nocluster
Design degli interni,"GUERRINI, LUCA",2006,06.1 Curatela,-,nocluster
Books. The future of reading?,"CRESPI, LUCIANO;PICCINNO, GIOVANNA;REBAGLIO, AGNESE",2006,06.1 Curatela,-,nocluster
L’inventiva. Psòmega vent’anni dopo,"ZINGALE, SALVATORE;BONFANTINI M. A.",2006,06.1 Curatela,-,nocluster
Salons,"ARQUILLA, VENANZIO;MAFFEI, STEFANO;B. Parini",2006,06.1 Curatela,-,nocluster
Premio Biagio Rossetti 2005,"GUERRINI, LUCA;VENTURA, NICOLA",2006,06.1 Curatela,-,nocluster
Advanced Living Scenarios. Contemporary Trends in European Housing,"BOSONI, GIAMPIERO;MANFREDINI, MANFREDO;PIARDI, SILVIA ELVIRA MARIA",2006,06.1 Curatela,-,nocluster
Salotti d'autore,"ARQUILLA, VENANZIO;MAFFEI, STEFANO;B. Parini",2006,06.1 Curatela,-,nocluster
"Designing Designers: Design Evolution by east and west. New ambients, new products, new designers","COLLINA, LUISA MARIA VIRGINIA;SCULLICA, FRANCESCO",2006,06.1 Curatela,italian design; design; chinese design; design professionals scenario; east-west design relations.,nocluster
Arte in Maremma nella prima metà del Novecento,"E. Crispolti;MAZZANTI, ANNA;L. Quattrocchi",2006,06.1 Curatela,storicismo; verismo; realismo storico; realismo; sindacali fasciste; scultura simbolista; scultura funebre; macchiaioli; arte sociale; fotografia; archivi fotografici; arte e architettura fra le due guerre; arte decorativa; riviste,nocluster
L'archivio dell'architetto Mario Terzaghi presso il Casva,"FERABOLI, MARIA TERESA",2006,06.1 Curatela,Augusto Magaghi; Mario Terzaghi; archivi del design; archivi di architettura,nocluster
Corpi arredativi,"Guerriero, Alessandro;Bobbioni, Mariapia;CRIPPA, DAVIDE;DI PRETE, BARBARA",2006,06.1 Curatela,-,nocluster
"Design per la sostenibilità. Strumenti e strategie per la decade ""Educazione per lo sviluppo sostenibile"" Nazioni Unite (2005-2014)","P. Tamborrini;VEZZOLI, CARLO ARNALDO",2007,06.1 Curatela,-,nocluster
Playing Design,"L. Cavadini;DELL'ACQUA BELLAVITIS, ARTURO",2007,06.1 Curatela,-,nocluster
Packaging controverso,"BUCCHETTI, VALERIA LUISA",2007,06.1 Curatela,-,nocluster
Designing Designers: Unbranded design for new user expectations,"COLLINA, LUISA MARIA VIRGINIA;SCULLICA, FRANCESCO",2007,06.1 Curatela,Unbranded design,nocluster
Movie Design for Experience Project. Visual scenarios for Illy concept store,"GALBIATI, MARIA LUISA;GALLI, FRANCESCO",2007,06.1 Curatela,-,nocluster
"Sole vento acqua vegetazione e tecnologie avanzate: matrici di un nuovo approccio progettuale al territorio, architettura e design strategico.","BLASI, CESARE;NEBULONI, ATTILIO;PADOVANO, GABRIELLA",2007,06.1 Curatela,-,nocluster
La Moda e il Design. Il trasferimento di conoscenza a servizio dell'innovazione,"BERTOLA, PAOLA;CONTI, GIOVANNI MARIA",2007,06.1 Curatela,-,nocluster
Culture visive,"BUCCHETTI, VALERIA LUISA",2007,06.1 Curatela,-,nocluster
Packaging: tra vista e tatto,"BUCCHETTI, VALERIA LUISA",2007,06.1 Curatela,-,nocluster
Creative Communities. People inventing sustainable ways of living.,"MERONI, ANNA",2007,06.1 Curatela,"Sustainability - Design Research
Social Innovation
Service Design",nocluster
"Abitare la complessità: Branson Coates, Coop Himmelblau, Daniel Libeskind, M&M, Mecanoo, Naga Studio, NL Architects, ODBC, R&Sie, RUR, SMAQ architects, Tomorrow, UNStudio. Serie: Complessità e Sostenibilità: il territorio e l'architettura - Rivista bimestrale digitale di pianificazione e progettazione, n° 01","G. PADOVANO;C. BLASI;NEBULONI, ATTILIO;I. ANASTASIO;V. ARRIGONI",2007,06.1 Curatela,-,nocluster
"Architetture sostenibili: Behnisch & Partner, Mario Cucinella, FOA, Zaha Hadid, LAB Architecture, Manfredi Nicoletti, ODBC, Petzinka-Pink, R&Sie, Samyn and Partners, Synthesis & Research. Serie: Complessità e Sostenibilità: il territorio e l'architettura - Rivista bimestrale digitale di pianificazione e progettazione, n° 02","G. PADOVANO;C. BLASI;NEBULONI, ATTILIO;I. ANASTASIO;V. ARRIGONI",2007,06.1 Curatela,-,nocluster
"Europa, Oceania e Far-East: strategie di pianificazione per i territori. Testi di G. Padovano, J. Peyrony, L. Porsche, K. Serranos, E. Gianniris, M. Zifou, M. Carta, D. Ronsivalle, F. Vescovi, M. Vliet, J. Goedman, C. Anderton, D. Ciesielska, M. Lasocki, D. Blaganje, M. Benabent, P. McFarland, M. Gunder, R. Lizhi, X. Fei, Y. Jing, K. Moriyasu, Y. Pandya, R. Nair, L. Meng, K. Ong, K. Peng. Serie: Complessità e Sostenibilità: il territorio e l'architettura - Rivista bimestrale digitale di pianificazione e progettazione, n° 03-04","G. PADOVANO;C. BLASI;NEBULONI, ATTILIO;I. ANASTASIO;V. ARRIGONI",2007,06.1 Curatela,-,nocluster
Ricerca e design per il prodotto moda,"BERTOLA, PAOLA;COLOMBI, CHIARA",2007,06.1 Curatela,-,nocluster
Leonardo. Dagli studi di proporzioni al Trattato della Pittura,"M. Fiorio;MARANI, PIETRO",2007,06.1 Curatela,-,nocluster
MuVi. Video and moving image on synesthesia and visual music,"M. De Cordoba;RICCO', DINA",2007,06.1 Curatela,-,nocluster
Fashion Plus. Un'azione di valorizzazione guidata dal design per le PMI del territorio regionale e miliano,"BERTOLA, PAOLA;MAFFEI, STEFANO",2007,06.1 Curatela,-,nocluster
The new generation. The design role in the new generation world,"CRESPI, LUCIANO;PICCINNO, GIOVANNA;REBAGLIO A.",2007,06.1 Curatela,-,nocluster
The new generation: the design role in the new generation world,"CRESPI, LUCIANO;PICCINNO, GIOVANNA;REBAGLIO, AGNESE",2007,06.1 Curatela,-,nocluster
In pubblico. Azioni e idee degli anni settanta in Italia,"M. Fochessati;PIAZZA, MARIO;S. Solimano",2007,06.1 Curatela,-,nocluster
That’s Poli. Polimi at That’s Design,"PIAZZA, MARIO;M. Pelizzari",2007,06.1 Curatela,-,nocluster
Renzo Piano. Le città visibili,"IRACE, FULVIO;FERABOLI, MARIA TERESA",2007,06.1 Curatela,Renzo Piano; Architettura contemporanea,nocluster
Investigations into Decor and Decus / Indagini tra Decor e Decus,"CRIPPA, DAVIDE;DI PRETE, BARBARA",2007,06.1 Curatela,-,nocluster
La creatività nelle professioni,"VOLONTE', PAOLO GAETANO;PEDRONI, MARCO LUCA",2008,06.1 Curatela,-,nocluster
La creatività diffusa. Culture e mestieri della moda oggi,"VOLONTE', PAOLO GAETANO",2008,06.1 Curatela,-,nocluster
Max Weber. La scienza come professione,"VOLONTE', PAOLO GAETANO",2008,06.1 Curatela,-,nocluster
"Design, Research, Maps. Prospettive della ricerca universitaria in design in Italia. 2003-2007","MAFFEI, STEFANO;BERTOLA, PAOLA",2008,06.1 Curatela,-,nocluster
L'impresa di successo. Il Design e la competitività,"RAMPINO, LUCIA ROSA ELENA",2008,06.1 Curatela,-,nocluster
System Innovation for Sustainability 1. Perspectives on Radical Changes to Sustainable Consumption and Production,"VEZZOLI, CARLO ARNALDO;A. TUKKER;M. CHARTER;E. STØ;M. M. ANDERSEN",2008,06.1 Curatela,-,nocluster
Argomenti di ergonomia. Un glossario. Vol. I,"PIZZOCARO, SILVIA LUISA;FIGIANI, MAURIZIO",2008,06.1 Curatela,-,nocluster
Housing in Europe and in China,"PIARDI, SILVIA ELVIRA MARIA;MANFREDINI, MANFREDO;BOSONI, GIAMPIERO",2008,06.1 Curatela,Housing; interior design; new scenarios,nocluster
"Place and Themes of Interiors, Contemporary Research Studies","BASSO PERESSUT, GIAN LUCA;FORINO, IMMACOLATA CONCEZIONE;POSTIGLIONE, GENNARO;SCULLICA, FRANCESCO",2008,06.1 Curatela,-,nocluster
The Hospitable city,"FASSI, DAVIDE;SCULLICA, FRANCESCO",2008,06.1 Curatela,-,nocluster
Bruno Munari,"FINESSI, GIUSEPPE;M. Meneguzzo",2008,06.1 Curatela,-,nocluster
Progetti per lo sviluppo del territorio. Marketing strategico dell'Oltrepò Mantovano,"CASONI, GIORGIO;FANZINI, DANIELE;TROCCHIANESI, RAFFAELLA",2008,06.1 Curatela,Marketing territoriale; valorizzazione beni culturali; distretti culturali; brand territoriale,nocluster
Brand reset. Il caso Framesi,"COLLINA, LUISA MARIA VIRGINIA;MANCIARACINA, ANDREA GIUSEPPE;TOLINO, UMBERTO",2008,06.1 Curatela,-,nocluster
Casa per tutti. Abitare la città globale,"IRACE, FULVIO;FERABOLI, MARIA TERESA",2008,06.1 Curatela,case  prefabbricate; prefabbricazione leggera,nocluster
HELL PARADISE SHOPPING,"CAUTELA, CABIRIO",2009,06.1 Curatela,shopping; consumi.,nocluster
Designing Connected places,"LUPO, ELEONORA;C. Campagnaro",2009,06.1 Curatela,design; local development; territorial and cultural asset,nocluster
Design Follows Materials,"FERRARA, MARIA RITA;S. LUCIBELLO",2009,06.1 Curatela,materiali; design; ricerca sui materiali; sperimentazione progettuale; innovazione,nocluster
"Master in Territorio e Architettura Sostenibili: Seminari Internazionali e progetti dei gruppi di ricerca. Serie: Complessità e Sostenibilità: il territorio e l'architettura - Rivista bimestrale digitale di pianificazione e progettazione, n° 10","PADOVANO G;BLASI C;NEBULONI, ATTILIO;ANASTASIO I;ARRIGONI V.",2009,06.1 Curatela,-,nocluster
Biografie di oggetti | Storie di cose,"A. Burtscher;D. Lupo;A. Mattozzi;VOLONTE', PAOLO GAETANO",2009,06.1 Curatela,biography of the objects; cultural production; cultural consumption,nocluster
Design a Como. L'impatto del sistema design politecnico nel distretto comasco,"DE PAOLIS, ROBERTO",2009,06.1 Curatela,design; didattica; ricerca; sistemi produttivi locali; distretti industriali; formazione; legno arredo; tessile; disegno industriale; creatività; innovazione,nocluster
Designing Designers: Where Does Light Move To? Lighting Design Innovation Scenarios.,"ROSSI, MAURIZIO",2009,06.1 Curatela,Design; Lighting; Products,nocluster
Il Sistema Design Italia per la valorizzazione dei beni culturali,"PARENTE, MARINA;LUPO, ELEONORA",2009,06.1 Curatela,-,nocluster
Design Research Maps. Prospettive della ricerca universitaria in design in Italia,"BERTOLA, PAOLA;MAFFEI, STEFANO",2009,06.1 Curatela,Design e Ricerca; Innovazione; Nuovo Made in Italy; PhD Design; Design,nocluster
DESIGN E CONTINUITA' COMPETITIVA. Creatività e strategia per affrontare il passaggio generazionale,"VIGNATI, ARIANNA",2009,06.1 Curatela,DESIGN; PMI; CONTINUITA' COMPETITIVA; PASSAGGIO GENERAZIONALE; STRATEGIA; SCENARI; NUOVO MADE IN ITALY; TRAIETTORIE DI INNOVAZIONE,nocluster
Pratiche sostenibili. Itinerari del design nella ricerca italiana,"VEZZOLI, CARLO ARNALDO;Veneziano R.",2009,06.1 Curatela,-,nocluster
Another Med_Another Design,"A. Can Ozcan;FERRARA, MARIA RITA",2009,06.1 Curatela,-,nocluster
Sustainable mobility,"FASSI, DAVIDE;GIUNTA, ELENA ENRICA;REBAGLIO, AGNESE",2009,06.1 Curatela,-,nocluster
La didattica del disegno nei corsi di laurea in design. Giornata di studio. 27 maggio 2009.,"AMORUSO, GIUSEPPE;BISTAGNINO, ENRICA;BREVI, FAUSTO;CECONELLO, MAURO ATTILIO;COCCHIARELLA, LUIGI;GUIDI, GABRIELE;PIERLUISI, GABRIELE;ROSSI, MICHELA",2009,06.1 Curatela,Didattica del disegno; Disegno; Design; Dipartimento INDACO; Corsi di Studio; Facoltà del Design; Università.,nocluster
AD HONOREM,"GALBIATI, MARIA LUISA",2009,06.1 Curatela,-,nocluster
Giardino comanda color,"MAZZANTI, ANNA",2009,06.1 Curatela,arte ambientale; parchi di scultura; arte e bambini; arte e paesaggio,nocluster
"Mobili e Collaborativi. Telefoni mobili, servizi digitali, e dinamizzazione socioculturale.","MANZINI, EZIO;PILLAN, MARGHERITA;BUGANZA, TOMMASO;G. Ferri;BIANCHINI, MASSIMO",2009,06.1 Curatela,-,nocluster
Designing Designers: Office and  Workplaces for Knowledge workers,"SCULLICA, FRANCESCO;SCHOONBRODT, ANNE HUBERT EUGENIE",2009,06.1 Curatela,-,nocluster
Opening Soon,"COLLINA, LUISA MARIA VIRGINIA;L. Pollini",2009,06.1 Curatela,-,nocluster
Made in Cassina (ed. fr.),"BOSONI, GIAMPIERO",2009,06.1 Curatela,Design; italian design; furniture design; Gio Ponti; transatlantici; Carlo De Carli; Vico Magistretti; Gianfranco Frattini; Ico Parisi; Mario Bellini; Gaetano Pesce; Philippe Starck; Paolo Deganello..,nocluster
"Nullaosta. Grafica, confini, relazioni","GUIDA, FRANCESCO ERMANNO;G. CHIA;L. ROSCINI;M. SIGNORILE",2009,06.1 Curatela,-,nocluster
Mendini,"FINESSI, GIUSEPPE",2009,06.1 Curatela,-,nocluster
Angelo Mangiarotti. Scolpire/Costruire,"FINESSI, GIUSEPPE",2009,06.1 Curatela,-,nocluster
"III Congreso Internacional de Sinestesia, Ciencia y Arte","M. J. De Córdoba;E. M. Hubbard;RICCO', DINA;S. A. Day",2009,06.1 Curatela,Synesthesia; Perception; Creativity; Neuroscience,nocluster
IndossaME. Il design e le tecnologie indossabili,"CANINA, MARIA RITA",2010,06.1 Curatela,-,nocluster
Argomenti di ergonomia. Un glossario (Vol. 2),"PIZZOCARO, SILVIA LUISA;FIGIANI, MAURIZIO",2010,06.1 Curatela,Studi sull'utente; Studi di ergonomia; Design antropo-centrico,nocluster
"AdvanceDesign. Visioni, percorsi e strumenti per predisporsi all'innovazione continua.","CELI, MANUELA",2010,06.1 Curatela,-,nocluster
MetaModa. Percorsi di ricerca per il design del prodotto moda,"BERTOLA, PAOLA;COLOMBI, CHIARA",2010,06.1 Curatela,-,nocluster
Notes on Doctoral Research in Design. Contributions from the Politecnico di Milano,"GUERRINI, LUCA",2010,06.1 Curatela,Design Research,nocluster
Codex Atlanticus. Macchine per l'architettura e il territorio. Disegni di Leonardo dal Codice Atlantico,"MARANI, PIETRO;CORDERA, PAOLA",2010,06.1 Curatela,Leonardo da Vinci; disegni; tecnologia; architettura; macchine,nocluster
Leonardo da Vinci. Il Musico,"MARANI, PIETRO",2010,06.1 Curatela,Leonardo; dipinti; Ambrosiana; musica,nocluster
"Sustainability in design: now! Challenges and opportunities for design research, education and practice in the XXI century.","CESCHIN, FABRIZIO;VEZZOLI, CARLO ARNALDO;J. Zhang",2010,06.1 Curatela,-,nocluster
Colore e colorimetria contributi multidisciplinari Vol VI,"ROSSI, MAURIZIO",2010,06.1 Curatela,-,nocluster
Colore. quaderni di cultura e progetto del colore / notes on colour culture and design,"BOERI, CRISTINA",2010,06.1 Curatela,-,nocluster
Innovazione nel packaging design. Riflessioni e strumenti.,"BUCCHETTI, VALERIA LUISA;CIRAVEGNA, ERIK",2010,06.1 Curatela,-,nocluster
Latitudine 45°40'80'' - Longitudine 9°15'20''. Milanofiori Nord,"BARBARA, ANNA;L. Molinari",2010,06.1 Curatela,-,nocluster
Luigi Ferrario. Paesaggi costruiti,"CIAGA', GRAZIELLA LEYLA;FERABOLI, MARIA TERESA",2010,06.1 Curatela,Architettura contemporanea; Luigi Ferrario,nocluster
"La semiotica e il progetto 2. Spazi, oggetti, interfacce","C. Bianchi;F. Montanari;ZINGALE, SALVATORE",2010,06.1 Curatela,-,nocluster
"Novecento Sedotto, il fascino del Seicento fra le due guerre","MAZZANTI, ANNA;L. Mannini;V. Gensini",2010,06.1 Curatela,-,nocluster
"Ospiti Inaspettati. Case di ieri, design di oggi","FINESSI, GIUSEPPE",2010,06.1 Curatela,-,nocluster
Inventario 01,"FINESSI, GIUSEPPE",2010,06.1 Curatela,-,nocluster
Luigi Ferrario. Paesaggi costruiti,"CIAGA', GRAZIELLA LEYLA;FERABOLI, MARIA TERESA",2010,06.1 Curatela,-,nocluster
Design for Services,"MERONI, ANNA;SANGIORGI, DANIELA",2011,06.1 Curatela,Service Design; Design for Services; Design for Sustainability; Strategic Design; Product Service System Design,nocluster
"On the road. Bob Noorda, il grafico del viaggio (titolo inglese ""On the road. Bob Noorda: travelling with a graphic designer"").","GUIDA, FRANCESCO ERMANNO;FERRARA, CINZIA",2011,06.1 Curatela,Design della comunicazione; progetto grafico; identità visiva; editoria.,nocluster
La ricerca nel disegno di design. giornata di studio 20 ottobre 2010,"AMORUSO, GIUSEPPE;BISTAGNINO, ENRICA;BREVI, FAUSTO;CECONELLO, MAURO ATTILIO;GUIDI, GABRIELE;PIERLUISI, GABRIELE;ROSSI, MICHELA;RUSSO, MICHELE",2011,06.1 Curatela,Disegno; Rappresentazione; Design del Prodotto; Design della Moda; Design della Comunicazione; Design degli Interni; Design dei Beni culturali,nocluster
"Il segno continuo. Simonetta Ferrante.Grafica tra arte, calligrafia e design","GUIDA, FRANCESCO ERMANNO;Lorenzo Grazzani",2011,06.1 Curatela,-,nocluster
Type Design. Esperienze progettuali tra teoria e prassi.,"GUIDA, FRANCESCO ERMANNO;ILIPRANDI, GIANCARLO",2011,06.1 Curatela,-,nocluster
Comunicazione a misura d'uomo,"PILLAN, MARGHERITA",2011,06.1 Curatela,-,nocluster
"Realtà, simulazione e progetto. Il ruolo del modello","AMORUSO, GIUSEPPE;Enica Bistagnino;BREVI, FAUSTO;Mauro Cecconello;PIERLUISI, GABRIELE;ROSSI, MICHELA;RUSSO, MICHELE",2011,06.1 Curatela,modello; modellazione digitale; modelli del colore; disegno; reverse modeling; virtual prototyping,nocluster
"Realtà, simulazione e progetto. Il ruolo del modello","AMORUSO, GIUSEPPE;Enica Bistagnino;BREVI, FAUSTO;Mauro Cecconello;PIERLUISI, GABRIELE;ROSSI, MICHELA;RUSSO, MICHELE",2011,06.1 Curatela,disegno; modello; design.,nocluster
Franco Albini,"BOSONI, GIAMPIERO",2011,06.1 Curatela,Albini; design; interior design; mobili; architettura d'interni; Helg; Cassina; Poggi; Arflex,nocluster
Color and Colorimetry Multidisciplinary Contributions,"ROSSI, MAURIZIO",2011,06.1 Curatela,-,nocluster
Colore e colorimetria contributi multidisciplinari,"ROSSI, MAURIZIO",2011,06.1 Curatela,-,nocluster
Cruciale,"FINESSI, GIUSEPPE",2011,06.1 Curatela,-,nocluster
Di vaso in fiore,"FINESSI, GIUSEPPE",2011,06.1 Curatela,-,nocluster
Inventario 02,"FINESSI, GIUSEPPE",2011,06.1 Curatela,-,nocluster
Inventario 03,"FINESSI, GIUSEPPE",2011,06.1 Curatela,-,nocluster
"Per l’esposizione, mi raccomando…!Milano e l’Esposizione internazionale del Sempione del 1906 nei documenti del Castello Sforzesco.","RICCI, GIULIANA;CORDERA, PAOLA",2011,06.1 Curatela,Esposizioni; Milano; 1906,nocluster
Leonardo: il Genio il Mito,"MARANI, PIETRO;PEDRETTI, C.;SALVI, P.;VITULO, C.;BARILLI, R.",2011,06.1 Curatela,Leonardo; Mito; Disegni; Pittura; Fortuna,nocluster
Altre figure. Intorno alle figure di argomentazione,"BUCCHETTI, VALERIA LUISA",2011,06.1 Curatela,-,nocluster
L’oggetto nell’arte contemporanea. Uso e riuso,"E. Crispolti;MAZZANTI, ANNA",2011,06.1 Curatela,oggetto; ready made; oggettori; riuso; estetica dell'oggetto; object trouvé,nocluster
PROGETTARE UN GIOCO NON E' UN GIOCO,"FOIS, LUCA;VIGNATI, ARIANNA",2011,06.1 Curatela,-,nocluster
"COMUNICARE IN MOVIMENTO, COMMUNICATION IN MOTION","BRUNO, DAVIDE MARIA",2011,06.1 Curatela,-,nocluster
"Abitare. 50 anni di design: case, architetture, oggetti, fotografie, mode, design, viaggi – 1961-2011","PIAZZA, MARIO",2011,06.1 Curatela,-,nocluster
"Realtà, simulazione e progetto. Il ruolo del modello","AMORUSO, GIUSEPPE;BISTAGNINO, ENRICA;BREVI, FAUSTO;CECONELLO, MAURO ATTILIO;PIERLUISI, GABRIELE;ROSSI, MICHELA;RUSSO, MICHELE",2011,06.1 Curatela,Disegno; modello; progetto; colore; rappresentazione,nocluster
Inventario 04,"FINESSI, GIUSEPPE",2011,06.1 Curatela,-,nocluster
Design for innovative communities,"FASSI, DAVIDE;REBAGLIO, AGNESE",2011,06.1 Curatela,GIDE; design; communities; innovazione; internazionale,nocluster
Emilio Ambasz.Invenciones: arquitectura y Diseno,"IRACE, FULVIO",2011,06.1 Curatela,Catalogo della mostra al Museo Nacional  de Arte Reina Sofia; Madrid; dicembre 2011,nocluster
MuVi3. Video and moving image on synesthesia and visual music / MuVi3. Vídeo e imagen en movimiento sobre sinestesia y música visual,"RICCO', DINA;M. J. De Córdoba",2012,06.1 Curatela,-,nocluster
Milano Maths in the city. A mathematical tour of Milanese Architecture - itinerario matematico dell'architettura milanese.,"ROSSI, MICHELA;Sylvie Duvernoy;Giampiero Mele",2012,06.1 Curatela,"Architettura e matematica; architecture and mathematics
disegno; drawing
proporzioni; proportions",nocluster
Nexus Ph.D. Day. Relationschip between Architecture and Mathematics,"ROSSI, MICHELA",2012,06.1 Curatela,design and mathematics; design theory and analysis; design grammars; Harmony and Architecture; parametric design; digital models; archeoastronomy,nocluster
DPPI11. Designing Pleasurable Products and Interfaces. Proceedings,"CAUTELA, CABIRIO;DESERTI, ALESSANDRO;RIZZO, FRANCESCA;ZURLO, FRANCESCO",2012,06.1 Curatela,-,nocluster
Moda e arte,"PEDRONI, MARCO LUCA;VOLONTE', PAOLO GAETANO",2012,06.1 Curatela,-,nocluster
Color and colorimetry Multidisciplinary contribution - Vol VIIIb,"ROSSI, MAURIZIO",2012,06.1 Curatela,-,nocluster
Colore e colorimetria Contributi Multidisciplinari Vol VIIIa,"ROSSI, MAURIZIO;SINISCALCO, ANDREA",2012,06.1 Curatela,-,nocluster
Fare Lume,"FINESSI, GIUSEPPE",2012,06.1 Curatela,Candela; Arte; Design,nocluster
Design Research: Between Scientific Method and Project Praxis. Notes on Doctoral Research in Design 2012,"RAMPINO, LUCIA ROSA ELENA",2012,06.1 Curatela,-,nocluster
Inventario 05,"FINESSI, GIUSEPPE",2012,06.1 Curatela,-,nocluster
Giulio Iaccheti Research Experiences in Design,"BIAMONTI, ALESSANDRO",2012,06.1 Curatela,-,nocluster
Exhibit,"FASSI, DAVIDE;REBAGLIO, AGNESE;I. Vegni",2012,06.1 Curatela,-,nocluster
Il gioiello utile:Ornamenti RFID le nuove frontiere dell'ornamento,"CAPPELLIERI, ALBA;L. Tenuta;V. Vecchi",2012,06.1 Curatela,jewellery; design; technology; rfid; innovation; fashion design,nocluster
"Descriptive Geometry and Digital Rrepresentation: 
Memory and Innovation","ROSSI, MICHELA",2012,06.1 Curatela,-,nocluster
Design della Maglieria. Appunti su metodi progettuali e lavorazioni,"CONTI, GIOVANNI MARIA",2012,06.1 Curatela,-,nocluster
Representing Museum Technologies,"J. Allen;LUPO, ELEONORA",2012,06.1 Curatela,"Museum technologies, Design for Cultural Heritage",nocluster
Anticorpi comunicativi.Progettare per la comunicazione di genere,"BAULE, GIOVANNI;BUCCHETTI, VALERIA LUISA",2012,06.1 Curatela,stereotipi comunicativi; progetto; culture di genere; design critico,nocluster
"Gli archivi di architettura, design e grafica in Lombardia. Censimento delle fonti","CIAGA', GRAZIELLA LEYLA",2012,06.1 Curatela,Archivi di architettura e design; Storia dell'architettura e del design; Archivi; fondi; collezioni; raccolte; Censimento; Italia/Lombardia,nocluster
Grafica del made in Italy / Made in Italy graphic design,"PIAZZA, MARIO",2012,06.1 Curatela,-,nocluster
TDM 5: Grafica italiana,"G. Camuffo;PIAZZA, MARIO;C. Vinti",2012,06.1 Curatela,-,nocluster
"Poltrona Frau.
L'intelligenza delle mani","PIAZZA, MARIO",2012,06.1 Curatela,-,nocluster
Poltrona Frau: Intelligence in Our Hands,"PIAZZA, MARIO",2012,06.1 Curatela,-,nocluster
The Contemporary Interior Landscape,"BOSONI, GIAMPIERO;REBAGLIO, AGNESE;SCULLICA, FRANCESCO;REBAGLIO AGNESE",2012,06.1 Curatela,-,nocluster
The Contemporary Interior Landscape,"BOSONI, GIAMPIERO;REBAGLIO, AGNESE;SCULLICA, FRANCESCO",2012,06.1 Curatela,-,nocluster
Packaging design e pubblica utilità. Sperimentazioni in cartone per comunicare la sicurezza domestica,"CIRAVEGNA, ERIK;TOLINO, UMBERTO",2012,06.1 Curatela,-,nocluster
Inventario 06,"FINESSI, GIUSEPPE",2012,06.1 Curatela,-,nocluster
Esperienza e formazione,mario bisson,2013,06.1 Curatela,"colore, design, environmental",nocluster
Verso l'era postdigitale. Disegnare il progetto tra design e architettura.,"UdRD Design Representation;AMORUSO, GIUSEPPE;BREVI, FAUSTO;Mauro Ceconello;PIERLUISI, GABRIELE;ROSSI, MICHELA;RUSSO, MICHELE",2013,06.1 Curatela,disegno digitale; rendering; progetto,nocluster
"Geometria, spazio, colore. Ricerche per la rappresentazione e il progetto","ROSSI, MICHELA",2013,06.1 Curatela,colore; rappresentazione; progetto,nocluster
Colour and Colorimetry Multidisciplinary Contributions Vol. IXb,"ROSSI, MAURIZIO",2013,06.1 Curatela,-,nocluster
Colore e colorimetria contributi multidisciplinari Vol IXa,"ROSSI, MAURIZIO;SINISCALCO, ANDREA",2013,06.1 Curatela,-,nocluster
Made in slums. Mathare Nairobi,"IRACE, FULVIO",2013,06.1 Curatela,-,nocluster
Creativity for local enterprises,"FASSI, DAVIDE;REBAGLIO, AGNESE",2013,06.1 Curatela,enterprises; creativity; spatial; interior,nocluster
E' il design una narrazione? Design e narrazioni,"PENATI, ANTONELLA VALERIA",2013,06.1 Curatela,design e metanarrazioni; design e narrazioni tangibili; design e comunità testuali,nocluster
Il design costruisce mondi. Design e narrazioni,"PENATI, ANTONELLA VALERIA",2013,06.1 Curatela,design; narrazioni visive; innovazione,nocluster
Il design vive di oggetti-discorso. Design e narrazioni.,"PENATI, ANTONELLA VALERIA",2013,06.1 Curatela,design; narrazioni; oggetti; cultura materiale,nocluster
Design & Cultural Heritage. Archivio animato,"IRACE, FULVIO;CIAGA', GRAZIELLA LEYLA",2013,06.1 Curatela,-,nocluster
Inventario 07,"FINESSI, GIUSEPPE",2013,06.1 Curatela,-,nocluster
Inventario 08,"FINESSI, GIUSEPPE",2013,06.1 Curatela,-,nocluster
Progetto Cibo. La Forma del Gusto,"FINESSI, GIUSEPPE",2013,06.1 Curatela,-,nocluster
Intorno al libro,"FINESSI, GIUSEPPE",2013,06.1 Curatela,-,nocluster
"Design e memoria del Temporaneo/Design 
and memory of the Ephemeral","LUPO, ELEONORA;TROCCHIANESI, RAFFAELLA",2013,06.1 Curatela,Cultural design; temporaneo; allestimento; digital heritage,nocluster
"Immateriale, virtuale, interattivo","IRACE, FULVIO",2013,06.1 Curatela,archivio; heritage materiale e immateriale,nocluster
Autentico Contemporaneo. Design e Attivazione dei saperi tipici e maestri artigiani milanesi,"LUPO, ELEONORA",2013,06.1 Curatela,"Design for Cultural Heritage, Craft, Cultural intensive artefact",nocluster
(1:13). The thirteen chairs that were never painted in Leonardo's Last Supper / (1:13). Le tredici sedie mai dipinte nell´Ultima cena di Leonardo,"CRIPPA, DAVIDE;DI PRETE, BARBARA",2013,06.1 Curatela,-,nocluster
Overfashion. Nuove prospettive per la moda nella società che ingrassa,"CANINA, MARIA RITA;VOLONTE', PAOLO GAETANO",2014,06.1 Curatela,-,nocluster
Il Design Italiano Oltre le Crisi,"FINESSI, GIUSEPPE",2014,06.1 Curatela,-,nocluster
Agostino Arrivabene. Vesperbild,"MARANI, PIETRO",2014,06.1 Curatela,arte contemporanea,nocluster
Ripensare il disegno/rethinking design (introduzione).,"ROSSI, MICHELA;Andrea Casale;a. cura di",2014,06.1 Curatela,progettazione digitale; digital prototyping; dynamic response,nocluster
Dove vivono gli architetti,"IRACE, FULVIO;MOLTENI, FRANCESCA BIANCA MARIA;Pizzigoni D.",2014,06.1 Curatela,interior design; exhibition design,nocluster
"Materials Experience: Fundamentals of
Materials and Design","Elvin Karana;Owain Pegley;ROGNOLI, VALENTINA",2014,06.1 Curatela,-,nocluster
INVENTARIO 09,"FINESSI, GIUSEPPE",2014,06.1 Curatela,-,nocluster
"TEXTILE VIVANT.
Percorsi, esperienze e ricerche del textile design.
Tracks, experiences and Researches in textile design","CONTI, GIOVANNI MARIA;DEL CURTO, BARBARA;FIORANI, ELEONORA;SOLDATI, MARIA GRAZIA",2014,06.1 Curatela,-,nocluster
"A Matter of Design: Making Society trough Science and Technology
Proceedings of the 5th STS Italia Conference","C. Coletta;COLOMBO, SARA;P. Magaudda;A. Mattozzi;L. Parolin;RAMPINO, LUCIA ROSA ELENA",2014,06.1 Curatela,-,nocluster
Overfashion. Nuove prospettive per la moda nella società che ingrassa,"CANINA, MARIA RITA;VOLONTE', PAOLO GAETANO",2014,06.1 Curatela,-,nocluster
INVENTARIO 10,"FINESSI, GIUSEPPE",2014,06.1 Curatela,-,nocluster
Colore e colorimetria contributi multidisciplinari Vol Xa,"ROSSI, MAURIZIO;Veronica Marchiafava",2014,06.1 Curatela,-,nocluster
Colour and Colorimetry Multidisciplinary Contributions Vol. Xb,"ROSSI, MAURIZIO",2014,06.1 Curatela,-,nocluster
Fashion Made in Italy. Special Issue,"BERTOLA, PAOLA;COLOMBI, CHIARA",2014,06.1 Curatela,-,nocluster
"CIMODE 2014
2° Congresso internazionale di Moda e Design
2° International Fashion and Design Congress","GADDI, ROSSANA;CAPPELLIERI, ALBA;DELL'ACQUA BELLAVITIS, ARTURO",2014,06.1 Curatela,-,nocluster
SERVICE DESIGN RESEARCH UK NETWORK Mapping and developing Service Design Research in the UK,"SANGIORGI, DANIELA;Prendiville, Alison;Ricketts, Amy",2014,06.1 Curatela,-,nocluster
"ServDes.2014 Service Future, Proceedings of the fourth Service Design and Service Innovation Conference","SANGIORGI, DANIELA;Murphy, Emma;Hands, David",2014,06.1 Curatela,-,nocluster
Italian material design: imparando dalla storia,"BOSONI, GIAMPIERO;FERRARA, MARIA RITA",2014,06.1 Curatela,"design culture, design driven innovation, Design history, Italian Culture of Materials Design, material, technological innovation",nocluster
Design research on temporary homes,"GIUNTA, ELENA ENRICA;REBAGLIO, AGNESE",2014,06.1 Curatela,-,nocluster
Colour and Colorimetry Multidisciplinary Contributions Vol. XIb,"ROSSI, MAURIZIO;CASCIANI, DARIA",2015,06.1 Curatela,-,nocluster
Colore e colorimetria contributi multidisciplinari Vol XIa,"ROSSI, MAURIZIO;Marchiafava, Veronica",2015,06.1 Curatela,"Colore, illuminazione, percezione visiva, design, comunicazione",nocluster
"Bellezza divina. Fra Van Gogh, Chagall e Fontana","MAZZANTI, ANNA;Mannini, Lucia;Sisi, Carlo;Sebregondi, Ludovica",2015,06.1 Curatela,"arte sacra, simbolismo, classicismo, arte del XIX secolo, arte del XX secolo",nocluster
ColtivAzioni Sociali Urbane. Innovazione sociale di quartiere,"VILLARI, BEATRICE",2015,06.1 Curatela,-,nocluster
GEOGRAFIE,"FINESSI, GIUSEPPE",2015,06.1 Curatela,-,nocluster
Cose d'archivio. I modelli di design e architettura presso il CASVA,"FERABOLI, MARIA TERESA",2015,06.1 Curatela,modelli di design; modelli di architettura; De Pas - D'Urbino - Lomazzi; Vittorio Gregotti; Luciano Baldessari; Francesco Gnecchi-Ruscone; Giovanni Sacchi,nocluster
Mondi a Milano,"IRACE, FULVIO;MAZZANTI, ANNA;Negri A.;Orsini C.;Pugliese M.;SELVAFOLTA, ORNELLA",2015,06.1 Curatela,-,nocluster
"Advanced Design Culture, Long-Term Perspective and Continuous Innovation","CELI, MANUELA",2015,06.1 Curatela,Advanced Design; design driven innovation; design research; product design,nocluster
Mondi a Milano,"IRACE, FULVIO;MAZZANTI, ANNA;M. G. Messina;C. Orsini;SELVAFOLTA, ORNELLA",2015,06.1 Curatela,orientalismo; esposizioni; arte coloniale; esotismo,nocluster
Textile Vivant. Scenari dell'innovazione del tessile,"CONTI, GIOVANNI MARIA;DEL CURTO, BARBARA;Fiorani, Eleonora;GADDI, ROSSANA;SOLDATI, MARIA GRAZIA",2015,06.1 Curatela,-,nocluster
Proceedings of the Cumulus Milano 2015 Conference – The Virtuous Circle. Design Culture and Experimentation,"COLLINA, LUISA MARIA VIRGINIA;GALLUZZO, LAURA;MERONI, ANNA",2015,06.1 Curatela,Design Culture; Design Experimentation.,nocluster
MuVi4. Video and moving image on synesthesia and visual music / MuVi4. Vídeo e imagen en movimiento sobre sinestesia y música visual,"RICCO', DINA;María José de Córdoba",2015,06.1 Curatela,"Synesthesia, Visual Music, Motion graphics",nocluster
Actas V Congreso Internacional de Sinestesia: Ciencia y Arte,"RICCO', DINA;M. José De Córdoba Serrano;Sean A. Day;Julia López de la Torre;Joerg Jewansky",2015,06.1 Curatela,"Sinestesia, Arte, Scienza",nocluster
Curarsi Lontano da Casa,"SCULLICA, FRANCESCO;Giovanni Del Zanna;Roberta Co",2015,06.1 Curatela,"Ospitalità, case di accoglienza, turismo sanitario, mobilità sanitaria, interior design, ospedali, case di cura, poli di ricerca medico-scientifica, progettazione accessibile, design for all",nocluster
"DeSForM 2015 – Aesthetics of Interaction: Dynamic, Multisensory, Wise","Chen, L.;Djajadiningrat, T.;Feijs, L.;Hu, J.;Kyffin, S.;RAMPINO, LUCIA ROSA ELENA;Rodriguez, E.;Steffen, D.",2015,06.1 Curatela,-,nocluster
Il Nuovo vocabolario della moda italiana,"BERTOLA, PAOLA;LINFANTE, VITTORIO",2015,06.1 Curatela,-,nocluster
Storie di interni. L'architettura dello spazio domestico moderno,"IRACE, FULVIO",2015,06.1 Curatela,abitare moderno; abitare contemporaneo,nocluster
Global Tools 1973-1975,"FRANCESCHINI, SILVIA",2015,06.1 Curatela,"education, ecology, industry, survivalism, marginality, communication, body, failure, community, theory, construction, technology, handcraft",nocluster
From Storytelling to Intercreativity in the Era of Distributed Authorship,"CIASTELLARDI, MATTEO;Di Rosario, Giovanna",2015,06.1 Curatela,"Transmedia Literacy, Media Studies, Cultural Studies",nocluster
Nutrendo Anima e corpo. Itinerari di delizia tra le Ville Del Sacro Monte Sopra Varese/Feeding body and soul. Delightful journeys among villas in Sacro Monte above Varese,"BAILA, ANGELA;ANZANI, ANNA;CARAMEL, CLAUDIA",2015,06.1 Curatela,"Liberty, Varese, bellezza, itinerari, cibo",nocluster
Interni inclusivi. Dialoghi trasversali,"BARBARA, ANNA;Ceresoli, J.;CHIODO, SIMONA",2016,06.1 Curatela,-,nocluster
Interni Inclusivi. Dialoghi trasversali,"CHIODO, SIMONA;BARBARA, ANNA;Ceresoli, Jacqueine",2016,06.1 Curatela,-,nocluster
Pad#13 Design for Territories,"PARENTE, MARINA;SEDINI, CARLA",2016,06.1 Curatela,-,nocluster
Human Smart Cities. Rethinking the interplay between Design and Planning,"CONCILIO, GRAZIA;RIZZO, FRANCESCA",2016,06.1 Curatela,-,nocluster
INVENTARIO 12,"FINESSI, GIUSEPPE",2016,06.1 Curatela,-,nocluster
Cartaditalia n.2. Il design italiano. Unità e pluralità,"FINESSI, GIUSEPPE",2016,06.1 Curatela,-,nocluster
Quasi segreti,"FINESSI, GIUSEPPE",2016,06.1 Curatela,-,nocluster
Stanze. Altre filosofie dell'abitare - Rooms. Novel Living Concepts,"FINESSI, GIUSEPPE",2016,06.1 Curatela,-,nocluster
Umanesimo contemporaneo. Gli archivi di Gregotti-Meneghetti-Stoppino e della società Gregotti Associati conservati presso il CASVA,"FERABOLI, MARIA TERESA",2016,06.1 Curatela,"Gregotti Associati, Gregotti-Meneghetti-Stoppino",nocluster
INTERDISCIPLINARY RESEARCH AND EDUCATION AGENDA. A DESIGN DRIVEN PERSPECTIVE,"VACCA, FEDERICA;Warshavski T.",2016,06.1 Curatela,-,nocluster
"DESIGNING MULTIVOCAL MUSEUMS. Intercultural Practices at Museo Diocesano, Milano",R. Capurro;E. Lupo,2016,06.1 Curatela,-,nocluster
"Design management. Gestire strategie, processi e implementazione",F. Zurlo,2016,06.1 Curatela,-,nocluster
"Boardgame Interior Design. Ricerca, progetto e comunicazione per lo spazio del gioco nella contemporaneità",R. Zamporri;F. Scullica;M. Bertolo,2016,06.1 Curatela,Interior design,nocluster
"La gestione delle risorse, dei cantieri e degli immobili",Massimo Bonechi;Davide Bruno;Masimo Cartone,2016,06.1 Curatela,-,nocluster
Maglieria Made in Italy. Knitwear stories and knit talks,"CONTI, GIOVANNI MARIA;POLETTI, FEDERICO;RINALDI, COSTANZA CHIARA FRANCESCA",2016,06.1 Curatela,-,nocluster
Artefatti concreti. Temi di fondamento per il design di prodotto,"PIZZOCARO, SILVIA LUISA",2016,06.1 Curatela,"design, artefatti, teoria del design",nocluster
Leonardo da Vinci. Metodi e tecniche per la costruzione della conoscenza,"MARANI, PIETRO;MAFFEIS, RODOLFO",2016,06.1 Curatela,Leonardo da Vinci / Arte / Scienza/ Tecnica,nocluster
Design è traduzione. Il paradigma traduttivo per la cultura del progetto,"BAULE, GIOVANNI;CARATTI, ELENA",2016,06.1 Curatela,-,nocluster
Polimi Design PhD_017,"BIAMONTI, ALESSANDRO;GUERRINI, LUCA",2017,06.1 Curatela,-,nocluster
"Archeologia del Cenacolo. Ricostruzioni e fortuna dell'icona leonardesca: disegni, incisioni, fotografie","MARANI, PIETRO;Mori, G.",2017,06.1 Curatela,"Leonardo, Ultima Cena, Copie, Incisioni, Fotografie",nocluster
Fare Luce,"FINESSI, GIUSEPPE",2017,06.1 Curatela,-,nocluster
Eccedenze. Tra innovazione e culture del design,"PIZZOCARO, SILVIA LUISA",2017,06.1 Curatela,culture del design,nocluster
"Design is translation. The translation paradigm for design culture. ""Design and translation"": a Manifesto","BAULE, GIOVANNI;CARATTI, ELENA",2017,06.1 Curatela,-,nocluster
Teoria/Pratica. Dialoghi sul Design per i Territori 01,"PARENTE, MARINA;LUPO, ELEONORA;SEDINI, CARLA",2017,06.1 Curatela,Design per i Territori,nocluster
"Memoria, Bellezza e Transdisciplinarità - riflessioni sull’attualità di Roberto Pane","ANZANI, ANNA",2017,06.1 Curatela,"Tempo, bellezza, psiche, luoghi, spazio, memoria",nocluster
Una chimera del Novecento Il leone di Monterosso di Arturo Martini,"MAZZANTI, ANNA;Mannini, L.;Lucchesi, S.;Gensini, V.",2017,06.1 Curatela,"scultura fra le due guerre, Etruschi, etruschi del Novecento, pop art",nocluster
art/tapes/22 Le origini della videoarte,"MAZZANTI, ANNA",2017,06.1 Curatela,"video arte, performance, body arte, arte concettuale, sperimentazione, poesia visiva, video installazione",nocluster
"Santa Maria di Piazza in Busto Arsizio. ""Chiesa di moltissima divotione, et fabrica non meno bella che vaga""","MARANI, PIETRO CESARE",2017,06.1 Curatela,"Architettura lombarda, scultura, pittura, restauro",nocluster
In the neighbourhood. Spatial Design and Urban Activation,B. Camocini;D. Fassi,2017,06.1 Curatela,"Neighbourhood, Urban Activation, Temporary Reuse, Spatial Design",nocluster
Computational Morphologies. Design Rules between Organic Models and Responsive Architecture,M. Rossi;G. Buratti,2017,06.1 Curatela,-,nocluster
"Un nuovo individualismo? Individualizzazione, soggettività e legame sociale",p. volonte;c. leccardi,2017,06.1 Curatela,-,nocluster
Sociotechnical Environments: Proceedings of the 6th STS ITALIA CONFERENCE,"CRABU, STEFANO;P. Giardullo;F. Miele;M. Turrini",2017,06.1 Curatela,-,nocluster
NAUTICA +++. Additive Manufacturing in campo Navale e Nautico,A. Bionda;A. Ratti,2017,06.1 Curatela,-,nocluster
ENVIRONMENTAL DESIGN - 2^  International Conference on Environmental Design,M. BISSON,2017,06.1 Curatela,"ENVIRONMENTAL, DESIGN",nocluster
Designing for Service. Key Issues and New Directions,"SANGIORGI, DANIELA;Prendiville, Alison",2017,06.1 Curatela,-,nocluster
Tangibile/Intangibile. Dialoghi sul Design per i Territori 02,M. Parente;E. Lupo;C. Sedini,2017,06.1 Curatela,Design per I territori,nocluster
Electric Vehicle Sharing Services for Smarter Cities,"BIGNAMI, DANIELE FABRIZIO;COLORNI VITALE, ALBERTO;LUE', ALESSANDRO;NOCERINO, ROBERTO;ROSSI, MATTEO GIOVANNI;S. M. Savaresi",2017,06.1 Curatela,-,nocluster
"Wireless Mobile Communication and Healthcare. 6.th International Conference, MobiHealth 2016 Milan, Italy, November 14–16, 2016 Proceedings.",P. Perego;G. Andreoni;G. Rizzo,2017,06.1 Curatela,-,nocluster
WHAT'S FASHION IT'S METHOD,C. Lunghi;F. R. Rinaldi;M. Turinetto,2018,06.1 Curatela,"Fashion, Method, Luxury; University; Milano Fashion Institute, Politecnico di Milano; Design",nocluster
Multidisciplinary Design of Sharing Services,M. Bruglieri,2018,06.1 Curatela,-,nocluster
MuVi5. Video and moving image on synesthesia and visual music / MuVi5. Vídeo e imagen en movimiento sobre sinestesia y música visual,"Riccò, Dina;De Córdoba, María José",2018,06.1 Curatela,-,nocluster
"Maglia, punto. Quarant'anni di tesori nascosti nell'archivio MF1","Conti, Giovanni Maria",2018,06.1 Curatela,-,nocluster
Polimi Design PhD_018. 9 PhD Theses on Design as we do in Polimi,A. Biamonti;L. Guerrini;I. Mariani,2018,06.1 Curatela,-,nocluster
Dialogues on Design. Notes on Doctoral Research in Design 2018,L. Guerrini;P. Volonté,2018,06.1 Curatela,-,nocluster
Sharing design sustainable. Innovazione sociale: il flusso dei mezzi di trasporto sostenibile nelle aree metropolitane del futuro.,D. Bruno;G. Crivellaro,2018,06.1 Curatela,-,nocluster
