dc.type.full;dc.identifier.uri;dc.language.iso;dc.date.issued;dc.type.referee;dc.type.circulation;dc.publisher.name;dc.publisher.place;dc.publisher.country;dc.relation.ispartofbook;item.journal.title;dc.relation.medium;dc.relation.conferenceplace;dc.relation.conferencename;;dc.subject.keywords;item.collection;item.openaireRights;dc.description.numberofauthors;dc.authority.people;;;;;;;;
04 CONTRIBUTO IN ATTI DI CONVEGNO::04.1 Contributo in Atti di convegno;http://hdl.handle.net/11311/692909;eng;1986;-0;internazionale;-0;-0;-0;-0;-0;-0;Hakone, Giappone;4th Semiinsulating III-V Materials Conference;;-0;04.1 Contributo in Atti di convegno;none;3;"PILLAN, MARGHERITA;F. Vidimari;A. Orsucci";;;;;;;;
04 CONTRIBUTO IN ATTI DI CONVEGNO::04.1 Contributo in Atti di convegno;http://hdl.handle.net/11311/692906;eng;1987;-0;-0;-0;-0;-0;-0;-0;-0;Bologna, Italia;17th European Solid State Device Research Conference, ESSDERC;;-0;04.1 Contributo in Atti di convegno;none;4;"C. Ghezzi;R. Mosca;E. Gombia;PILLAN, MARGHERITA";;;;;;;;
04 CONTRIBUTO IN ATTI DI CONVEGNO::04.1 Contributo in Atti di convegno;http://hdl.handle.net/11311/692910;eng;1987;-0;-0;-0;-0;-0;-0;-0;-0;Bologna, Italia;17th European Solid State Device Research Conference, ESSDERC;;-0;04.1 Contributo in Atti di convegno;none;2;"PILLAN, MARGHERITA;F. Vidimari";;;;;;;;
04 CONTRIBUTO IN ATTI DI CONVEGNO::04.1 Contributo in Atti di convegno;http://hdl.handle.net/11311/692911;eng;1988;-0;internazionale;-0;-0;-0;-0;-0;-0;Malmo, Svezia;5th Semiinsulating III-V Materials Conference;;-0;04.1 Contributo in Atti di convegno;none;3;"PILLAN, MARGHERITA;F. Vidimari;A. Erenheim";;;;;;;;
04 CONTRIBUTO IN ATTI DI CONVEGNO::04.1 Contributo in Atti di convegno;http://hdl.handle.net/11311/692917;eng;1988;-0;-0;-0;-0;-0;-0;-0;-0;-0;-0;;-0;04.1 Contributo in Atti di convegno;none;3;"G. Donzelli;PILLAN, MARGHERITA;E. Bastida";;;;;;;;
04 CONTRIBUTO IN ATTI DI CONVEGNO::04.1 Contributo in Atti di convegno;http://hdl.handle.net/11311/502081;-0;1992;-0;internazionale;-0;-0;-0;-0;-0;-0;Trolleholm Castle, Sweden;"Learning from Undoing: an Industrial Strategy, Papers from the ""Extended Producer Responsibility"", Invitational Expert Seminar";;-0;04.1 Contributo in Atti di convegno;none;1;PIZZOCARO, SILVIA LUISA;;;;;;;;
04 CONTRIBUTO IN ATTI DI CONVEGNO::04.1 Contributo in Atti di convegno;http://hdl.handle.net/11311/502082;eng;1992;Sì, ma tipo non specificato;internazionale;-0;-0;-0;-0;-0;-0;Nunspeet, The Netherlands;the First NOH European Conference 'Design for the Environment', Nunspeet, The Netherlands,;;-0;04.1 Contributo in Atti di convegno;none;1;PIZZOCARO, SILVIA LUISA;;;;;;;;
04 CONTRIBUTO IN ATTI DI CONVEGNO::04.1 Contributo in Atti di convegno;http://hdl.handle.net/11311/542464;-0;1992;-0;nazionale;-0;-0;-0;Sviluppo e prospettive dei trasporti elettrificati: ricerca ed innovazione - DITEL-CIFI-AEI;-0;-0;Genova;Sviluppo e prospettive dei trasporti elettrificati: ricerca ed innovazione - DITEL-CIFI-AEI;;-0;04.1 Contributo in Atti di convegno;none;2;"ALEI A.;MAJA, ROBERTO";;;;;;;;
04 CONTRIBUTO IN ATTI DI CONVEGNO::04.1 Contributo in Atti di convegno;http://hdl.handle.net/11311/692921;eng;1993;-0;internazionale;-0;-0;-0;-0;-0;-0;Chicago;IEEE International Symposium on Circuits and Systems;;-0;04.1 Contributo in Atti di convegno;none;3;"BRAMBILLA, ANGELO MAURIZIO;D'AMORE, DARIO;PILLAN, MARGHERITA";;;;;;;;
04 CONTRIBUTO IN ATTI DI CONVEGNO::04.1 Contributo in Atti di convegno;http://hdl.handle.net/11311/666930;eng;1994;Sì, ma tipo non specificato;internazionale;IEEE;New York;USA;Proceedings of the 1994 IEEE International Symposium on Circuits and Systems;-0;-0;Londra;1994 IEEE International Symposium on Circuits and Systems;;-0;04.1 Contributo in Atti di convegno;none;2;"PILLAN, MARGHERITA;SCIUTO, DONATELLA";;;;;;;;
04 CONTRIBUTO IN ATTI DI CONVEGNO::04.1 Contributo in Atti di convegno;http://hdl.handle.net/11311/692923;eng;1994;-0;-0;-0;-0;-0;-0;-0;-0;Lafayette, Lousiana;37th Midwest Simposium on Circuit and Systems;;-0;04.1 Contributo in Atti di convegno;none;2;"D'AMORE, DARIO;PILLAN, MARGHERITA";;;;;;;;
04 CONTRIBUTO IN ATTI DI CONVEGNO::04.1 Contributo in Atti di convegno;http://hdl.handle.net/11311/692925;eng;1994;-0;internazionale;-0;-0;-0;-0;-0;-0;Torino, Italia;IEEE European Gallium Arsenide and related III-V Compounds Applications Symposium;;-0;04.1 Contributo in Atti di convegno;none;4;"D. Camin;G. Pessina;E. Previtali;PILLAN, MARGHERITA";;;;;;;;
04 CONTRIBUTO IN ATTI DI CONVEGNO::04.1 Contributo in Atti di convegno;http://hdl.handle.net/11311/692928;eng;1994;-0;internazionale;-0;-0;-0;-0;-0;-0;Londra, Inghilterra;IEEE International Symposium on Circuits and Systems;;-0;04.1 Contributo in Atti di convegno;none;2;"PILLAN, MARGHERITA;SCIUTO, DONATELLA";;;;;;;;
04 CONTRIBUTO IN ATTI DI CONVEGNO::04.1 Contributo in Atti di convegno;http://hdl.handle.net/11311/1049345;ita;1995;Comitato scientifico;nazionale;Draft Politecnico di Milano;Milano;ITA;"Atti del Convegno ""Qualità Totale e Qualità Ambientale"" - Progettazione continua";-0;STAMPA;Milano;Qualità Totale e Qualità Ambientale;;-0;04.1 Contributo in Atti di convegno;info:eu-repo/semantics/closedAccess;1;Davide Bruno;;;;;;;;
04 CONTRIBUTO IN ATTI DI CONVEGNO::04.1 Contributo in Atti di convegno;http://hdl.handle.net/11311/1049357;ita;1995;Comitato scientifico;nazionale;Draft Politecnico di Milano;Mil;ITA;"Atti del Convegno ""Qualità Totale e Qualità Ambientale"" - Assembly, design for disassembling";-0;STAMPA;Mil;"Convegno ""Qualità Totale e Qualità Ambientale""";;-0;04.1 Contributo in Atti di convegno;info:eu-repo/semantics/openAccess;1;Davide bruno;;;;;;;;
04 CONTRIBUTO IN ATTI DI CONVEGNO::04.1 Contributo in Atti di convegno;http://hdl.handle.net/11311/1049360;ita;1995;Comitato scientifico;nazionale;Draft Politecnico di Milano;Milano;ITA;"Atti del Convegno ""Qualità Totale e Qualità Ambientale"" - La prototipazione rapida per lo sviluppo dei prodotti.";-0;STAMPA;Milano;"Convegno ""Qualità Totale e Qualità Ambientale""";;-0;04.1 Contributo in Atti di convegno;info:eu-repo/semantics/openAccess;1;Davide Bruno;;;;;;;;
04 CONTRIBUTO IN ATTI DI CONVEGNO::04.1 Contributo in Atti di convegno;http://hdl.handle.net/11311/692930;eng;1995;-0;internazionale;IEEE;-0;-0;Proceedings IEEE International Conference on Microelectronics, ICM95;-0;-0;Kuala Lumpur, Malaysia;IEEE International Conference on Microelectronics, ICM95;;-0;04.1 Contributo in Atti di convegno;none;4;"BRANDOLESE, CARLO;PILLAN, MARGHERITA;SALICE, FABIO;SCIUTO, DONATELLA";;;;;;;;
04 CONTRIBUTO IN ATTI DI CONVEGNO::04.1 Contributo in Atti di convegno;http://hdl.handle.net/11311/666806;eng;1996;Sì, ma tipo non specificato;internazionale;IEEE;New York;USA;Proceedings of the 1996 IEEE International Symposium on Circuits and Systems - Circuits and Systems Connecting the World (ISCAS 96);-0;-0;Atalanta;1996 IEEE International Symposium on Circuits and Systems - Circuits and Systems Connecting the World (ISCAS 96);;-0;04.1 Contributo in Atti di convegno;none;4;"BRANDOLESE, CARLO;PILLAN, MARGHERITA;SALICE, FABIO;SCIUTO, DONATELLA";;;;;;;;
04 CONTRIBUTO IN ATTI DI CONVEGNO::04.1 Contributo in Atti di convegno;http://hdl.handle.net/11311/692933;eng;1996;-0;internazionale;-0;-0;-0;-0;-0;-0;Atlanta, Georgia (US);IEEE International Symposium on Circuits and Systems;;-0;04.1 Contributo in Atti di convegno;none;4;"BRANDOLESE, CARLO;PILLAN, MARGHERITA;SALICE, FABIO;SCIUTO, DONATELLA";;;;;;;;
04 CONTRIBUTO IN ATTI DI CONVEGNO::04.1 Contributo in Atti di convegno;http://hdl.handle.net/11311/692936;eng;1996;-0;internazionale;-0;-0;-0;-0;-0;-0;Parigi, Francia;IEEE European Gallium Arsenide and related III-V Compounds Applications Symposium;;-0;04.1 Contributo in Atti di convegno;none;3;"PILLAN, MARGHERITA;SALICE, FABIO;G. Ghione";;;;;;;;
04 CONTRIBUTO IN ATTI DI CONVEGNO::04.1 Contributo in Atti di convegno;http://hdl.handle.net/11311/538929;eng;1997;-0;internazionale;-0;-0;-0;-0;-0;-0;Florence, Italy;14th International Congress of EEG and Clinical Neurophysiology;;-0;04.1 Contributo in Atti di convegno;none;3;"ROVETTA, ALBERTO;CANINA, MARIA RITA;F. LORINI";;;;;;;;
04 CONTRIBUTO IN ATTI DI CONVEGNO::04.1 Contributo in Atti di convegno;http://hdl.handle.net/11311/542465;-0;1997;-0;internazionale;-0;-0;-0;WCRR - World Congress on Railway Research;-0;-0;Firenze;WCRR - World Congress on Railway Research;;-0;04.1 Contributo in Atti di convegno;none;4;"MAJA, ROBERTO;MANZINI A.;INZIRILLO F.;ROTONDO G.";;;;;;;;
04 CONTRIBUTO IN ATTI DI CONVEGNO::04.1 Contributo in Atti di convegno;http://hdl.handle.net/11311/542476;-0;1997;-0;nazionale;-0;-0;-0;Atti del 3° Convegno CNR PFT2, Taormina;-0;-0;Taormina;Atti del 3° Convegno CNR PFT2;;-0;04.1 Contributo in Atti di convegno;none;5;"PODEST C.;CEMIN A.;MAJA, ROBERTO;POZZI M.;SADA S.";;;;;;;;
04 CONTRIBUTO IN ATTI DI CONVEGNO::04.1 Contributo in Atti di convegno;http://hdl.handle.net/11311/693181;ita;1997;-0;nazionale;Scheiwiller;Milano;-0;Per ricordare e conoscere: dai laboratori e dagli archivi del Politecnico;-0;-0;Politecnico di Milano;Per ricordare e conoscere: dai laboratori e dagli archivi del Politecnico;;-0;04.1 Contributo in Atti di convegno;none;1;CIAGA', GRAZIELLA LEYLA;;;;;;;;
04 CONTRIBUTO IN ATTI DI CONVEGNO::04.1 Contributo in Atti di convegno;http://hdl.handle.net/11311/502079;eng;1998;Sì, ma tipo non specificato;internazionale;Ohio State University;Columbus, Ohio;USA;"Proceedings of the International Conference ""Doctoral Education in Design""";-0;-0;Wexer Center of the Ohio State University, Columbus, Ohio, United States;Doctoral Education in Design;;Doctoral education in design;04.1 Contributo in Atti di convegno;none;2;"PIZZOCARO, SILVIA LUISA;E. MANZINI";;;;;;;;
04 CONTRIBUTO IN ATTI DI CONVEGNO::04.1 Contributo in Atti di convegno;http://hdl.handle.net/11311/502083;eng;1998;Sì, ma tipo non specificato;internazionale;-0;-0;-0;-0;-0;-0;Roma;The 7th International Conference of The Greening of Industry, 'Partnership and leadership. Building Alliances for a Sustainable Future';;Industrial ecosystems;04.1 Contributo in Atti di convegno;info:eu-repo/semantics/closedAccess;1;PIZZOCARO, SILVIA LUISA;;;;;;;;
04 CONTRIBUTO IN ATTI DI CONVEGNO::04.1 Contributo in Atti di convegno;http://hdl.handle.net/11311/538925;eng;1998;-0;internazionale;J.D. Westwood, H.M. Hoffman et .. IOS Press;AMSTERDAM;NLD;Medicine Meets Virtual Reality;-0;-0;San Diego, CA, USA;Medicine Meets Virtual Reality 6;;-0;04.1 Contributo in Atti di convegno;none;3;"ROVETTA, ALBERTO;F. LORINI;CANINA, MARIA RITA";;;;;;;;
04 CONTRIBUTO IN ATTI DI CONVEGNO::04.1 Contributo in Atti di convegno;http://hdl.handle.net/11311/538926;eng;1998;-0;internazionale;Edited by J.D. Westwood, H.M. Hoffman et al. IOS P;-0;-0;Medicine Meets Virtual Reality 6;-0;-0;San Diego, California, USA;Medicine Meets Virtual Reality 6;;-0;04.1 Contributo in Atti di convegno;none;7;"ROVETTA, ALBERTO;SALA, REMO;M. BRESSANELLI;M. E. GARAVALDI;F. LORINI;R. PEGORARO;CANINA, MARIA RITA";;;;;;;;
04 CONTRIBUTO IN ATTI DI CONVEGNO::04.1 Contributo in Atti di convegno;http://hdl.handle.net/11311/538927;eng;1998;-0;internazionale;G. Morel, F. Vernadat;-0;-0;[Proceedings of the 9th Symposium on Information Control in Manufacturing IFAC];-0;-0;Nancy - Metz, France;9th Symposium on Information Control in Manufacturing (IFAC);;-0;04.1 Contributo in Atti di convegno;none;7;"ROVETTA, ALBERTO;SALA, REMO;M. BRESSANELLI;M. E. GARAVALDI;F. LORINI;R. PEGORARO;CANINA, MARIA RITA";;;;;;;;
04 CONTRIBUTO IN ATTI DI CONVEGNO::04.1 Contributo in Atti di convegno;http://hdl.handle.net/11311/538958;eng;1998;-0;internazionale;-0;-0;-0;IFAC Conference on Manufacturing;-0;-0;Cracow, Polonia;IFAC Conference on Manufacturing;;-0;04.1 Contributo in Atti di convegno;none;7;"ROVETTA, ALBERTO;SALA, REMO;M. BRESSANELLI;M. E. GARAVALDI;F. LORINI;CANINA, MARIA RITA;R. PEGORARO";;;;;;;;
04 CONTRIBUTO IN ATTI DI CONVEGNO::04.1 Contributo in Atti di convegno;http://hdl.handle.net/11311/540876;eng;1998;Sì, ma tipo non specificato;internazionale;ESA, European Space Agency;Noordwijk;NLD;-0;-0;-0;Cagliari, Sardegna, Italy;Explospace. Workshop on Space Exploration and Resources Exploitation;;design; comfort; garments; human factors; microgravity; items; space clothing; space design; wardrobe for space;04.1 Contributo in Atti di convegno;none;1;DOMINONI, ANNALISA
04 CONTRIBUTO IN ATTI DI CONVEGNO::04.1 Contributo in Atti di convegno;http://hdl.handle.net/11311/559292;eng;1998;Sì, ma tipo non specificato;internazionale;-0;-0;-0;Fifth International Congress of Parkinson’s Disease and Movement Disorders;-0;-0;New York, USA;-0;;-0;04.1 Contributo in Atti di convegno;none;5;"A. ANTONINI;ROVETTA, ALBERTO;R. FARIELLO;M. BARICHELLA;CANINA, MARIA RITA";;;;;;;;
04 CONTRIBUTO IN ATTI DI CONVEGNO::04.1 Contributo in Atti di convegno;http://hdl.handle.net/11311/689025;ita;1998;-0;internazionale;-0;Milano;-0;-0;-0;-0;Milano;NIR-IT. Didattica, Società, Cultura, Mercato: le nuove frontiere di Internet;;-0;04.1 Contributo in Atti di convegno;none;1;RICCO', DINA;;;;;;;;
04 CONTRIBUTO IN ATTI DI CONVEGNO::04.1 Contributo in Atti di convegno;http://hdl.handle.net/11311/502876;-0;1999;-0;-0;-0;-0;-0;-0;-0;-0;Florence, Italy;14th International Congress of EEG and Clinical Neurophysiology;;-0;04.1 Contributo in Atti di convegno;none;3;"ROVETTA, ALBERTO;F. LORINI;CANINA, MARIA RITA";;;;;;;;
04 CONTRIBUTO IN ATTI DI CONVEGNO::04.1 Contributo in Atti di convegno;http://hdl.handle.net/11311/538955;eng;1999;-0;internazionale;-0;-0;-0;-0;-0;-0;Oulu, Finland;Tenth World Congress on the Theory of Machines and Mechanisms;;-0;04.1 Contributo in Atti di convegno;none;3;"ROVETTA, ALBERTO;F. LORINI;CANINA, MARIA RITA";;;;;;;;
04 CONTRIBUTO IN ATTI DI CONVEGNO::04.1 Contributo in Atti di convegno;http://hdl.handle.net/11311/538956;eng;1999;-0;internazionale;-0;-0;-0;MMVR Int. Congress;-0;-0;S. Francisco, USA;Medicine Meets Virtual Reality 7 Int. Congress;;-0;04.1 Contributo in Atti di convegno;none;3;"ROVETTA, ALBERTO;CANINA, MARIA RITA;F. LORINI";;;;;;;;
04 CONTRIBUTO IN ATTI DI CONVEGNO::04.1 Contributo in Atti di convegno;http://hdl.handle.net/11311/538957;eng;1999;-0;nazionale;-0;-0;-0;-0;-0;-0;Milan, Italy;Workshop NIR-IT '99: Internet: il media del 2000;;-0;04.1 Contributo in Atti di convegno;none;4;"R. PEGORARO;ROVETTA, ALBERTO;F. LORINI;CANINA, MARIA RITA";;;;;;;;
04 CONTRIBUTO IN ATTI DI CONVEGNO::04.1 Contributo in Atti di convegno;http://hdl.handle.net/11311/503427;-0;2000;-0;-0;-0;-0;-0;-0;-0;-0;Milano;Design plus Research;;-0;04.1 Contributo in Atti di convegno;none;2;"RICCO', DINA;ANCESCHI G.";;;;;;;;
04 CONTRIBUTO IN ATTI DI CONVEGNO::04.1 Contributo in Atti di convegno;http://hdl.handle.net/11311/535927;eng;2000;-0;internazionale;-0;MILANO;ITA;Design Plus Research: proceedings of the Politecnico di Milano conference.;-0;-0;Milano;Convegno internazionale DESIGN PLUS RESEARCH;;-0;04.1 Contributo in Atti di convegno;info:eu-repo/semantics/closedAccess;3;"PARENTE, MARINA;CRISTALLO V;MORONE A.";;;;;;;;
04 CONTRIBUTO IN ATTI DI CONVEGNO::04.1 Contributo in Atti di convegno;http://hdl.handle.net/11311/537871;-0;2000;-0;internazionale;-0;-0;-0;DesignPlusResearch;-0;-0;-0;DesignPlusResearch;;-0;04.1 Contributo in Atti di convegno;none;1;COSTA, FIAMMETTA CARLA ENRICA;;;;;;;;
04 CONTRIBUTO IN ATTI DI CONVEGNO::04.1 Contributo in Atti di convegno;http://hdl.handle.net/11311/537872;ita;2000;-0;internazionale;Giannini;-0;-0;-0;-0;-0;-0;Progetto abitare verde. Riciclare: Tecniche esperienze e prospettive nell'Architettura e nel Design;;-0;04.1 Contributo in Atti di convegno;none;1;COSTA, FIAMMETTA CARLA ENRICA;;;;;;;;
04 CONTRIBUTO IN ATTI DI CONVEGNO::04.1 Contributo in Atti di convegno;http://hdl.handle.net/11311/538489;eng;2000;Comitato scientifico;internazionale;-0;-0;ITA;Atti 4th world congress Aluminium 2000;-0;-0;Brescia Italia;Atti 4th world congress Aluminium 2000;;innovazione, processi produttivi e design;04.1 Contributo in Atti di convegno;none;1;BRUNO, DAVIDE MARIA;;;;;;;;
04 CONTRIBUTO IN ATTI DI CONVEGNO::04.1 Contributo in Atti di convegno;http://hdl.handle.net/11311/542495;-0;2000;-0;internazionale;-0;-0;-0;Protezione dal rischio di incendio nelle gallerie ferroviarie e stradali - Quaderno AISCAT;-0;-0;Roma;Protezione dal rischio di incendio nelle gallerie ferroviarie e stradali;;-0;04.1 Contributo in Atti di convegno;none;1;MAJA, ROBERTO;;;;;;;;
04 CONTRIBUTO IN ATTI DI CONVEGNO::04.1 Contributo in Atti di convegno;http://hdl.handle.net/11311/558511;eng;2000;Sì, ma tipo non specificato;internazionale;-0;Milano;ITA;-0;-0;-0;Milano - Politecnico di Milano;Design Plus Research;;-0;04.1 Contributo in Atti di convegno;info:eu-repo/semantics/closedAccess;1;PIZZOCARO, SILVIA LUISA;;;;;;;;
04 CONTRIBUTO IN ATTI DI CONVEGNO::04.1 Contributo in Atti di convegno;http://hdl.handle.net/11311/558588;eng;2000;-0;internazionale;-0;-0;-0;-0;-0;-0;Milano - Politecnico di MIlano;International Symposium on the dimension of industrial design research;;-0;04.1 Contributo in Atti di convegno;none;2;"MASCHI, SIMONA;PENATI, ANTONELLA VALERIA";;;;;;;;
04 CONTRIBUTO IN ATTI DI CONVEGNO::04.1 Contributo in Atti di convegno;http://hdl.handle.net/11311/558648;eng;2000;Sì, ma tipo non specificato;internazionale;UTT and ICAST - Université de Technologie de Troyes;-0;-0;-0;-0;-0;Troyes, France;Proceeding of the first  International Conference on Industrial Ecology and Sustainability, D. Bourg, S. Erkman;;-0;04.1 Contributo in Atti di convegno;none;1;PIZZOCARO, SILVIA LUISA;;;;;;;;
04 CONTRIBUTO IN ATTI DI CONVEGNO::04.1 Contributo in Atti di convegno;http://hdl.handle.net/11311/558805;eng;2000;Sì, ma tipo non specificato;internazionale;-0;-0;ITA;-0;-0;-0;Milano;Design Plus Research;;-0;04.1 Contributo in Atti di convegno;none;2;"DOMINONI, ANNALISA;TRABUCCO, FRANCESCO";;;;;;;;
04 CONTRIBUTO IN ATTI DI CONVEGNO::04.1 Contributo in Atti di convegno;http://hdl.handle.net/11311/558903;eng;2000;-0;internazionale;-0;-0;-0;-0;-0;-0;Milano;Design Plus Research, (a cura di) S. Pizzocaro, A. Arruda, D. De Moraes;;-0;04.1 Contributo in Atti di convegno;none;2;"CHIAPPONI, MEDARDO;COSTA, FIAMMETTA CARLA ENRICA";;;;;;;;
04 CONTRIBUTO IN ATTI DI CONVEGNO::04.1 Contributo in Atti di convegno;http://hdl.handle.net/11311/881676;ita;2000;Nessuno;nazionale;Grafo;Brescia;ITA;Arte e architettura nello spazio di Lombardia tra le due guerre;-0;-0;Brescia;Arte e architettura nello spazio di Lombardia tra le due guerre;;Cremona; storia dell'architettura;04.1 Contributo in Atti di convegno;none;1;FERABOLI, MARIA TERESA;;;;;;;
04 CONTRIBUTO IN ATTI DI CONVEGNO::04.1 Contributo in Atti di convegno;http://hdl.handle.net/11311/243026;-0;2001;-0;internazionale;-0;-0;-0;-0;-0;-0;Kaunas (Lituania), 5-6 april 2001;Mechanika 2001 : Proceedings of the International Conference;;-0;04.1 Contributo in Atti di convegno;none;5;"P. Allara;G. Campa;CANINA, MARIA RITA;S. Della;ROVETTA, ALBERTO";;;;;;;;
04 CONTRIBUTO IN ATTI DI CONVEGNO::04.1 Contributo in Atti di convegno;http://hdl.handle.net/11311/245203;-0;2001;-0;internazionale;-0;-0;-0;-0;-0;-0;Seul;9th World Conference on Transport Research;;-0;04.1 Contributo in Atti di convegno;none;1;PONTI, MARCO GUIDO;;;;;;;;
04 CONTRIBUTO IN ATTI DI CONVEGNO::04.1 Contributo in Atti di convegno;http://hdl.handle.net/11311/245750;eng;2001;-0;internazionale;-0;-0;-0;-0;-0;-0;Torino;La scienza e la tecnologia sulla Stazione Spaziale Internazionale (ISS);;-0;04.1 Contributo in Atti di convegno;none;1;DOMINONI, ANNALISA;;;;;;;;
04 CONTRIBUTO IN ATTI DI CONVEGNO::04.1 Contributo in Atti di convegno;http://hdl.handle.net/11311/261093;-0;2001;-0;internazionale;-0;-0;-0;-0;-0;-0;Wellington, New Zealand;World Building Congress, Wellington, New Zealand;;-0;04.1 Contributo in Atti di convegno;none;3;"OBERTI, ILARIA;PIARDI, SILVIA ELVIRA MARIA;RATTI, ANDREA";;;;;;;;
04 CONTRIBUTO IN ATTI DI CONVEGNO::04.1 Contributo in Atti di convegno;http://hdl.handle.net/11311/262620;eng;2001;-0;internazionale;-0;-0;-0;-0;-0;-0;Torino;La scienza e la tecnologia sulla Stazione Spaziale Internazionale (ISS);;-0;04.1 Contributo in Atti di convegno;none;1;DOMINONI, ANNALISA;;;;;;;;
04 CONTRIBUTO IN ATTI DI CONVEGNO::04.1 Contributo in Atti di convegno;http://hdl.handle.net/11311/267912;eng;2001;-0;internazionale;-0;-0;-0;-0;-0;-0;Cambridge;120 Round Table European Conference of Ministers of Transport CEMT/OECD;;-0;04.1 Contributo in Atti di convegno;none;1;PONTI, MARCO GUIDO;;;;;;;;
04 CONTRIBUTO IN ATTI DI CONVEGNO::04.1 Contributo in Atti di convegno;http://hdl.handle.net/11311/272263;-0;2001;-0;internazionale;-0;-0;-0;-0;-0;-0;Bruxelles;Trans Talk Workshop, EEC;;-0;04.1 Contributo in Atti di convegno;none;1;PONTI, MARCO GUIDO;;;;;;;;
04 CONTRIBUTO IN ATTI DI CONVEGNO::04.1 Contributo in Atti di convegno;http://hdl.handle.net/11311/272264;-0;2001;-0;nazionale;-0;-0;-0;-0;-0;-0;Ancona;Politiche economiche per il sistema dei trasporti e della logistica;;-0;04.1 Contributo in Atti di convegno;none;2;"MALGIERI, PATRIZIA;PONTI, MARCO GUIDO";;;;;;;;
04 CONTRIBUTO IN ATTI DI CONVEGNO::04.1 Contributo in Atti di convegno;http://hdl.handle.net/11311/274019;eng;2001;-0;internazionale;-0;Londra;-0;-0;-0;-0;-0;Affective Human Factors Design Conference;;-0;04.1 Contributo in Atti di convegno;none;1;BERTOLA, PAOLA;;;;;;;;
04 CONTRIBUTO IN ATTI DI CONVEGNO::04.1 Contributo in Atti di convegno;http://hdl.handle.net/11311/502852;-0;2001;-0;internazionale;-0;-0;-0;ICAR 2001, International Conference on Advanced Robotics;-0;-0;-0;ICAR 2001, International Conference on Advanced Robotics;;-0;04.1 Contributo in Atti di convegno;none;5;"ROVETTA, ALBERTO;CANINA, MARIA RITA;PAOLO ALLARA;GIOVANNI CAMPA;SERGIO DELLA SANTINA";;;;;;;;
04 CONTRIBUTO IN ATTI DI CONVEGNO::04.1 Contributo in Atti di convegno;http://hdl.handle.net/11311/509650;eng;2001;-0;internazionale;Liguori Editore;NAPOLI;ITA;MSSU, Microgravity and Space Station Utilization;-0;-0;-0;-0;;-0;04.1 Contributo in Atti di convegno;none;1;DOMINONI, ANNALISA;;;;;;;;
04 CONTRIBUTO IN ATTI DI CONVEGNO::04.1 Contributo in Atti di convegno;http://hdl.handle.net/11311/535926;ita;2001;-0;internazionale;Giannini;NAPOLI;ITA;Riciclare. Tecniche, esperienze e prospettive nell’architettura e nel design;-0;-0;Napoli;Convegno Internazionale Progetto Abitare Verde. Riciclare. Tecniche, esperienze e prospettive nell’architettura e nel design;;-0;04.1 Contributo in Atti di convegno;info:eu-repo/semantics/closedAccess;1;PARENTE, MARINA;;;;;;;;
04 CONTRIBUTO IN ATTI DI CONVEGNO::04.1 Contributo in Atti di convegno;http://hdl.handle.net/11311/538953;eng;2001;-0;internazionale;-0;-0;-0;-0;-0;-0;Budapest;ICAR 2001, 10th International Conference on Advanced Robotics;;-0;04.1 Contributo in Atti di convegno;none;5;"ROVETTA, ALBERTO;CANINA, MARIA RITA;P. ALLARA;G. CAMPA;S. DELLA SANTINA";;;;;;;;
04 CONTRIBUTO IN ATTI DI CONVEGNO::04.1 Contributo in Atti di convegno;http://hdl.handle.net/11311/538954;eng;2001;-0;internazionale;-0;-0;-0;-0;-0;-0;Rimini, Italy;XXXII Congress of the Italian Neurological Society;;-0;04.1 Contributo in Atti di convegno;none;3;"ROVETTA, ALBERTO;CANINA, MARIA RITA;R. PEGORARO";;;;;;;;
04 CONTRIBUTO IN ATTI DI CONVEGNO::04.1 Contributo in Atti di convegno;http://hdl.handle.net/11311/542474;-0;2001;-0;nazionale;-0;-0;-0;XI Congresso SITE Società Italiana di Ecologia – Sessione contabilità ambientale, Sabaudia;-0;-0;Sabaudia;XI Congresso SITE Società Italiana di Ecologia - Sessione contabilità ambientale;;-0;04.1 Contributo in Atti di convegno;none;5;"DE LEO G.;CAPRILE, ELENA;GOBETTI M.;MAJA, ROBERTO;SACCHI M.";;;;;;;;
04 CONTRIBUTO IN ATTI DI CONVEGNO::04.1 Contributo in Atti di convegno;http://hdl.handle.net/11311/542819;eng;2001;-0;internazionale;-0;-0;-0;Fifth immersive projection technology workshop - Seventh Eurographics Workshop on Virtual Environments.;-0;-0;Stuggart;Fifth immersive projection technology workshop - Seventh Eurographics Workshop on Virtual Environmen;;-0;04.1 Contributo in Atti di convegno;info:eu-repo/semantics/closedAccess;5;"CALABI, DANIELA ANNA;CLAUDIO R. BOER;STEFANO MOTTURA;MARCO SACCO;GIAN PAOLO VIGANO'";;;;;;;;
04 CONTRIBUTO IN ATTI DI CONVEGNO::04.1 Contributo in Atti di convegno;http://hdl.handle.net/11311/548858;-0;2001;-0;internazionale;-0;-0;-0;-0;-0;-0;Toulouse, France;9th  InTERNATIONAL SYMPOSIUM on Intelligent Robotic Systems, SIRS'2001;;-0;04.1 Contributo in Atti di convegno;none;4;"ROVETTA, ALBERTO;CANINA, MARIA RITA;G. CAMPA;S. DELLA SANTINA";;;;;;;;
04 CONTRIBUTO IN ATTI DI CONVEGNO::04.1 Contributo in Atti di convegno;http://hdl.handle.net/11311/558019;-0;2001;-0;internazionale;-0;-0;-0;-0;-0;-0;Naples, sept. 15-18;Clima 2000 World Congress, Naples;;-0;04.1 Contributo in Atti di convegno;none;4;"BAGLIONI, ADRIANA;OBERTI, ILARIA;RATTI, ANDREA;PIARDI, SILVIA ELVIRA MARIA";;;;;;;;
04 CONTRIBUTO IN ATTI DI CONVEGNO::04.1 Contributo in Atti di convegno;http://hdl.handle.net/11311/561304;-0;2001;-0;-0;-0;-0;-0;-0;-0;-0;Rimini;Conferenza Internazionale sul Turismo sostenibile;;-0;04.1 Contributo in Atti di convegno;none;3;"OBERTI, ILARIA;PIARDI, SILVIA ELVIRA MARIA;RATTI, ANDREA";;;;;;;;
04 CONTRIBUTO IN ATTI DI CONVEGNO::04.1 Contributo in Atti di convegno;http://hdl.handle.net/11311/685049;eng;2001;Sì, ma tipo non specificato;internazionale;Springer LNCS 1892;-0;DNK;Proceedings of Adaptive Hypermedia and Adaptive web-based System;-0;-0;Trento;Adaptive Hypermedia and Adaptive web-based System;;-0;04.1 Contributo in Atti di convegno;none;2;"C. Chesi;RIZZO, FRANCESCA";;;;;;;;
04 CONTRIBUTO IN ATTI DI CONVEGNO::04.1 Contributo in Atti di convegno;http://hdl.handle.net/11311/687798;eng;2001;Sì, ma tipo non specificato;internazionale;International HCI;New Orleans;USA;Proceedings of 9th International Conference on Human Computer Interaction;-0;-0;New Orleans;9th International Conference on Human Computer Interaction;;-0;04.1 Contributo in Atti di convegno;none;1;RIZZO, FRANCESCA;;;;;;;;
04 CONTRIBUTO IN ATTI DI CONVEGNO::04.1 Contributo in Atti di convegno;http://hdl.handle.net/11311/691085;ita;2001;-0;nazionale;-0;-0;-0;-0;PIANURA;-0;Pavia;Congresso nazionale della Societas Herpetologica Italica;;-0;04.1 Contributo in Atti di convegno;info:eu-repo/semantics/closedAccess;14;"E. Balletto;B. Barone;CECONELLO, MAURO ATTILIO;A. D’andrea;L. Dell’Anna;S. Di Marco;A. Dominici;C. Giacoma;F. Mari;F. Miglietta;G. Nicolini;S. Piovano;L. Pozzi;M. Solinas";;;;;;;;
04 CONTRIBUTO IN ATTI DI CONVEGNO::04.1 Contributo in Atti di convegno;http://hdl.handle.net/11311/240871;ita;2002;-0;nazionale;-0;-0;-0;-0;-0;-0;Forlì;"Atti del Convegno ""La liberalizzazione dei servizi di handling aeroportuale""";;-0;04.1 Contributo in Atti di convegno;none;1;PONTI, MARCO GUIDO;;;;;;;;
04 CONTRIBUTO IN ATTI DI CONVEGNO::04.1 Contributo in Atti di convegno;http://hdl.handle.net/11311/242655;eng;2002;-0;internazionale;American Institute of Aeronautics and Astronautics;Reston, Virginia, USA;USA;Proceedings of AIAA 2002 Conference;-0;-0;Houston, Texas, USA;1st Space Architecture Symposium (SAS 2002);;design education; design practice; human factors; space architecture; space design; strategic design;04.1 Contributo in Atti di convegno;info:eu-repo/semantics/closedAccess;1;DOMINONI, ANNALISA;;;
04 CONTRIBUTO IN ATTI DI CONVEGNO::04.1 Contributo in Atti di convegno;http://hdl.handle.net/11311/242754;-0;2002;-0;internazionale;-0;-0;-0;-0;-0;-0;Bruxelles;The new technologies to protect life and occupation;;-0;04.1 Contributo in Atti di convegno;none;3;"FIGIANI, MAURIZIO;MACCHIA, CESIRA ASSUNTA;RAVETTA, FRANCESCA";;;;;;;;
04 CONTRIBUTO IN ATTI DI CONVEGNO::04.1 Contributo in Atti di convegno;http://hdl.handle.net/11311/242773;-0;2002;-0;internazionale;Edizioni Poli.Design;Milano;-0;DesignNet. Knowledge e Information Management per il design. Atti del seminario internazionale.;-0;-0;Milano;DesignNet. Knowledge e Information Management per il Design;;-0;04.1 Contributo in Atti di convegno;none;1;ARQUILLA, VENANZIO;;;;;;;;
04 CONTRIBUTO IN ATTI DI CONVEGNO::04.1 Contributo in Atti di convegno;http://hdl.handle.net/11311/245478;eng;2002;Comitato scientifico;internazionale;-0;-0;KOR;Proceedings Eighth International Conference on Virtual Systems and Multimedia VSMM 2002 Creative Digital Culture;-0;-0;Gyeongju, Korea;Creative Digital Culture. The Eighth International Conference on Virtual Systems and MultiMedia;;design knowledge, visual interface,;04.1 Contributo in Atti di convegno;info:eu-repo/semantics/openAccess;4;"BOGHETICH, GIANGIUSEPPE MIDA;CIUCCARELLI, PAOLO;INNOCENTI, PERLA;VIDARI, FEDERICO";;;;;;;;
04 CONTRIBUTO IN ATTI DI CONVEGNO::04.1 Contributo in Atti di convegno;http://hdl.handle.net/11311/245732;eng;2002;-0;internazionale;American Institute of Aeronautics and Astronautics;Reston, Virginia, USA;USA;Proceedings of AIAA 2002 Conference;-0;-0;Houston, Texas, USA;1st Space Architecture Symposium (SAS);;design; comfort; human factors; human science; microgravity; space design; space research programs;04.1 Contributo in Atti di convegno;info:eu-repo/semantics/closedAccess;1;DOMINONI, ANNALISA;;
04 CONTRIBUTO IN ATTI DI CONVEGNO::04.1 Contributo in Atti di convegno;http://hdl.handle.net/11311/254988;ita;2002;-0;internazionale;Edizioni Poli.Design;Milano;-0;-0;-0;-0;Milano;DesignNet - Knowledge e Informatio Management per il Design;;-0;04.1 Contributo in Atti di convegno;none;1;SIMONELLI, GIULIANO;;;;;;;;
04 CONTRIBUTO IN ATTI DI CONVEGNO::04.1 Contributo in Atti di convegno;http://hdl.handle.net/11311/258466;eng;2002;-0;internazionale;DMI (Design Management Institute);Boston;-0;-0;-0;-0;Boston, Massachussetts, USA;11th International Forum on Design Management Research & Education;;-0;04.1 Contributo in Atti di convegno;none;1;INGARAMO, MATTEO ORESTE;;;;;;;;
04 CONTRIBUTO IN ATTI DI CONVEGNO::04.1 Contributo in Atti di convegno;http://hdl.handle.net/11311/259159;eng;2002;-0;internazionale;-0;-0;-0;-0;-0;-0;Bruxelles (belgio);The new technologies to protect life and occupation;;-0;04.1 Contributo in Atti di convegno;none;3;"FIGIANI, MAURIZIO;MACCHIA, CESIRA ASSUNTA;RAVETTA, FRANCESCA";;;;;;;;
04 CONTRIBUTO IN ATTI DI CONVEGNO::04.1 Contributo in Atti di convegno;http://hdl.handle.net/11311/264804;-0;2002;-0;nazionale;Chiriotti Editore;Pinerolo;-0;-0;-0;-0;Cernobbio;Ricerche e innovazioni nell'industria alimentare. 5° Congresso Italiano di Scienza e Tecnologia degli Alimenti;;-0;04.1 Contributo in Atti di convegno;none;1;MERONI, ANNA;;;;;;;;
04 CONTRIBUTO IN ATTI DI CONVEGNO::04.1 Contributo in Atti di convegno;http://hdl.handle.net/11311/264813;-0;2002;-0;internazionale;-0;-0;-0;-0;-0;-0;Milano;Primo Convegno Italiano Eurographics;;-0;04.1 Contributo in Atti di convegno;none;1;CECONELLO, MAURO ATTILIO;;;;;;;;
04 CONTRIBUTO IN ATTI DI CONVEGNO::04.1 Contributo in Atti di convegno;http://hdl.handle.net/11311/268718;ita;2002;-0;nazionale;-0;-0;-0;-0;-0;-0;Milano;La modernizzazione del Paese: infrastrutture ed ambiente;;-0;04.1 Contributo in Atti di convegno;none;1;PONTI, MARCO GUIDO;;;;;;;;
04 CONTRIBUTO IN ATTI DI CONVEGNO::04.1 Contributo in Atti di convegno;http://hdl.handle.net/11311/270550;ita;2002;-0;nazionale;-0;-0;-0;-0;-0;-0;Milano;L’ergonomia nella normativa;;-0;04.1 Contributo in Atti di convegno;none;1;COSTA, FIAMMETTA CARLA ENRICA;;;;;;;;
04 CONTRIBUTO IN ATTI DI CONVEGNO::04.1 Contributo in Atti di convegno;http://hdl.handle.net/11311/274021;eng;2002;-0;internazionale;-0;-0;-0;-0;-0;-0;Bruxelles;The new technologies to protect life and occupation;;-0;04.1 Contributo in Atti di convegno;none;3;"FIGIANI, MAURIZIO;MACCHIA, CESIRA ASSUNTA;RAVETTA, FRANCESCA";;;;;;;;
04 CONTRIBUTO IN ATTI DI CONVEGNO::04.1 Contributo in Atti di convegno;http://hdl.handle.net/11311/535552;ita;2002;-0;nazionale;-0;-0;-0;VGR 2002 “Valutazione e gestione del rischio negli Insediamenti Civili e Industriali;-0;-0;Pisa;Convegno nazionale VGR 2002 “Valutazione e gestione del rischio negli Insediamenti Civili  e Industriali;;-0;04.1 Contributo in Atti di convegno;none;4;"STUDER, LUCA PASINO;MARCHIONNI, GIOVANNA;MAJA, ROBERTO;VESCIA G.";;;;;;;;
04 CONTRIBUTO IN ATTI DI CONVEGNO::04.1 Contributo in Atti di convegno;http://hdl.handle.net/11311/538491;eng;2002;Sì, ma tipo non specificato;internazionale;-0;-0;-0;-0;-0;-0;Firenze;DC-2002: Metadata for e-Communities: Supporting Diversity and Convergence;;design knowledge; metadata; interface design; dublin core;04.1 Contributo in Atti di convegno;info:eu-repo/semantics/closedAccess;4;"BOGHETICH, GIANGIUSEPPE MIDA;CIUCCARELLI, PAOLO;INNOCENTI, PERLA;VIDARI, FEDERICO";;;;;
04 CONTRIBUTO IN ATTI DI CONVEGNO::04.1 Contributo in Atti di convegno;http://hdl.handle.net/11311/539754;eng;2002;Sì, ma tipo non specificato;internazionale;-0;-0;-0;Design makes the difference;-0;-0;-0;-0;;-0;04.1 Contributo in Atti di convegno;none;1;BERTOLA, PAOLA;;;;;;;;
04 CONTRIBUTO IN ATTI DI CONVEGNO::04.1 Contributo in Atti di convegno;http://hdl.handle.net/11311/539794;eng;2002;Sì, ma tipo non specificato;internazionale;Harward Business Press;Boston, USA;USA;The 11th International Forum on Design Management Research and Education Strat., Resources & Tools;-0;-0;-0;-0;;-0;04.1 Contributo in Atti di convegno;none;1;BERTOLA, PAOLA;;;;;;;;
04 CONTRIBUTO IN ATTI DI CONVEGNO::04.1 Contributo in Atti di convegno;http://hdl.handle.net/11311/541017;ita;2002;-0;nazionale;-0;-0;-0;-0;-0;-0;-0;-0;;-0;04.1 Contributo in Atti di convegno;none;1;MANGIAROTTI, RAFFAELLA;;;;;;;;
04 CONTRIBUTO IN ATTI DI CONVEGNO::04.1 Contributo in Atti di convegno;http://hdl.handle.net/11311/542462;-0;2002;-0;-0;-0;-0;-0;XXX edizione delle giornate di Studio ASECAP;-0;-0;Oslo;XXX Giornate di Studio ASECAP;;-0;04.1 Contributo in Atti di convegno;none;4;"ARDITI R.;CHARBONNIER P.;MAJA, ROBERTO;STUDER, LUCA PASINO";;;;;;;;
04 CONTRIBUTO IN ATTI DI CONVEGNO::04.2 Abstract in Atti di convegno;http://hdl.handle.net/11311/689394;eng;2002;Sì, ma tipo non specificato;-0;-0;Ginevra;-0;International Multisensory Research Forum, 3rd Annual Meeting;-0;STAMPA;Ginevra;-0;;-0;04.2 Abstract in Atti di convegno;none;2;"RICCO', DINA;S. Guerini";;;;;;;;
04 CONTRIBUTO IN ATTI DI CONVEGNO::04.1 Contributo in Atti di convegno;http://hdl.handle.net/11311/242604;-0;2003;-0;internazionale;-0;Lisbona (Portogallo);-0;-0;-0;-0;Lisbona;User's Conference;;-0;04.1 Contributo in Atti di convegno;none;1;BIAMONTI, ALESSANDRO;;;;;;;;
04 CONTRIBUTO IN ATTI DI CONVEGNO::04.1 Contributo in Atti di convegno;http://hdl.handle.net/11311/242605;-0;2003;-0;internazionale;-0;Barcelona (Spagna);-0;-0;-0;-0;Barcelona;5td EAD Conference;;-0;04.1 Contributo in Atti di convegno;none;1;BIAMONTI, ALESSANDRO;;;;;;;;
04 CONTRIBUTO IN ATTI DI CONVEGNO::04.1 Contributo in Atti di convegno;http://hdl.handle.net/11311/244761;eng;2003;-0;internazionale;CNR;Roma;-0;-0;-0;-0;Roma;HAAMAHA Conference Proceedings;;-0;04.1 Contributo in Atti di convegno;none;2;"COSTA, FIAMMETTA CARLA ENRICA;R. Tartaglia";;;;;;;;
04 CONTRIBUTO IN ATTI DI CONVEGNO::04.1 Contributo in Atti di convegno;http://hdl.handle.net/11311/245697;eng;2003;Sì, ma tipo non specificato;internazionale;University of Tsukuba-Chiba University;Tsukuba, Japan;-0;-0;-0;-0;Tsukuba, Japan;Third Conference Doctoral Education in Design. 3RD DED Tsukuba;;Doctoral education in design; Doctoral curricula in design;04.1 Contributo in Atti di convegno;info:eu-repo/semantics/closedAccess;1;PIZZOCARO, SILVIA LUISA;;;;;;;
04 CONTRIBUTO IN ATTI DI CONVEGNO::04.1 Contributo in Atti di convegno;http://hdl.handle.net/11311/247008;ita;2003;-0;nazionale;Politecnico di Milano;Milano;-0;-0;-0;-0;Milano (Italia);Atti del workshop su danneggiamento, conservazione e manutenzione di strutture murarie e lignee - diagnosi e modellazione con riferimento alle tipologie costruttive ed edilizie;;-0;04.1 Contributo in Atti di convegno;none;4;"BINDA, LUIGIA;ANZANI, ANNA;J. Pina Henriques;TONGINI FOLLI, ROBERTA";;;;;;;;
04 CONTRIBUTO IN ATTI DI CONVEGNO::04.1 Contributo in Atti di convegno;http://hdl.handle.net/11311/249228;eng;2003;-0;internazionale;-0;-0;-0;-0;-0;-0;London (UK);Proceedings of the 10th international conference and exhibition structural faults and repair;;-0;04.1 Contributo in Atti di convegno;none;3;"ANZANI, ANNA;BINDA, LUIGIA;FONTANA, ALBERTO";;;;;;;;
04 CONTRIBUTO IN ATTI DI CONVEGNO::04.1 Contributo in Atti di convegno;http://hdl.handle.net/11311/251099;-0;2003;-0;internazionale;-0;-0;-0;-0;-0;-0;Cassino (Italy);12th International Workshop on Robotics in Alpe-Adria-Danube Region (RAAD’03);;-0;04.1 Contributo in Atti di convegno;none;2;"CANINA, MARIA RITA;ROVETTA, ALBERTO";;;;;;;;
