dc.type.full;dc.identifier.uri;dc.language.iso;dc.date.issued;dc.type.referee;dc.type.circulation;dc.publisher.name;dc.publisher.country;dc.publisher.place;dc.relation.ispartofbook;item.journal.title;dc.relation.medium;dc.relation.conferencename;dc.relation.conferenceplace;dc.title;dc.subject.keywords;item.collection;item.openaireRights;dc.description.numberofauthors;dc.authority.people;;;;;
02 CONTRIBUTO IN VOLUME::02.1 Contributo in Volume;http://hdl.handle.net/11311/1007675;ita;2017;Comitato scientifico;-0;Skira;ITA;Milano;Francesco Somaini. Uno scultore per la città: New York 1967-1976;-0;STAMPA;-0;-0;Metropolis;Francesco Somaini, New York, scultura;02.1 Contributo in Volume;info:eu-repo/semantics/closedAccess;1;IRACE, FULVIO;;;;;
02 CONTRIBUTO IN VOLUME::02.1 Contributo in Volume;http://hdl.handle.net/11311/1010387;eng;2017;-0;-0;franco angeli;-0;-0;POLIMI DESIGN PHD_017;-0;-0;-0;-0;Interior Design As An Environmental System Of “Activators Of Well-Being”: The Therapeutic Habitat Model For Alzheimer’s Disease;-0;02.1 Contributo in Volume;info:eu-repo/semantics/closedAccess;1;GRAMEGNA, SILVIA MARIA;;;;;
02 CONTRIBUTO IN VOLUME::02.1 Contributo in Volume;http://hdl.handle.net/11311/1010984;ita;2017;-0;-0;deleyva editore;-0;-0;OLTRE L’ABITO. IRIDESCENZE NELLA MODA CONTEMPORANEA;-0;-0;-0;-0;Progettare per la persona: la moda;-0;02.1 Contributo in Volume;info:eu-repo/semantics/closedAccess;2;"CONTI, GIOVANNI MARIA;FIORANI, ELEONORA";;;;;
02 CONTRIBUTO IN VOLUME::02.1 Contributo in Volume;http://hdl.handle.net/11311/1010985;ita;2017;-0;-0;deleyva editore;-0;-0;OLTRE L’ABITO. IRIDESCENZE NELLA MODA CONTEMPORANEA;-0;-0;-0;-0;Interazioni e influenze nel progetto;-0;02.1 Contributo in Volume;info:eu-repo/semantics/closedAccess;2;"CONTI, GIOVANNI MARIA;FIORANI, ELEONORA";;;;;
02 CONTRIBUTO IN VOLUME::02.1 Contributo in Volume;http://hdl.handle.net/11311/1010986;ita;2017;-0;-0;deleyva editore;-0;-0;OLTRE L’ABITO. IRIDESCENZE NELLA MODA CONTEMPORANEA;-0;-0;-0;-0;Stagionalità e riconoscibilità della moda;-0;02.1 Contributo in Volume;info:eu-repo/semantics/closedAccess;2;"CONTI, GIOVANNI MARIA;FIORANI, ELEONORA";;;;;
02 CONTRIBUTO IN VOLUME::02.1 Contributo in Volume;http://hdl.handle.net/11311/1010987;ita;2017;-0;-0;deleyva editore;-0;-0;OLTRE L’ABITO. IRIDESCENZE NELLA MODA CONTEMPORANEA;-0;-0;-0;-0;Oltre l’abito. Progettare il corpo;-0;02.1 Contributo in Volume;info:eu-repo/semantics/closedAccess;2;"CONTI, GIOVANNI MARIA;FIORANI, ELEONORA";;;;;
02 CONTRIBUTO IN VOLUME::02.1 Contributo in Volume;http://hdl.handle.net/11311/1010988;ita;2017;-0;-0;deleyva editore;-0;-0;OLTRE L’ABITO. IRIDESCENZE NELLA MODA CONTEMPORANEA;-0;-0;-0;-0;Per il corpo, non solo l’abito;-0;02.1 Contributo in Volume;info:eu-repo/semantics/closedAccess;2;"CONTI, GIOVANNI MARIA;FIORANI, ELEONORA";;;;;
02 CONTRIBUTO IN VOLUME::02.1 Contributo in Volume;http://hdl.handle.net/11311/1010989;ita;2017;-0;-0;deleyva editore;-0;-0;OLTRE L’ABITO. IRIDESCENZE NELLA MODA CONTEMPORANEA;-0;-0;-0;-0;Progettare per un corpo vestito;-0;02.1 Contributo in Volume;info:eu-repo/semantics/closedAccess;2;"CONTI, GIOVANNI MARIA;FIORANI, ELEONORA";;;;;
02 CONTRIBUTO IN VOLUME::02.1 Contributo in Volume;http://hdl.handle.net/11311/1011006;ita;2017;-0;-0;deleyva editore;-0;-0;OLTRE L’ABITO. IRIDESCENZE NELLA MODA CONTEMPORANEA;-0;-0;-0;-0;L’abito sul corpo;-0;02.1 Contributo in Volume;info:eu-repo/semantics/closedAccess;2;"CONTI, GIOVANNI MARIA;FIORANI, ELEONORA";;;;;
02 CONTRIBUTO IN VOLUME::02.1 Contributo in Volume;http://hdl.handle.net/11311/1011007;ita;2017;-0;-0;deleyva editore;-0;-0;OLTRE L’ABITO. IRIDESCENZE NELLA MODA CONTEMPORANEA;-0;-0;-0;-0;Abiti fluidi su corpi fluidi;-0;02.1 Contributo in Volume;info:eu-repo/semantics/closedAccess;2;"CONTI, GIOVANNI MARIA;FIORANI, ELEONORA";;;;;
02 CONTRIBUTO IN VOLUME::02.1 Contributo in Volume;http://hdl.handle.net/11311/1011008;ita;2017;-0;-0;deleyva editore;-0;-0;OLTRE L’ABITO. IRIDESCENZE NELLA MODA CONTEMPORANEA;-0;-0;-0;-0;Il progetto del corpo maschile;-0;02.1 Contributo in Volume;info:eu-repo/semantics/closedAccess;2;"CONTI, GIOVANNI MARIA;FIORANI, ELEONORA";;;;;
02 CONTRIBUTO IN VOLUME::02.1 Contributo in Volume;http://hdl.handle.net/11311/1011010;ita;2017;-0;-0;deleyva editore;-0;-0;OLTRE L’ABITO. IRIDESCENZE NELLA MODA CONTEMPORANEA;-0;-0;-0;-0;L’abito maschile nel meridione d’Italia;-0;02.1 Contributo in Volume;info:eu-repo/semantics/closedAccess;2;"CONTI, GIOVANNI MARIA;FIORANI, ELEONORA";;;;;
02 CONTRIBUTO IN VOLUME::02.1 Contributo in Volume;http://hdl.handle.net/11311/1011064;ita;2017;-0;-0;deleyva editore;-0;-0;OLTRE L’ABITO. IRIDESCENZE NELLA MODA CONTEMPORANEA;-0;-0;-0;-0;La figura del sarto e la sua formazione;-0;02.1 Contributo in Volume;info:eu-repo/semantics/closedAccess;2;"CONTI, GIOVANNI MARIA;FIORANI, ELEONORA";;;;;
02 CONTRIBUTO IN VOLUME::02.1 Contributo in Volume;http://hdl.handle.net/11311/1011065;ita;2017;-0;-0;deleyva editore;-0;-0;OLTRE L’ABITO. IRIDESCENZE NELLA MODA CONTEMPORANEA;-0;-0;-0;-0;Il passato come riscoperta delle future tradizioni;-0;02.1 Contributo in Volume;info:eu-repo/semantics/closedAccess;2;"CONTI, GIOVANNI MARIA;FIORANI, ELEONORA";;;;;
02 CONTRIBUTO IN VOLUME::02.1 Contributo in Volume;http://hdl.handle.net/11311/1011066;ita;2017;-0;-0;deleyva editore;-0;-0;OLTRE L’ABITO. IRIDESCENZE NELLA MODA CONTEMPORANEA;-0;-0;-0;-0;Abiti maschili ibridi: tra lo sportivo e il sartoriale;-0;02.1 Contributo in Volume;info:eu-repo/semantics/closedAccess;2;"CONTI, GIOVANNI MARIA;FIORANI, ELEONORA";;;;;
02 CONTRIBUTO IN VOLUME::02.1 Contributo in Volume;http://hdl.handle.net/11311/1011067;ita;2017;-0;-0;deleyva editore;-0;-0;OLTRE L’ABITO. IRIDESCENZE NELLA MODA CONTEMPORANEA;-0;-0;-0;-0;Due progetti di cappello: il Borsalino e la coppola;-0;02.1 Contributo in Volume;info:eu-repo/semantics/closedAccess;2;"CONTI, GIOVANNI MARIA;FIORANI, ELEONORA";;;;;
02 CONTRIBUTO IN VOLUME::02.1 Contributo in Volume;http://hdl.handle.net/11311/1013039;ita;2017;Comitato scientifico;-0;Clean;ITA;Napoli;Gino Anselmi. Architetto Grafico Designer;-0;STAMPA;-0;-0;La grafica essenziale di Gino Anselmi, un napoletano razionalista;progettazione grafica, design della comunicazione;02.1 Contributo in Volume;info:eu-repo/semantics/openAccess;1;GUIDA, FRANCESCO ERMANNO;;;;;
02 CONTRIBUTO IN VOLUME::02.1 Contributo in Volume;http://hdl.handle.net/11311/1014758;ita;2017;-0;-0;Silvana Editoriale;ITA;Cinisello Balsamo, Milano;Archeologia del Cenacolo. Ricostruzioni e fortuna dell'icona leonardesca: disegni, incisioni, fotografie;-0;STAMPA;-0;-0;Archeologia e fortuna del Cenacolo di Leonardo;-0;02.1 Contributo in Volume;info:eu-repo/semantics/closedAccess;1;MARANI, PIETRO;;;;;
02 CONTRIBUTO IN VOLUME::02.1 Contributo in Volume;http://hdl.handle.net/11311/1014759;ita;2017;-0;-0;LIST Lab Laboratorio Internazionale Editoriale;-0;-0;Nutrirsi per immagini;-0;-0;-0;-0;Celebrare l'interdisciplinarietà;-0;02.1 Contributo in Volume;info:eu-repo/semantics/openAccess;1;CEPPI, GIULIO;;;;;
02 CONTRIBUTO IN VOLUME::02.1 Contributo in Volume;http://hdl.handle.net/11311/1014902;eng;2017;-0;-0;Franco Angeli;ITA;Milano;Polimi Design PhD_017;-0;ELETTRONICO;-0;-0;Probing Design. The outcomes of doctoral research at Politecnico di Milano, Year 2017;-0;02.1 Contributo in Volume;info:eu-repo/semantics/closedAccess;2;"GUERRINI, LUCA;BIAMONTI, ALESSANDRO";;;;;
02 CONTRIBUTO IN VOLUME::02.1 Contributo in Volume;http://hdl.handle.net/11311/1017095;eng;2017;-0;-0;Routledge;GBR;London, UK;The Routledge Handbook of Sustainable Product Design;-0;STAMPA;-0;-0;Materially Yours;-0;02.1 Contributo in Volume;info:eu-repo/semantics/closedAccess;3;"Karana, Elvin;Giaccardi, Elisa;ROGNOLI, VALENTINA";;;;;
02 CONTRIBUTO IN VOLUME::02.1 Contributo in Volume;http://hdl.handle.net/11311/1008095;eng ger;2017;Comitato scientifico;-0;Springer Gabler;DEU;Wiesbaden;Luxusmarken-Management;-0;STAMPA;-0;-0;Luxusmarken-Management;innovation, design, jewellery, alba cappellieri, politecnico di milano;02.1 Contributo in Volume;info:eu-repo/semantics/closedAccess;2;"CAPPELLIERI, ALBA;TENUTA, LIVIA";;;;;
02 CONTRIBUTO IN VOLUME::02.1 Contributo in Volume;http://hdl.handle.net/11311/1000031;ita;2016;Comitato scientifico;-0;Maggioli Ed.;ITA;Milano;Humanities Design Lab.  Le culture del progetto e le scienze umane e sociali;-0;STAMPA;-0;-0;Humanities e Design: prove per un dialogo;"Humanities; Design; Narrazione, Transdisciplinarietà";02.1 Contributo in Volume;info:eu-repo/semantics/closedAccess;2;"CELI, MANUELA;Formia, Elena";;;;;
02 CONTRIBUTO IN VOLUME::02.1 Contributo in Volume;http://hdl.handle.net/11311/1000033;ita;2016;Comitato scientifico;-0;Maggioli Ed.;ITA;Milano;Humanities Design Lab Le culture del progetto e le scienze umane e sociali;-0;STAMPA;-0;-0;Design e narrazione;Interdisciplinarietà, Design, Narrazione;02.1 Contributo in Volume;info:eu-repo/semantics/closedAccess;2;"CELI, MANUELA;Rizzo, Francesca";;;;;
02 CONTRIBUTO IN VOLUME::02.1 Contributo in Volume;http://hdl.handle.net/11311/1000316;ita;2016;Comitato scientifico;-0;Bononia University press;ITA;Bologna;La Certosa di Ferrara. Una città nella città;-0;STAMPA;-0;-0;L’altra città. Modelli urbani e riferimenti simbolici tra mondo profano e sacralità;cimitero; forma e misura; metrologia storica; recinto;  simbolo; cultura immateriale;02.1 Contributo in Volume;info:eu-repo/semantics/openAccess;1;ROSSI, MICHELA
02 CONTRIBUTO IN VOLUME::02.1 Contributo in Volume;http://hdl.handle.net/11311/1000566;ita;2016;-0;-0;Edizioni Scientifiche e Artistiche;ITA;Torre del Greco;Le parole della parità;-0;STAMPA;-0;-0;Design della comunicazione per le culture di genere. Strumenti comunicativi nei luoghi della formazione;culture di genere, design della comunicazione, formazione;02.1 Contributo in Volume;info:eu-repo/semantics/closedAccess;3;"BAULE, GIOVANNI;CARATTI, ELENA;TOLINO, UMBERTO";;;;;
02 CONTRIBUTO IN VOLUME::02.1 Contributo in Volume;http://hdl.handle.net/11311/1001444;eng;2016;Comitato scientifico;-0;Maggioli Editore;ITA;Sant'Arcangelo di Romagna;Campus e contro campus. Architetture per studiare e ricercare. Aule/Halls;-0;STAMPA;-0;-0;Politecnico di Milano. A virtual campus;Gio Ponti, Politecnico di Milano, campus;02.1 Contributo in Volume;info:eu-repo/semantics/closedAccess;1;IRACE, FULVIO;;;;;
02 CONTRIBUTO IN VOLUME::02.1 Contributo in Volume;http://hdl.handle.net/11311/1001939;eng;2016;Comitato scientifico;-0;Maggioli Editore;ITA;Sant'Arcangelo di Romagna;Campus e contro campus. Architetture per studiare e ricercare. Aule/Halls;-0;STAMPA;-0;-0;Università Cattolica. Architecture as urban art;Giovanni Muzio, Milano, Università Cattolica;02.1 Contributo in Volume;info:eu-repo/semantics/closedAccess;1;IRACE, FULVIO;;;;;
02 CONTRIBUTO IN VOLUME::02.1 Contributo in Volume;http://hdl.handle.net/11311/1002472;ita;2016;Comitato scientifico;-0;Franco Angeli;-0;Milano;Un palazzo in forma di parole. Scritti in onore di Paolo Carpeggiani;-0;-0;-0;-0;Facciate leggere;Milano;02.1 Contributo in Volume;info:eu-repo/semantics/closedAccess;1;IRACE, FULVIO;;;;;
02 CONTRIBUTO IN VOLUME::02.1 Contributo in Volume;http://hdl.handle.net/11311/1002827;ita;2016;Comitato scientifico;-0;Franco Angeli;-0;Milano;Design è traduzione;-0;-0;-0;-0;Traduzioni sinestesiche. Teorie e pratiche per il progetto dell’accessibilità ai contenuti;accessibilità;02.1 Contributo in Volume;info:eu-repo/semantics/closedAccess;1;RICCO', DINA;;;;;
02 CONTRIBUTO IN VOLUME::02.1 Contributo in Volume;http://hdl.handle.net/11311/1004158;eng;2016;-0;-0;Springer International Publishing;-0;-0;Internet of Things. IoT Infrastructures: Second International Summit, IoT 360\textdegree 2015, Rome, Italy, October 27-29, 2015. Revised Selected Papers, Part I;-0;-0;-0;-0;SMARTA: Smart Ambiente and Wearable Home Monitoring for Elderly;-0;02.1 Contributo in Volume;info:eu-repo/semantics/closedAccess;4;"PEREGO, PAOLO;TARABINI, MARCO;BOCCIOLONE, MARCO FRANCESCO;ANDREONI, GIUSEPPE";;;;;
02 CONTRIBUTO IN VOLUME::02.1 Contributo in Volume;http://hdl.handle.net/11311/1004805;ita;2016;Comitato scientifico;-0;Franco Angeli;ITA;Milano;Design è traduzione. Il paradigma traduttivo per la cultura del progetto;-0;STAMPA;-0;-0;Texture e Testo. Un processo traduttivo;Texture design, Design della comunicazione, Basic Design, Decostruzione;02.1 Contributo in Volume;info:eu-repo/semantics/closedAccess;1;CALABI, DANIELA ANNA;;;;;
02 CONTRIBUTO IN VOLUME::02.1 Contributo in Volume;http://hdl.handle.net/11311/1005079;ita;2016;-0;-0;Maggioli Editore;ITA;Santarcangelo di Romagna;Il retail diffuso: lo spazio di vendita tra territori fisici e multimediali;-0;STAMPA;-0;-0;Crescere con il Territorio: il rapporto città-commercio dall'antichità al IXX secolo;-0;02.1 Contributo in Volume;info:eu-repo/semantics/closedAccess;1;GEROSA, GIULIA MARIA;;;;;
02 CONTRIBUTO IN VOLUME::02.1 Contributo in Volume;http://hdl.handle.net/11311/1005081;ita;2016;-0;-0;Maggioli Editore;ITA;Santarcangelo di Romagna;Retail diffuso: lo spazio vendita fra territori fisici e multimediali;-0;-0;-0;-0;Raccontarsi nel Territorio: la nascita del negozio moderno;-0;02.1 Contributo in Volume;info:eu-repo/semantics/closedAccess;1;GEROSA, GIULIA MARIA;;;;;
02 CONTRIBUTO IN VOLUME::02.1 Contributo in Volume;http://hdl.handle.net/11311/1005082;ita;2016;-0;-0;Maggioli Editore;ITA;Santarcangelo di Romagna;Retail diffuso: lo spazio vendita fra territori fisici e multimediali;-0;-0;-0;-0;Recupero e trasformazione urbana;-0;02.1 Contributo in Volume;info:eu-repo/semantics/closedAccess;1;GEROSA, GIULIA MARIA;;;;;
02 CONTRIBUTO IN VOLUME::02.1 Contributo in Volume;http://hdl.handle.net/11311/1005085;ita;2016;-0;-0;Maggioli Editore;ITA;Santarcangelo di Romagna;Retail diffuso: lo spazio vendita fra territori fisici e multimediali;-0;STAMPA;-0;-0;Rifunzionalizzazione e metamorfosi;-0;02.1 Contributo in Volume;info:eu-repo/semantics/closedAccess;1;GEROSA, GIULIA MARIA;;;;;
02 CONTRIBUTO IN VOLUME::02.1 Contributo in Volume;http://hdl.handle.net/11311/1005169;por;2016;-0;-0;Eduemg,;BRA;Barbacena, MG (Brasil);Cadernos de Estudos Avançados em Design: Design e Semiótica;-0;STAMPA;-0;-0;Qual semiótica para o design? A via pragmatista e a construção de una semiótica do projeto;-0;02.1 Contributo in Volume;info:eu-repo/semantics/openAccess;1;ZINGALE, SALVATORE;;;;;
02 CONTRIBUTO IN VOLUME::02.1 Contributo in Volume;http://hdl.handle.net/11311/1005170;eng;2016;-0;-0;Eduemg;BRA;Barbacena, MG (Brasil);Collection of advanced studies in design: Design and Semiotics;-0;STAMPA;-0;-0;What semiotic for design? The pragmatist way and the construction of a project’s semiotic;-0;02.1 Contributo in Volume;info:eu-repo/semantics/openAccess;1;ZINGALE, SALVATORE;;;;;
02 CONTRIBUTO IN VOLUME::02.1 Contributo in Volume;http://hdl.handle.net/11311/1005172;ita;2016;-0;-0;FrancoAngeli;ITA;Milano;Design è traduzione. Il paradigma traduttivo per la cultura del progetto. “Design e traduzione”: un manifesto;-0;STAMPA;-0;-0;Come una traduzione. La traduzione del senso nel design;Traduzione, Interpretante, Semiotica, Sistema di significazione, Design;02.1 Contributo in Volume;info:eu-repo/semantics/openAccess;1;ZINGALE, SALVATORE;;;;;
02 CONTRIBUTO IN VOLUME::02.1 Contributo in Volume;http://hdl.handle.net/11311/1005173;ita;2016;Comitato scientifico;-0;Maggioli;ITA;Santarcangelo di Romagna (RN);Humanities Design Lab. Le culture del progetto e le scienze umane e sociali;-0;STAMPA;-0;-0;Il design e le scienze umane. Temi per una scienza dialogica;Design, umanismo, scienza, semiotica, pragmatismo, atropopoiesi;02.1 Contributo in Volume;info:eu-repo/semantics/openAccess;1;ZINGALE, SALVATORE;;;;;
02 CONTRIBUTO IN VOLUME::02.1 Contributo in Volume;http://hdl.handle.net/11311/1005174;ita;2016;Comitato scientifico;-0;Maggioli;ITA;Santarcangelo di Romagna (RN);Humanities Design Lab. Le culture del progetto e le scienze umane e sociali;-0;STAMPA;-0;-0;L’osservazione semiotica;semiotica, osservazione, progetto, etnosemiotica;02.1 Contributo in Volume;info:eu-repo/semantics/openAccess;1;ZINGALE, SALVATORE;;;;;
02 CONTRIBUTO IN VOLUME::02.1 Contributo in Volume;http://hdl.handle.net/11311/1005175;ita;2016;-0;-0;Edizioni Scientifiche Italiane;ITA;-0;Storia Storie Romanzo. Per una filosofia delle narrazioni;-0;STAMPA;-0;-0;Innamoramento e abduzione. Il progetto, l’imprevisto, l’improvviso;abduzione, semiotica, innamoramento, immagine, progetto, imprevisto,;02.1 Contributo in Volume;info:eu-repo/semantics/openAccess;1;ZINGALE, SALVATORE;;;;;
02 CONTRIBUTO IN VOLUME::02.1 Contributo in Volume;http://hdl.handle.net/11311/1005219;ita;2016;-0;-0;Maggioli Editore;ITA;Santarcangelo di Romagna;Retail diffuso: lo spazio vendita fra territori fisici e multimediali;-0;STAMPA;-0;-0;Il sistema di offerta dell'impresa entro il paradigma dell'experience design;-0;02.1 Contributo in Volume;none;1;IANNILLI, VALERIA MARIA;;;;;
02 CONTRIBUTO IN VOLUME::02.1 Contributo in Volume;http://hdl.handle.net/11311/1005220;ita;2016;-0;-0;Maggioli Editore;ITA;Santarcangelo di Romagna;Retail diffuso: lo spazio vendita fra territori fisici e multimediali;-0;STAMPA;-0;-0;L'apporto delle scienze umane negli studi del design per il retail;-0;02.1 Contributo in Volume;none;1;IANNILLI, VALERIA MARIA;;;;;
02 CONTRIBUTO IN VOLUME::02.1 Contributo in Volume;http://hdl.handle.net/11311/1005223;ita;2016;-0;-0;Maggioli Editore;ITA;Santarcangelo di Romagna;Retail diffuso: lo spazio vendita fra territori fisici e multimediali;-0;STAMPA;-0;-0;Smart consumer vs smart retail context;smart consumer, smart retail, mobile, omnicanale;02.1 Contributo in Volume;info:eu-repo/semantics/closedAccess;1;IANNILLI, VALERIA MARIA;;;;;
02 CONTRIBUTO IN VOLUME::02.1 Contributo in Volume;http://hdl.handle.net/11311/1005330;ita;2016;Comitato scientifico;-0;FrancoAngeli;-0;Milano;Design è traduzione. Il paradigma traduttivo per la cultura del progetto.;-0;-0;-0;-0;La narrazione e il supporto. Il principio di traduzione nel progetto transmediale;-0;02.1 Contributo in Volume;info:eu-repo/semantics/closedAccess;2;"CIASTELLARDI, MATTEO;de Kerckhove, Derrick";;;;;
02 CONTRIBUTO IN VOLUME::02.1 Contributo in Volume;http://hdl.handle.net/11311/1006240;ita;2016;-0;-0;LED;-0;Milano;Lo stile del pensiero. Una lettura ipertestuale del caso emblematico di Friedrich Nietzsche;-0;-0;-0;-0;L’informazione mediata. Il processo d’interazione nella cultura del testo;-0;02.1 Contributo in Volume;info:eu-repo/semantics/closedAccess;1;CIASTELLARDI, MATTEO;;;;;
02 CONTRIBUTO IN VOLUME::02.1 Contributo in Volume;http://hdl.handle.net/11311/1006435;eng;2016;-0;-0;LED;-0;-0;Opening Time. On the Energy Threshold;-0;-0;-0;-0;Augmented Reality for Collaborative Media;-0;02.1 Contributo in Volume;info:eu-repo/semantics/openAccess;1;CIASTELLARDI, MATTEO;;;;;
02 CONTRIBUTO IN VOLUME::02.1 Contributo in Volume;http://hdl.handle.net/11311/1006986;ita;2016;-0;-0;Scripta edizioni;ITA;Verona;Antonio Balestra. Nel Segno della Grazia.;-0;STAMPA;-0;-0;Antonio Balestra e la gioventù romana.;Antonio Balestra, Benedetto Luti, Disegno, Barocco, Arcadia, Accademia di San Luca, Mostra, Catalogo, Ministero Beni Culturali, Storia dell'arte, Pittura, Settecento, Verona, Castelvecchio;02.1 Contributo in Volume;info:eu-repo/semantics/closedAccess;1;MAFFEIS, RODOLFO;;;;;
02 CONTRIBUTO IN VOLUME::02.1 Contributo in Volume;http://hdl.handle.net/11311/1007266;ita;2016;Comitato scientifico;-0;Egea;ITA;Milano;L'impresa di domani. Innovativa sostenibile inclusiva;-0;STAMPA;-0;-0;Credere nel business sociale;Business sociale;02.1 Contributo in Volume;info:eu-repo/semantics/openAccess;1;GALBIATI, MARIA LUISA;;;;;
02 CONTRIBUTO IN VOLUME::02.1 Contributo in Volume;http://hdl.handle.net/11311/1007267;eng;2016;Comitato scientifico;-0;Silvana Editoriale;ITA;Milano;The Logic of Approximation, in Art and in Life;-0;STAMPA;-0;-0;Contemporary Communication Scenarios;-0;02.1 Contributo in Volume;info:eu-repo/semantics/openAccess;1;GALBIATI, MARIA LUISA;;;;;
02 CONTRIBUTO IN VOLUME::02.1 Contributo in Volume;http://hdl.handle.net/11311/1007354;ita;2016;-0;-0;FrancoAngeli;ITA;Milano;Transmedia design framework. Un approccio design-oriented alla transmedia practice;-0;STAMPA;-0;-0;Le prassi comunicative nell’era digitale;digitale;02.1 Contributo in Volume;info:eu-repo/semantics/closedAccess;1;GALBIATI, MARIA LUISA;;;;;
02 CONTRIBUTO IN VOLUME::02.1 Contributo in Volume;http://hdl.handle.net/11311/1007502;ita;2016;Comitato scientifico;-0;Skira;ITA;Milano;Antonio Sant'Elia. Il futuro delle città;-0;STAMPA;-0;-0;Dalla Città Nuova alla Green City;Antonio Sant'Elia, Città Nuova, Green City;02.1 Contributo in Volume;info:eu-repo/semantics/closedAccess;1;IRACE, FULVIO;;;;;
02 CONTRIBUTO IN VOLUME::02.1 Contributo in Volume;http://hdl.handle.net/11311/1008787;eng;2016;-0;-0;DESIS Network Association;-0;-0;THE PEARL DIVER. The designer as storyteller;-0;-0;-0;-0;Engagement & storytelling for social innovation;-0;02.1 Contributo in Volume;info:eu-repo/semantics/openAccess;1;GALBIATI, MARIA LUISA;;;;;
02 CONTRIBUTO IN VOLUME::02.1 Contributo in Volume;http://hdl.handle.net/11311/1008788;eng;2016;-0;-0;DESIS Network Association;-0;-0;THE PEARL DIVER. The designer as storyteller;-0;-0;-0;-0;Games telling stories of and for social innovation;-0;02.1 Contributo in Volume;info:eu-repo/semantics/openAccess;1;MARIANI, ILARIA;;;;;
02 CONTRIBUTO IN VOLUME::02.1 Contributo in Volume;http://hdl.handle.net/11311/1008789;eng;2016;-0;-0;DESIS Network Association;-0;-0;THE PEARL DIVER. The designer as storyteller;-0;-0;-0;-0;A conversation with Marisa Galbiati & Ezio Manzini;-0;02.1 Contributo in Volume;info:eu-repo/semantics/openAccess;2;"GALBIATI, MARIA LUISA;MANZINI, EZIO";;;;;
02 CONTRIBUTO IN VOLUME::02.1 Contributo in Volume;http://hdl.handle.net/11311/1008866;eng;2016;-0;-0;IGI Global;-0;-0;Enriching Urban Spaces with Ambient Computing, the Internet of Things, and Smart City Design;-0;-0;-0;-0;Enriching Geographic Maps with Accessible Paths Derived from Implicit Mobile Device Data Collection;-0;02.1 Contributo in Volume;info:eu-repo/semantics/closedAccess;6;"BIAGI, LUDOVICO GIORGIO ALDO;COMAI, SARA;MANGIAROTTI, RAFFAELLA;MATTEUCCI, MATTEO;NEGRETTI, MARCO;Yavuz, Secil Ugur";;;;;
02 CONTRIBUTO IN VOLUME::02.1 Contributo in Volume;http://hdl.handle.net/11311/1010663;eng;2016;Esperti anonimi;-0;Edward Elgar Publishing Limited;GBR;-0;International Perspectives on Business Innovation and Disruption in Design;-0;-0;-0;-0;Design capability and business innovation;-0;02.1 Contributo in Volume;info:eu-repo/semantics/closedAccess;2;"MORTATI, MARZIA;VILLARI, BEATRICE";;;;;
02 CONTRIBUTO IN VOLUME::02.1 Contributo in Volume;http://hdl.handle.net/11311/1013441;por;2016;-0;-0;Paraiboa, João Pessoa;BRA;Paraíba, Brazil;O novo paradigma arquitetonico e urbanistico da complexidade sustentavel criativa: experiencias academicas em perquisas basicas e aplicadas;-0;STAMPA;-0;-0;Universidade Federal do Parana;-0;02.1 Contributo in Volume;info:eu-repo/semantics/closedAccess;5;"NEBULONI, ATTILIO;Blasi, C.;Carreno, B.;Padovano, B.;Righi, R.";;;;;
02 CONTRIBUTO IN VOLUME::02.1 Contributo in Volume;http://hdl.handle.net/11311/1013452;por;2016;-0;-0;Paraiboa, João Pessoa;BRA;Paraíba, Brazil;O novo paradigma arquitetonico e urbanistico da complexidade sustentavel criativa: experiencias academicas em perquisas basicas e aplicadas;-0;STAMPA;-0;-0;Sede do Governo Estadual do Maranhao;-0;02.1 Contributo in Volume;info:eu-repo/semantics/closedAccess;5;"NEBULONI, ATTILIO;Bertacchini, P.;Blasi, C.;Padovano, B.;Pontes, P.";;;;;
02 CONTRIBUTO IN VOLUME::02.1 Contributo in Volume;http://hdl.handle.net/11311/1014378;ita;2016;-0;-0;Edizioni FAG;-0;-0;La tutela della creatività e del design;-0;-0;-0;-0;La premessa necessaria: muoversi in un mondo in continuo movimento.;-0;02.1 Contributo in Volume;info:eu-repo/semantics/openAccess;1;CEPPI, GIULIO;;;;;
02 CONTRIBUTO IN VOLUME::02.1 Contributo in Volume;http://hdl.handle.net/11311/1015727;eng;2016;Comitato scientifico;-0;CIRICE;ITA;Napoli;Delli Aspetti de Paesi. Tomo secondo. Rappresentazione, memoria, conservazione. Representation, Memory, Preservation.;-0;ELETTRONICO;-0;-0;Wandering through the time of the city. Real and virtual Milanese itineraries;Maps, Iconographic heritage,virtual itineraries;02.1 Contributo in Volume;info:eu-repo/semantics/closedAccess;3;"IAROSSI, MARIA POMPEIANA;CONTE, SARA;Rossini, Matilde";;;;;
02 CONTRIBUTO IN VOLUME::02.1 Contributo in Volume;http://hdl.handle.net/11311/1016022;eng;2016;Esperti anonimi;-0;IGI Global - Idea Group Inc.;USA;Hershey;Design Innovations for Contemporary Interiors and Civic Art;-0;STAMPA;-0;-0;Urban Interior Design: Strategies for Public Living Spaces;-0;02.1 Contributo in Volume;info:eu-repo/semantics/closedAccess;1;DI PRETE, BARBARA;;;;;
02 CONTRIBUTO IN VOLUME::02.1 Contributo in Volume;http://hdl.handle.net/11311/1017277;ita;2016;Comitato scientifico;-0;Franco Angeli;ITA;Milano;"Design è traduzione. Il paradigma traduttivo per la cultura del progetto. ""Design e traduzione"": un manifesto";-0;STAMPA;-0;-0;Traduzioni artefattuali. Le molteplici forme della traduzione progettuale.;-0;02.1 Contributo in Volume;info:eu-repo/semantics/closedAccess;1;PENATI, ANTONELLA VALERIA;;;;;
02 CONTRIBUTO IN VOLUME::02.1 Contributo in Volume;http://hdl.handle.net/11311/1017397;ita;2016;-0;-0;Sapienza Università Editrice;ITA;Roma;Prospettive architettoniche conservazione digitale, divulgazione e studio;-0;ELETTRONICO;-0;-0;Realtà e illusione nell’architettura dipinta. Quadraturismo e decorazione pittorica nella Provincia e antica Diocesi di Como (Comasco, Ticino, Valtellina);-0;02.1 Contributo in Volume;info:eu-repo/semantics/closedAccess;1;DE PAOLIS, ROBERTO;;;;;
02 CONTRIBUTO IN VOLUME::02.1 Contributo in Volume;http://hdl.handle.net/11311/1017740;ita;2016;Comitato scientifico;-0;Quinlan - CASVA - Comune di Milano;ITA;Milano;Umanesimo contemporaneo. Gli archivi di Gregotti-Meneghetti-Stoppino e della società Gregotti Associati conservati presso il CASVA;-0;STAMPA;-0;-0;Umanesimo contemporaneo;-0;02.1 Contributo in Volume;info:eu-repo/semantics/closedAccess;1;FERABOLI, MARIA TERESA;;;;;
02 CONTRIBUTO IN VOLUME::02.1 Contributo in Volume;http://hdl.handle.net/11311/1017980;ita;2016;-0;-0;Franco Angeli;ITA;Milano;Carlo De Carli 1910-1999;-0;STAMPA;-0;-0;"Progetti e pensieri 1939-1949: per una ""profezia"" dell'architettura tra disegno del mobile e interni";-0;02.1 Contributo in Volume;info:eu-repo/semantics/openAccess;1;BOSONI, GIAMPIERO;;;;;
02 CONTRIBUTO IN VOLUME::02.1 Contributo in Volume;http://hdl.handle.net/11311/1017982;ita;2016;-0;-0;Accademia University Press;ITA;Torino;Enzo Frateili, un protagonista della cultura del design e dell'architettura;-0;STAMPA;-0;-0;Appunti sulla ricerca iconografica nella storia del design. Alcune riflessioni intorno al valore dell'immagine nella strutturazione dei racconti storici di Enzo Frateili.;-0;02.1 Contributo in Volume;info:eu-repo/semantics/openAccess;1;BOSONI, GIAMPIERO;;;;;
02 CONTRIBUTO IN VOLUME::02.1 Contributo in Volume;http://hdl.handle.net/11311/1017986;ita;2016;Comitato scientifico;-0;DIDA;ITA;Firenze;Interdisciplinary design. Progetto e relazione tra saperi;-0;ELETTRONICO;-0;-0;Nuovi Scenari della materia e visioni di design;Design for Material, MADEC, Interdisciplinary research, advanced scenario, design qualities, tangible interfaces, kinetic environment, design vision and experimentation;02.1 Contributo in Volume;info:eu-repo/semantics/openAccess;1;FERRARA, MARIA RITA;;;;;
02 CONTRIBUTO IN VOLUME::02.1 Contributo in Volume;http://hdl.handle.net/11311/1017993;ita;2016;-0;-0;Maggioli Editore;ITA;-0;Interni Inclusivi. Dialoghi trasversali;-0;-0;-0;-0;Identità possibili degli spazi inclusivi;-0;02.1 Contributo in Volume;info:eu-repo/semantics/closedAccess;1;BARBARA, ANNA;;;;;
02 CONTRIBUTO IN VOLUME::02.1 Contributo in Volume;http://hdl.handle.net/11311/1018138;ita;2016;Esperti non anonimi;-0;Franco Angeli;ITA;Milano;Design è traduzione. Il paradigma traduttivo per la cultura del progetto;-0;STAMPA;-0;-0;Lo sguardo traduttore. Design e traduzione per il campo editoriale;-0;02.1 Contributo in Volume;info:eu-repo/semantics/closedAccess;1;BAULE, GIOVANNI;;;;;
02 CONTRIBUTO IN VOLUME::02.1 Contributo in Volume;http://hdl.handle.net/11311/1001938;eng ita;2016;Comitato scientifico;-0;Marsilio;ITA;Venezia;Stanze. Altre filosofie dell’abitare;-0;STAMPA;-0;-0;Case con vista. Houses with a view;Luigi Figini, Luigi Caccia Dominioni, Ettore Sottsass, Gio Ponti, Carlo Mollino, Vittoriano Viganò, Renzo Piano;02.1 Contributo in Volume;info:eu-repo/semantics/closedAccess;1;IRACE, FULVIO;;;;;
02 CONTRIBUTO IN VOLUME::02.1 Contributo in Volume;http://hdl.handle.net/11311/1005574;eng ita;2016;-0;-0;EDIZIONI DATIVO srl;ITA;MILANO;PACKAGING NATURALMENTE TECNOLOGICO - INNOVAZIONI SOSTENIBILI PER IL FOOD PACKAGING A BASE DI CARTA E CARTONE;-0;STAMPA;-0;-0;DESIGNING AND INNOVATING WITH PAPER, BOARD, AND CELLULOSE PULP - PROGETTARE E FARE INNOVAZIONE CON CARTA, CARTONE E POLPA DI CELLULOSA;design, environmental, packaging;02.1 Contributo in Volume;info:eu-repo/semantics/closedAccess;1;Mario Bisson;;;;;
02 CONTRIBUTO IN VOLUME::02.1 Contributo in Volume;http://hdl.handle.net/11311/1007078;eng ita fra;2016;-0;-0;Nomos Edizioni;ITA;Busto Arsizio (VA);Leonardo da Vinci: Metodi e Tecniche per la Costruzione della Conoscenza.;-0;STAMPA;-0;-0;Il cielo di Leonardo e uno Zodiaco dantesco.;Leonardo da Vinci, Luca Signorelli, Disegno, Pittura, Manoscritti, Dante, Pietro Alighieri, Divina Commedia, Purgatorio, Zodiaco, Astronomia, Cosmologia, Codice Atlantico, Accademia della Crusca, Rubecchio;02.1 Contributo in Volume;info:eu-repo/semantics/closedAccess;1;MAFFEIS, RODOLFO;;;;;
02 CONTRIBUTO IN VOLUME::02.1 Contributo in Volume;http://hdl.handle.net/11311/1013474;eng ita;2016;-0;-0;Aracne;ITA;Roma;Speranza di una nuova progettazione 2 / Hope of a new design 2;-0;STAMPA;-0;-0;Approcci alla complessità nel progetto sostenibile / Approaches to complexity in sustainable design;-0;02.1 Contributo in Volume;info:eu-repo/semantics/closedAccess;1;NEBULONI, ATTILIO;;;;;
02 CONTRIBUTO IN VOLUME::02.1 Contributo in Volume;http://hdl.handle.net/11311/1017983;eng ita;2016;-0;-0;Marsilio;ITA;Venezia;Stanze, altre filosofie dell'abitare;-0;STAMPA;-0;-0;"""La casa nuova è la coscienza di un mondo nuovo"", Del design degli interni e degli elementi che li fanno vibrare";interni, design, mobili;02.1 Contributo in Volume;info:eu-repo/semantics/openAccess;1;BOSONI, GIAMPIERO;;;;;
02 CONTRIBUTO IN VOLUME::02.1 Contributo in Volume;http://hdl.handle.net/11311/1018133;eng ita;2016;-0;-0;Marsilio;ITA;Venezia;New Craft;-0;STAMPA;-0;-0;Il superamento della mano;-0;02.1 Contributo in Volume;info:eu-repo/semantics/openAccess;1;MAFFEI, STEFANO;;;;;
02 CONTRIBUTO IN VOLUME::02.1 Contributo in Volume;http://hdl.handle.net/11311/1018134;eng ita;2016;-0;-0;Libraccio;ITA;Milano;Next Design Innovation;-0;STAMPA;-0;-0;Innovare è innovare è innovare;-0;02.1 Contributo in Volume;info:eu-repo/semantics/openAccess;2;"MAFFEI, STEFANO;BIANCHINI, MASSIMO";;;;;
02 CONTRIBUTO IN VOLUME::02.1 Contributo in Volume;http://hdl.handle.net/11311/1018440;eng heb;2016;Comitato scientifico;-0;Mandragora;ITA;Florence, Italy;INTERDISCIPLINARY RESEARCH AND EDUCATION AGENDA A DESIGN DRIVEN PERSPECTIVE;-0;STAMPA;-0;-0;GLOBAL CHALLENGES AND EDUCATION: THE AGE OF INNOVATION LEADERS;-0;02.1 Contributo in Volume;info:eu-repo/semantics/closedAccess;3;"BERTOLA, PAOLA;CERI, STEFANO;VACCA, FEDERICA";;;;;
02 CONTRIBUTO IN VOLUME::02.1 Contributo in Volume;http://hdl.handle.net/11311/1018446;eng heb;2016;Comitato scientifico;-0;Mandragora;ITA;Florence, Italy;INTERDISCIPLINARY RESEARCH AND EDUCATION AGENDA A DESIGN DRIVEN PERSPECTIVE;-0;STAMPA;-0;-0;INTERDISCIPLINARY EDUCATION AGENDA, AN ESSENTIAL DRIVER FOR INNOVATION;-0;02.1 Contributo in Volume;info:eu-repo/semantics/closedAccess;1;"VACCA, FEDERICA;T. Warshavski";;;;;
02 CONTRIBUTO IN VOLUME::02.1 Contributo in Volume;http://hdl.handle.net/11311/1003948;eng;2015;-0;-0;Ediciones Fundación Internacional Artecittà;ESP;Granada;MuVi4 Video and moving image on synesthesia and visual music;-0;STAMPA;-0;-0;Playn'Rebus 2;-0;02.1 Contributo in Volume;info:eu-repo/semantics/closedAccess;6;"Menini, Marco;Minzoni, Marco;CARATTI, ELENA;TOLINO, UMBERTO;Spinelli, Aldo;Hachen, Massimo";;;;;
02 CONTRIBUTO IN VOLUME::02.1 Contributo in Volume;http://hdl.handle.net/11311/1005099;ita;2015;-0;-0;ATì;ITA;Milano;L’oggetto del progetto. Saggi, dialoghi e lezioni di semiotica intorno al design e all’inventiva progettuale;-0;STAMPA;-0;-0;Design: dall’oggetto al progetto;design, habit, pragmatismo, semiotica,;02.1 Contributo in Volume;info:eu-repo/semantics/openAccess;1;ZINGALE, SALVATORE;;;;;
02 CONTRIBUTO IN VOLUME::02.1 Contributo in Volume;http://hdl.handle.net/11311/1005111;ita;2015;Esperti non anonimi;-0;Bompiani;ITA;Milano;Su Peirce. Interpretazioni, ricerche, prospettive;-0;STAMPA;-0;-0;This is my Design'. Lo spazio dell’abduzione nella progettualità;semiotica, abduzione, Peirce;02.1 Contributo in Volume;info:eu-repo/semantics/openAccess;1;ZINGALE, SALVATORE;;;;;
02 CONTRIBUTO IN VOLUME::02.1 Contributo in Volume;http://hdl.handle.net/11311/1005136;ita;2015;-0;-0;Aracne;ITA;Roma;Dire la Natura. Ambiente e significazione;-0;STAMPA;-0;-0;Per natura e per cultura. Semiotica ecologica e wayfinding;wayfinding, orientamento, semiotica, design, natura;02.1 Contributo in Volume;info:eu-repo/semantics/openAccess;1;ZINGALE, SALVATORE;;;;;
02 CONTRIBUTO IN VOLUME::02.1 Contributo in Volume;http://hdl.handle.net/11311/1006151;eng;2015;-0;-0;SCITEPRESS – Science and Technology, Publications. Lda;PRT;-0;European Project Space on Computational Intelligence, Knowledge Discovery and Systems Engineering for Health and Sports;-0;STAMPA;-0;-0;PEGASO Fit for Future.;-0;02.1 Contributo in Volume;info:eu-repo/semantics/openAccess;2;"GUARNERI, MARIA RENATA;ANDREONI, GIUSEPPE";;;;;
02 CONTRIBUTO IN VOLUME::02.1 Contributo in Volume;http://hdl.handle.net/11311/1006782;ita;2015;Comitato scientifico;-0;ISTITUTO DELLA ENCICLOPEDIA ITALIANA GIOVANNI TRECCANI;ITA;ROMA;ENCICLOPEDIA ITALIANA DI SCIENZE, LETTERE E ARTI;-0;STAMPA;-0;-0;TURISMO SPAZIALE;-0;02.1 Contributo in Volume;info:eu-repo/semantics/closedAccess;1;DOMINONI, ANNALISA;;;;;
02 CONTRIBUTO IN VOLUME::02.1 Contributo in Volume;http://hdl.handle.net/11311/1007039;ita;2015;-0;-0;Skira;ITA;Milano;Leonardo da Vinci: il disegno del mondo;-0;STAMPA;-0;-0;L'equivoco del sole immobile: cosmologia di Leonardo tra disegni e testi;Leonardo da Vinci, Disegno, Manoscritti, Astronomia, Cosmologia, Filosofia Naturale, Aristotele, Alberto di Sassonia, Niccolò Copernico, Luna, Sole, Eliocentrismo;02.1 Contributo in Volume;info:eu-repo/semantics/closedAccess;1;MAFFEIS, RODOLFO;;;;;
02 CONTRIBUTO IN VOLUME::02.1 Contributo in Volume;http://hdl.handle.net/11311/1014079;ita;2015;Comitato scientifico;-0;Franco Angeli;ITA;Milano;Architettura e paesaggi della villeggiatura in Italia tra Ottocento e Novecento;-0;STAMPA;-0;-0;Castione della Presolana (Bergamo): le due case sorelle di Gio Ponti;-0;02.1 Contributo in Volume;none;1;CIAGA', GRAZIELLA LEYLA;;;;;
02 CONTRIBUTO IN VOLUME::02.1 Contributo in Volume;http://hdl.handle.net/11311/1018274;eng;2015;Esperti anonimi;-0;IOS press book;GBR;-0;Studies in Health Technology and Informatics.;-0;STAMPA;-0;-0;Conceptual Design of Haptic-Feedback Navigation Device for Individuals with Alzheimer’s Disease;DESIGN, ALZHEIMER, INNOVAZIONE,;02.1 Contributo in Volume;info:eu-repo/semantics/closedAccess;3;"BIAMONTI, ALESSANDRO;Che Me, Rosalam;Mohd Saad, Mohd Rashid";;;;;
02 CONTRIBUTO IN VOLUME::02.1 Contributo in Volume;http://hdl.handle.net/11311/1007029;eng ita;2015;-0;-0;Marsilio;ITA;Venezia;Leonardo da Vinci on Nature: Knowledge and Representation;-0;STAMPA;-0;-0;«Quasi dentatae rotae»: Leonardo disegna la Luna;Leonardo da Vinci, Disegno, Manoscritti, Astronomia, Cosmologia, Filosofia Naturale, Aristotele, Alberto di Sassonia, Plutarco, Dante, Luna, Galileo;02.1 Contributo in Volume;info:eu-repo/semantics/closedAccess;1;MAFFEIS, RODOLFO;;;;;
02 CONTRIBUTO IN VOLUME::02.1 Contributo in Volume;http://hdl.handle.net/11311/1017990;eng ita;2015;-0;-0;Skira Editore spa;ITA;-0;Achitettura. Movimenti e tendenze dal 1900 ad oggi;-0;-0;-0;-0;The avant-garde movements: Futurism,Czech Cubism, Suprematism, Constructivism, Expressionism, De Stijl;-0;02.1 Contributo in Volume;info:eu-repo/semantics/openAccess;1;BARBARA, ANNA;;;;;
02 CONTRIBUTO IN VOLUME::02.1 Contributo in Volume;http://hdl.handle.net/11311/1005056;eng;2014;-0;-0;Spurbuchverlag;DEU;Baunach, Germany;Design research on Temporary Homes - Hospitable Places for Homeless, Immigrants and Refugees;-0;STAMPA;-0;-0;Design for hospitable interiors: open-ended design solution for welcoming diversity;-0;02.1 Contributo in Volume;info:eu-repo/semantics/closedAccess;2;"GIUNTA, ELENA ENRICA;GEROSA, GIULIA MARIA";;;;;
02 CONTRIBUTO IN VOLUME::02.1 Contributo in Volume;http://hdl.handle.net/11311/1007047;ita;2014;-0;-0;Istituto della Enciclopedia Italiana fondata da Giovanni Treccani;ITA;Roma;L'Orlando Furioso nello specchio delle immagini;-0;STAMPA;-0;-0;"Molto amore per nulla: il ""Furioso"" in pittura nel Settecento italiano";Ariosto, Orlando Furioso, Giambattista Tiepolo, Giuseppe Cades, Casanova, Angelica e Medoro, Pittura, Settecento;02.1 Contributo in Volume;info:eu-repo/semantics/closedAccess;1;MAFFEIS, RODOLFO;;;;;
02 CONTRIBUTO IN VOLUME::02.1 Contributo in Volume;http://hdl.handle.net/11311/1003319;mul;2013;-0;-0;Ass. Italiana Progettazione Comunicazione Visiva;ITA;Milano;Krisis-Orientation. Un progetto di unità di crisi. Ediz. multilingue;-0;STAMPA;-0;-0;Due mappe del territorio;-0;02.1 Contributo in Volume;info:eu-repo/semantics/closedAccess;1;QUAGGIOTTO, MARCO;;;;;
02 CONTRIBUTO IN VOLUME::02.1 Contributo in Volume;http://hdl.handle.net/11311/1005310;ita;2013;-0;-0;LED Edizioni Universitarie;-0;Milano;Ecologia del testo. Esperienza del pensiero;-0;-0;-0;-0;Il web come lo spazio della relazione. Prodromi di un’ecologia del testo;-0;02.1 Contributo in Volume;info:eu-repo/semantics/openAccess;1;CIASTELLARDI, MATTEO;;;;;
02 CONTRIBUTO IN VOLUME::02.1 Contributo in Volume;http://hdl.handle.net/11311/1006160;ita;2012;-0;-0;Patron;-0;-0;Dalla Ricerca al Mercato. Trasformare il risultato della ricerca in un prodotto;-0;-0;-0;-0;Nuovi Sistemi di salute personale: dalla Ricerca al Mercato;-0;02.1 Contributo in Volume;info:eu-repo/semantics/openAccess;1;ANDREONI, GIUSEPPE;;;;;
02 CONTRIBUTO IN VOLUME::02.1 Contributo in Volume;http://hdl.handle.net/11311/1005258;spa;2011;Comitato scientifico;-0;Generalitat de Catalunya / Ara Llibres;ESP;Barcelona;Matèria. Noves Fronteres de la ciencia, l’art i el pensament;-0;STAMPA;-0;-0;Matèria connectada;-0;02.1 Contributo in Volume;info:eu-repo/semantics/closedAccess;2;"CIASTELLARDI, MATTEO;de Almeida, Cristina Miranda";;;;;
02 CONTRIBUTO IN VOLUME::02.1 Contributo in Volume;http://hdl.handle.net/11311/1006272;ita;2009;-0;-0;FrancoAngeli;-0;-0;Argomenti di Ergonomia. Un glossario (vol 1);-0;-0;-0;-0;Antropometria;-0;02.1 Contributo in Volume;info:eu-repo/semantics/openAccess;2;"ANDREONI, GIUSEPPE;PIZZAGALLI, MANUELA";;;;;
02 CONTRIBUTO IN VOLUME::02.1 Contributo in Volume;http://hdl.handle.net/11311/1006273;ita;2009;-0;-0;FrancoAngeli;-0;-0;Argomenti di Ergonomia. Un glossario (vol 1);-0;-0;-0;-0;Biomeccanica Occupazionale;-0;02.1 Contributo in Volume;info:eu-repo/semantics/openAccess;1;ANDREONI, GIUSEPPE;;;;;
