dc.relation.medium,dc.date.issued,dc.type.full,dc.type.circulation,dc.relation.ispartofbook,item.collection,dc.publisher.place,dc.identifier.uri,dc.publisher.country,dc.title,dc.relation.conferenceplace,dc.subject.keywords,dc.description.numberofauthors,item.openaireRights,dc.language.iso,dc.publisher.name,dc.relation.conferencename,dc.description.allpeople,dc.subject.keywordsita
-0,1989,07 ALTRO::07.13 Progetti,-0,-0,07.13 Progetti,-0,http://hdl.handle.net/11311/640518,-0,Lampada Tolomeo,Milano,-0,1,-0,ita;eng,ADI - Associazione per il Disegno Industriale,Compasso d'Oro,M. De Lucchi,-0
-0,1993,07 ALTRO::07.12 Altro,nazionale,"Paper (draft) per la ricerca MURST UdR Prodotto, progetto, ambiente",-0,-0,http://hdl.handle.net/11311/533539,-0,"Design for Assembly,",-0,"Robust design design a basso impatto ambientale. Processi, assemblaggi e disassemblaggi dei prodotti industriali.",1,none,-0,-0,-0,"Bruno, DAVIDE MARIA",-0
-0,1994,07 ALTRO::07.12 Altro,-0,-0,07.12 Altro,-0,http://hdl.handle.net/11311/533734,-0,Il cadenzamento dell’orario ferroviario: aspetti metodologici e applicativi,-0,-0,3,-0,-0,-0,-0,R. MAJA; LIMONGELLI M.; VILLA S.,-0
-0,1995,07 ALTRO::07.12 Altro,-0,-0,07.12 Altro,-0,http://hdl.handle.net/11311/533704,-0,"Il quadro dell'offerta di trasporto, IReR - Istituto Regionale di Ricerca della Lombardia - Aggiornamento del piano regionale dei trasporti della regione Lombardia",-0,-0,2,-0,-0,-0,-0,COMETTI E.; R. MAJA,-0
-0,1995,07 ALTRO::07.12 Altro,-0,-0,-0,-0,http://hdl.handle.net/11311/533705,-0,Telematica nei trasporti - Stato dell'arte delle tecnologie per il trasporto guidato e per l'intermodalità,-0,-0,3,none,-0,-0,-0,R. MAJA; GUERRA C.; CORTESE V.,-0
-0,1995,07 ALTRO::07.12 Altro,-0,-0,07.12 Altro,-0,http://hdl.handle.net/11311/533706,-0,Sistemi innovativi per l'esercizio economico delle linee ferroviarie a scarso traffico,-0,-0,1,-0,-0,-0,-0,R. MAJA,-0
-0,1995,07 ALTRO::07.12 Altro,-0,-0,-0,-0,http://hdl.handle.net/11311/533708,-0,Studio di simulazione del trasporto pubblico nel bacino della ferrovia Brescia-Iseo-Edolo,-0,-0,1,none,-0,-0,-0,R. MAJA,-0
-0,1996,07 ALTRO::07.05 Esposizione,-0,-0,07.05 Esposizione,-0,http://hdl.handle.net/11311/693106,-0,Esposizione: IPOTESI ECOMUSEALE PER I CAMPI FLEGREI,-0,-0,2,-0,-0,-0,-0,M. Parente; V. Gangemi,-0
-0,1996,07 ALTRO::07.06 Mostra,-0,-0,07.06 Mostra,-0,http://hdl.handle.net/11311/693108,-0,Mostra: IL DESIGN COME ELEMENTO STRATEGICO PER LE PICCOLE E MEDIE IMPRESE. PROPOSTE E PROGETTI DELLA SCUOLA DI SPECIALIZZAZIONE IN DISEGNO INDUSTRIALE DI NAPOLI,-0,-0,3,-0,-0,-0,-0,M. Parente; E. Guida; R. Valente,-0
-0,1996,07 ALTRO::07.12 Altro,-0,-0,07.12 Altro,-0,http://hdl.handle.net/11311/533707,-0,Catalogo dei sistemi innovativi di navetta automatica per la mobilità urbana,-0,-0,2,-0,-0,-0,-0,R. MAJA; GUERRA C.,-0
-0,1997,07 ALTRO::07.06 Mostra,-0,-0,07.06 Mostra,-0,http://hdl.handle.net/11311/693110,-0,PROGETTO E INDUSTRIA,-0,-0,3,-0,-0,-0,-0,M. Parente; E. Guida; R. Valente,-0
-0,1997,07 ALTRO::07.12 Altro,-0,-0,-0,-0,http://hdl.handle.net/11311/533703,-0,Consulenza e collaborazione per la sperimentazione di modelli di simulazione della mobilità a supporto della pianificazione regionale dei trasporti e della mobilità - Caso di studio Malpensa - Costruzione del modello di simulazione del traffico per la valutazione degli scenari alternativi,-0,-0,2,none,-0,-0,-0,R. MAJA; DALENO M.,-0
-0,1998,07 ALTRO::07.06 Mostra,-0,-0,07.06 Mostra,-0,http://hdl.handle.net/11311/693112,-0,Mostra: SOTTSSAS. 151 DISEGNI,-0,-0,5,none,-0,-0,-0,V. Cristallo; F. E. Guida; M. Elia; A. Morone; M. Parente,-0
-0,1998,07 ALTRO::07.06 Mostra,-0,-0,07.06 Mostra,-0,http://hdl.handle.net/11311/693114,-0,IV MOSTRA DELL’ARTIGIANATO ARTISTICO - CONTINUITA’ E INNOVAZIONE DELLA TRADIZIONE,-0,-0,4,-0,-0,-0,-0,V. Cristallo; E. Guida; A. Morone;  M. Parente;,-0
-0,1999,07 ALTRO::07.12 Altro,nazionale,"volumi guida 1, 2 a cura del DML",07.12 Altro,Genova,http://hdl.handle.net/11311/533559,ITA,Disabilità Motoria e Lavoro: guida per orientarsi nel mondo del lavoro Vol 1 e 2,-0,-0,2,-0,ita,Algraphy,-0,AA. VV.; M. CANINA,-0
-0,1999,07 ALTRO::07.13 Progetti,-0,-0,-0,-0,http://hdl.handle.net/11311/667420,-0,Concorso internazionale “Sarajevo Concert Hall” Nuovo auditorium di Sarajevo,"Sarajevo, Jugoslavia",-0,5,none,eng,Comune di Sarajevo,Concorso internazionale di progettazione,E. Avallone; L. Montuori; S. Orsi; G. Pierluisi; A. Sciolari,-0
-0,2000,07 ALTRO::07.12 Altro,nazionale,AISM informa,-0,Genova,http://hdl.handle.net/11311/533558,ITA,La domotica: qualità degli ambienti in AAVV Disabilità Motoria e Lavoro: contributi per un agire interdisciplinare,-0,-0,2,none,ita,Algraphy,-0,AA.VV; M. CANINA,-0
-0,2000,07 ALTRO::07.12 Altro,-0,-0,07.12 Altro,-0,http://hdl.handle.net/11311/565392,-0,Comunicazione (visiva) domani. Sperimentazione e nuovi confini,-0,-0,1,-0,-0,-0,-0,Guida F. E.,-0
-0,2000,07 ALTRO::07.12 Altro,nazionale,-0,07.12 Altro,Firenze,http://hdl.handle.net/11311/693515,-0,Lionello Balestrieri e le esposizioni,-0,tardoromanticismo di fine XIX sec; futurismo; ritorno all'ordine figurativo,1,-0,ita,Edizioni Pananti,-0,A.Mazzanti,-0
-0,2000,07 ALTRO::07.12 Altro,internazionale,-0,-0,Santangelo di Romagna,http://hdl.handle.net/11311/693554,ITA,“Sentieri nell’arte”. Arte ambientale in Toscana,-0,arte ambientata; arte ambientale; scultura in spazi aperti,1,none,ita,Maggioli,-0,A.Mazzanti,-0
-0,2000,07 ALTRO::07.13 Progetti,-0,-0,07.13 Progetti,-0,http://hdl.handle.net/11311/667413,-0,Concorso internazionale in due fasi “Ampliamento della Galleria Comunale d'Arte Moderna e Contemporanea. Ex-Fabbrica Peroni” a Roma.,"Roma, Italia",-0,6,-0,ita,Comune di Roma,Concorso internazionale in due fasi,E. Avallone; L. Montuori; R. Petrachi; S. Orsi; G. Pierluisi; A. Sciolari,-0
-0,2001,07 ALTRO::07.12 Altro,nazionale,La Repubblica Salute anno 7 n. 286,-0,-0,http://hdl.handle.net/11311/533557,-0,Gamba “intelligente” cambia il passo secondo il terreno,-0,-0,3,none,ita,-0,-0,M. CANINA; GENNARO VERNI; PIERLUIGI VALENTINI,-0
-0,2001,07 ALTRO::07.13 Progetti,-0,-0,-0,-0,http://hdl.handle.net/11311/640519,-0,Stampante Ink Jet Artjet 10 (XP 30),Milano,-0,1,none,ita;eng,ADI - Associazione per il Disegno Industriale,Compasso d'Oro,M. De Lucchi,-0
-0,2001,07 ALTRO::07.13 Progetti,-0,-0,07.13 Progetti,-0,http://hdl.handle.net/11311/667409,-0,"Concorso Internazionale Europan 6, “Urbanità europea e progetti strategici”, Sito di Massa, Italia.","Massa, Italia",-0,7,-0,ita,Europan Italia e Comune di Massa.,Concorso Internazionale di progettazione Europan 6,E. Avallone; L. Montuori; M. Musmeci; R. Petrachi; S. Orsi; G. Pierluisi; A. Sciolari,-0
-0,2001,07 ALTRO::07.13 Progetti,-0,-0,-0,-0,http://hdl.handle.net/11311/667411,-0,Concorso internazionale di progettazione “Tre Parcheggi di scambio” Roma Nuovo Salario.,"Roma, Italia",-0,7,none,ita,S.T.A. Comune di Roma,Concorso internazionale di progettazione,E. Avallone; M. Fegiz; F. Galdo; M. Musmeci; S. Orsi;  G. Pierluisi; A. Sciolari.,-0
STAMPA,2002,07 ALTRO::07.03 Design,-0,Blue Industries,07.03 Design,2002,http://hdl.handle.net/11311/1049491,ITA,"Blue Industries: Dove nasce il futuro: design, innovazione e impresa",-0,-0,1,info:eu-repo/semantics/closedAccess,ita,Lugo Editore,-0,"Bruno, DAVIDE MARIA",-0
-0,2002,07 ALTRO::07.12 Altro,internazionale,"DILABB, PRESENTAZIONE DEL SISTEMA DEL LABORATORI DELLA FACOLTA DEL DESIGN",-0,-0,http://hdl.handle.net/11311/533384,-0,DILABB,-0,-0,2,none,-0,-0,-0,M. GALBIATI; FRANCESCO GALLI,-0
-0,2002,07 ALTRO::07.12 Altro,nazionale,-0,-0,-0,http://hdl.handle.net/11311/570634,-0,I grandi progetti infrastrutturali: divergenze sui criteri di valutazione,-0,-0,2,-0,-0,-0,-0,M. Ponti; A. Boitani,-0
-0,2002,07 ALTRO::07.12 Altro,nazionale,-0,07.12 Altro,-0,http://hdl.handle.net/11311/570636,-0,La lezione del ponte sullo Stretto,-0,-0,2,-0,-0,-0,-0,M. Ponti; A. Boitani,-0
-0,2002,07 ALTRO::07.12 Altro,nazionale,-0,07.12 Altro,-0,http://hdl.handle.net/11311/570656,-0,Il federalismo stradale: Procedure e prime applicazioni legislative.,-0,-0,3,-0,-0,-0,-0,C. Borgnolo; M. Ponti; F. Torta.,-0
-0,2002,07 ALTRO::07.12 Altro,nazionale,-0,07.12 Altro,-0,http://hdl.handle.net/11311/691093,-0,"Nuove tecnologie, multimedia e standard grafici per la rappresentazione digitale del territorio",-0,-0,1,info:eu-repo/semantics/closedAccess,-0,-0,-0,M. Ceconello,-0
-0,2002,07 ALTRO::07.13 Progetti,-0,-0,07.13 Progetti,-0,http://hdl.handle.net/11311/665920,-0,Contratto di quartiere San Giuseppe Baia del Re di Piacenza. Il controllo di qualità e la flessibilità nel progetto di riqualificazione,Piacenza,Contratto di quartiere; Edilizia residenziale pubblica; Sistemi di qualità,13,none,ita,Comune di Piacenza,"Contratto di ricerca per ""Contratto di quartiere San Giuseppe Baia del Re di Piacenza. Il controllo di qualità e la flessibilità nel progetto di riqualificazione""",F. Schiaffonati; A. Scoccimarro; D. Fanzini; C. Bianchi; A. Cavalleri; L. Collina; M. Corò; L. Daglio; A. Fantini; E. Ginelli; E. Mussinelli; M. Sancito; F. Vitola,-0
-0,2002,07 ALTRO::07.13 Progetti,-0,-0,07.13 Progetti,-0,http://hdl.handle.net/11311/667407,-0,Concorso internazionale ad inviti per la realizzazione del “Museo dell'audiovisivo nel Palazzo della Civiltà del Lavoro all' EUR” Roma,"EUR, Roma, Italia",-0,10,-0,ita,Ministero per i Beni Culturali. Ente E.U.R.,Concorso internazionale ad inviti,E. Avallone; G. Carbonara; G. Colucci; M. Fegiz; F. Galdo; M. Musmeci; S. Orsi; G. Pierluisi; M. sasso; A. Sciolari,-0
-0,2003,07 ALTRO::07.12 Altro,-0,-0,07.12 Altro,-0,http://hdl.handle.net/11311/259638,-0,Proceedings of the 8th International Conference on Human Aspects of Advanced Manifacturing: Agility & Hybrid Automation,-0,-0,5,none,-0,-0,-0,S. Bagnara; S. Pozzi; A. Rizzo; F. Rizzo; S. Save,-0
-0,2003,07 ALTRO::07.12 Altro,internazionale,-0,-0,-0,http://hdl.handle.net/11311/565393,-0,Il tempo ai tempi di internet,-0,-0,1,none,-0,-0,-0,Guida F. E.,-0
-0,2003,07 ALTRO::07.12 Altro,nazionale,-0,-0,-0,http://hdl.handle.net/11311/565394,-0,Ma che strani tipi,-0,-0,1,none,-0,-0,-0,Guida F. E.,-0
-0,2003,07 ALTRO::07.12 Altro,nazionale,-0,-0,-0,http://hdl.handle.net/11311/570645,-0,Alitalia: un'Italia senza ali,-0,-0,1,-0,-0,-0,-0,M. Ponti,-0
-0,2003,07 ALTRO::07.12 Altro,nazionale,-0,07.12 Altro,-0,http://hdl.handle.net/11311/570646,-0,La leggenda del corridoio Lisbona - Kiev,-0,-0,1,-0,-0,-0,-0,M. Ponti,-0
-0,2003,07 ALTRO::07.13 Progetti,-0,-0,-0,-0,http://hdl.handle.net/11311/638724,-0,Allestimento degli interni e grafica del Neues Museum Berlino,Berlino,-0,1,none,ger,Stiftung Preussischer Kulturbesitz rappresentato da Bundesamt für Bauwesen und Raumordnung (BBR)  Projekteferat Museumsinsel,Concorso per gli interni del Museo Egizio e Museum Preistorico,M. De Lucchi,-0
-0,2003,07 ALTRO::07.13 Progetti,-0,-0,-0,-0,http://hdl.handle.net/11311/667402,-0,"Concorso Internazionale Europan 7: “periferia-IN” sito di Bageria (PA), Italia","Bagheria (PA), Italia",-0,6,none,ita,Europan Italia_Comune di Bagheria,Concorso Internazionale Europan 7,E. Avallone; M. De Angelis; G. Forte; S. Orsi;  G. Pierluisi; A. Sciolari,-0
-0,2003,07 ALTRO::07.13 Progetti,-0,-0,-0,-0,http://hdl.handle.net/11311/667405,-0,"Concorso internazionale di progettazione in due fasi “Mille idee per un concorso” per la costruzione della nuova sede dell'Istituto Zooprofilattico Sperimentale dell'Abruzzo e del Molise, Teramo.","Teramo, Italia",-0,8,none,ita,Istituto Zooprofilattico Sperimentale dell'Abruzzo e del Molise,Concorso internazionale di progettazione in due fasi,E. Avallone; M. Cocciolito;  F. Galdo; G. Lupoi; M. Musmeci; S. Orsi;  G. Pierluisi; A. Sciolari,-0
-0,2003,07 ALTRO::07.13 Progetti,-0,-0,07.13 Progetti,-0,http://hdl.handle.net/11311/689382,-0,Nuova Sede del Consiglio Regionale,Bari,-0,5,none,ita,Regione Puglia,Progettazione,P. Portoghesi; C. Blasi; G. Padovano; A. Nebuloni; M. Ruscelli,-0
-0,2003,07 ALTRO::07.13 Progetti,-0,-0,07.13 Progetti,-0,http://hdl.handle.net/11311/689384,-0,"Centro Europeo per le Creatività Emergenti - concorso internazionale ""ex Tabacchificio Centola""",Comune di Pontecagnano Faiano,-0,3,none,ita,Comune di Pontecagnano Faiano,Internazionale di progettazione,C. Blasi; A. Nebuloni; G. Padovano,-0
-0,2004,07 ALTRO::07.12 Altro,nazionale,DVD MULTIMEDIALE,07.12 Altro,-0,http://hdl.handle.net/11311/533385,-0,LE PROFESSIONI DELLA TELEVISIONE-LEZIONE MULTIMEDIALE IN RAI,-0,-0,2,-0,-0,-0,-0,M. GALBIATI; GALLI FRANCESCO,-0
-0,2004,07 ALTRO::07.12 Altro,internazionale,DVD MULTIMEDIALE ITALIANO E INGLESE,07.12 Altro,-0,http://hdl.handle.net/11311/533386,-0,GRUPPO CIMBALI-FAEMA. DVD ISTITUZIONALE,-0,-0,2,-0,-0,-0,-0,M. GALBIATI; FRANCESCO GALLI,-0
-0,2004,07 ALTRO::07.12 Altro,nazionale,Rapporto interno,-0,-0,http://hdl.handle.net/11311/533600,-0,Studio di fattibilità per una metrotranvia in Como,-0,-0,4,-0,-0,-0,-0,A. COLORNI VITALE; D. CICCARELLI; A. LUE'; D. ROSSI,-0
-0,2004,07 ALTRO::07.12 Altro,nazionale,Rapporto interno,07.12 Altro,-0,http://hdl.handle.net/11311/533601,-0,Il Sistema DREAMS: Demand Responsive Extended Area Mobility Services,-0,-0,5,-0,-0,-0,-0,A. COLORNI VITALE; D. CICCARELLI; A. LUE'; V. MORROCCHI; D. ROSSI,-0
-0,2004,07 ALTRO::07.13 Progetti,-0,-0,07.13 Progetti,-0,http://hdl.handle.net/11311/664582,-0,Sistema di identità visiva di Palazzo dei Pio a Carpi,Carpi - Modena,-0,1,-0,ita,Comune di Carpi. Assessorato alla cultura,Sistema di identità visiva di Palazzo dei Pio a Carpi,Francesco E. Guida,-0
-0,2004,07 ALTRO::07.13 Progetti,-0,-0,07.13 Progetti,-0,http://hdl.handle.net/11311/665878,-0,Piano di marketing territoriale per l’area dell’Oltrepò Mantovano,Oltrepò Mantovano,Marketing territoriale; Valorizzazione del capitale territoriale; Turismo; Comunicazione,7,none,ita,Camera di Commercio Industria Artigianato e Agricoltura di Mantova,"Contratto di ricerca per la ""Definizione e attuazione di un Piano di marketing territoriale per l’area dell’Oltrepò Mantovano""",F. Schiaffonati; C. Stevan; E. Mussinelli; G. Casoni; F. Celaschi; D. Fanzini; R. Trocchianesi,-0
-0,2004,07 ALTRO::07.13 Progetti,-0,-0,-0,-0,http://hdl.handle.net/11311/689386,-0,Concorso di idee per un centro socio-ricreativo da realizzare sull’area pubblica denominata Nava,Comune di Olgiate Molgora,-0,5,none,ita,Comune di Olgiate Molgora,Idee,A. Nebuloni; R. Bosia; T. Bosia; M. Besseghini; R. Malvestiti,-0
-0,2005,07 ALTRO::07.03 Design,-0,-0,07.03 Design,-0,http://hdl.handle.net/11311/958792,-0,Picasso. La seduzione del classico,-0,-0,2,info:eu-repo/semantics/openAccess,ita,-0,-0,R.Gaddi; C.Mariani,-0
-0,2005,07 ALTRO::07.12 Altro,internazionale,DVD MULTIMEDIALE ITALIANO E INGLESE,-0,-0,http://hdl.handle.net/11311/533387,-0,MANTEROMOOD.DVD MULTIMEDIALE,-0,-0,2,none,-0,-0,-0,M. GALBIATI; FRANCESCO GALLI,-0
-0,2005,07 ALTRO::07.12 Altro,-0,-0,07.12 Altro,-0,http://hdl.handle.net/11311/687794,-0,Le tecnologie dell’informazione e della comunicazione e lo sviluppo locale,-0,-0,2,none,-0,-0,-0,E. Manzini; F. Rizzo,-0
-0,2005,07 ALTRO::07.13 Progetti,-0,-0,07.13 Progetti,-0,http://hdl.handle.net/11311/638720,-0,Biblioteca di Storia dell'Arte e restauro della Manica Lunga,Venezia,-0,1,info:eu-repo/semantics/closedAccess,ita;eng,Fondazione Giorgio Cini Onlus,"Concorso internazionale di progettazione ""Manica Lunga, Nuova Biblioteca""",M. De Lucchi,-0
-0,2005,07 ALTRO::07.13 Progetti,-0,-0,07.13 Progetti,-0,http://hdl.handle.net/11311/645335,-0,Sistema per ufficio MDL,Hannover,design; ufficio,1,info:eu-repo/semantics/closedAccess,deu,iF International Forum Design,iF Product Design Award,M. De Lucchi,-0
-0,2005,07 ALTRO::07.13 Progetti,-0,-0,07.13 Progetti,-0,http://hdl.handle.net/11311/667397,-0,"Concorso Internazionale Europan 8, “Urbanità europea e progetti strategici”, sito di Antalya, Turchia","Antalya, Turkey",-0,3,-0,eng,Europan association-city of antalya,Concorso Internazionale Europan 8,E. Avallone; G. Forte; G. Pierluisi,-0
-0,2006,07 ALTRO::07.03 Design,-0,-0,07.03 Design,-0,http://hdl.handle.net/11311/958790,-0,René Magritte. L'impero delle luci,-0,-0,2,info:eu-repo/semantics/openAccess,ita,-0,-0,R.Gaddi; C.Mariani,-0
-0,2006,07 ALTRO::07.05 Esposizione,-0,-0,07.05 Esposizione,-0,http://hdl.handle.net/11311/690252,-0,New Italian Design,-0,Design italiano; Design; Allestimenti; Interni,3,info:eu-repo/semantics/closedAccess,ita;eng,-0,-0,Branzi A.; Biamonti A.; Macchi D.,-0
-0,2006,07 ALTRO::07.06 Mostra,-0,-0,-0,-0,http://hdl.handle.net/11311/758849,-0,Texture & Materials – Urban Light Walk,-0,-0,1,none,-0,-0,-0,G. Gerosa,-0
-0,2006,07 ALTRO::07.12 Altro,nazionale,-0,-0,-0,http://hdl.handle.net/11311/252025,-0,Puntare sulla gente per vendere di più,-0,-0,1,none,-0,-0,-0,F. Zurlo,-0
-0,2006,07 ALTRO::07.12 Altro,nazionale,-0,07.12 Altro,-0,http://hdl.handle.net/11311/268468,-0,New Entertainment e Design Strategico,-0,-0,1,-0,-0,-0,-0,F. Zurlo,-0
-0,2006,07 ALTRO::07.12 Altro,-0,-0,-0,-0,http://hdl.handle.net/11311/533312,-0,A.D.A. Archivio Digitale di Architettura,-0,-0,7,none,-0,-0,-0,R.MINGUCCI; G. AMORUSO; R. INGLESE; A. MARATA; G.BACCI; C.BARTOLOMEI; D. ANGELILLO,-0
-0,2006,07 ALTRO::07.12 Altro,nazionale,Magazine online,07.12 Altro,-0,http://hdl.handle.net/11311/533523,-0,Moda e Design: Cross Fertilization per l'innovazione,-0,-0,2,none,ita,-0,-0,G. CONTI; P. BERTOLA,-0
-0,2006,07 ALTRO::07.12 Altro,nazionale,"D.A. DYNAMICAIR, la rivista per superare le barriere culturali",07.12 Altro,-0,http://hdl.handle.net/11311/533556,-0,Fit-Suit: Biodesign per l’idrokinesiterapia,-0,-0,2,none,ita,-0,-0,M. CANINA; VENERE FERRARO,-0
-0,2006,07 ALTRO::07.12 Altro,nazionale,Relazione interna per il Min. dei Trasporti,07.12 Altro,-0,http://hdl.handle.net/11311/533711,-0,Il trasporto delle merci pericolose in galleria,-0,-0,4,none,ita,-0,-0,R. MAJA; RAINOLDI G; ROMAN D; SALIMBENI R,-0
-0,2006,07 ALTRO::07.12 Altro,internazionale,"Deliverable for The Alpine Convention, Transport Workgroup",07.12 Altro,-0,http://hdl.handle.net/11311/533712,-0,External Cost Assessment In Transalpine Corridors,-0,-0,2,-0,eng,-0,-0,R. MAJA; D. ROMANO',-0
-0,2006,07 ALTRO::07.13 Progetti,-0,-0,07.13 Progetti,-0,http://hdl.handle.net/11311/664578,-0,European Logo Design Award (EULDA 06),Milano,-0,1,-0,eng;ita,"Eulda Books, Cacao Design,",European Logo Design Award 2006 (EULDA 06),Francesco E. Guida,-0
-0,2006,07 ALTRO::07.13 Progetti,-0,-0,-0,-0,http://hdl.handle.net/11311/664580,-0,Award of Excellence «Communication Arts» (Usa),USA,-0,1,none,eng,Communication Arts Magazine,47° Annual di Graphic Design,Francesco E. Guida,-0
-0,2006,07 ALTRO::07.13 Progetti,-0,-0,07.13 Progetti,-0,http://hdl.handle.net/11311/667394,-0,"Concorso di Progettazione, Project Financing, Metro D Roma, Fermate Ojetti e Pugliese e Nuovo Salario.","Roma, Italia",-0,6,-0,ita,Roma Metropolitane S.r.l.,"Concorso di Progettazione, Project Financing",Mandataria Società Italiana per le Condotte D'acqua; Mandante Impresa Pizzarotti &C.; Responsabile del progetto Geodeta S.p.a.; G. Fioravanti; F. Galdo; G.Pierluisi.,-0
-0,2007,07 ALTRO::07.03 Design,-0,-0,07.03 Design,-0,http://hdl.handle.net/11311/958784,-0,"Gli impressionisti, i simbolisti e le avanguardie. 120 capolavori dal museo nazionale di Belgrado.",-0,-0,1,info:eu-repo/semantics/openAccess,ita;eng,-0,-0,R.Gaddi,-0
-0,2007,07 ALTRO::07.05 Esposizione,-0,-0,-0,-0,http://hdl.handle.net/11311/696728,-0,Transforme,-0,-0,4,none,-0,-0,-0,Conti G.; Bonapace D.; Botta F.; Burani S.,-0
-0,2007,07 ALTRO::07.06 Mostra,-0,-0,07.06 Mostra,-0,http://hdl.handle.net/11311/692361,-0,"Mostra e giornata di studio: ""Lo Studio-Museo Achille Castiglioni della Triennale di Milano. Scenari di fruizione e prospettive di valorizzazione"" presso la Triennale di Milano - settembre 2007",-0,Studio Museo Achille Castiglioni; Triennale di Milano; ricerca d.cult; design per i beni culturali,3,info:eu-repo/semantics/closedAccess,-0,-0,-0,S. Annicchiarico; M. Parente; A. Seassaro,-0
-0,2007,07 ALTRO::07.12 Altro,internazionale,-0,-0,Vienna,http://hdl.handle.net/11311/533866,AUT,Ernst von Glasersfeld and the Italian Operative School,-0,Ricerca operativa,2,none,eng,Univie,-0,S. Pizzocaro; R. Glanville,-0
-0,2007,07 ALTRO::07.12 Altro,nazionale,-0,07.12 Altro,-0,http://hdl.handle.net/11311/565395,-0,La ricerca del piacere,-0,-0,1,-0,-0,-0,-0,Guida  F.E.,-0
-0,2007,07 ALTRO::07.12 Altro,nazionale,-0,07.12 Altro,-0,http://hdl.handle.net/11311/667288,-0,"Gabriele Pierluisi. Paesaggi urbani. Marte, Roma 2007-08",-0,Paesaggio urbano; MARTE; Digitale Caldo; Pittura e disegno; Pieghe; spazio.,5,info:eu-repo/semantics/closedAccess,-0,-0,-0,Massimiliano Fuksas; Camilla Pignatti Morano; Marta Fegiz; Laura De Iudicibus; Gabriele Pierluisi.,-0
-0,2007,07 ALTRO::07.13 Progetti,-0,-0,-0,-0,http://hdl.handle.net/11311/667393,-0,"Concorso Internazionale di progettazione a Procedura ristretta  “MENO È PIÙ 2”, Servizi e spazi pubblici in Roma nei Programmi di Trasformazione Urbanistica. Tor Marancia Area del Divino Amore.","Roma, Italia",-0,6,none,ita,Comune di Roma – Assessorato alle Politiche della Programmazione e Pianificazione del Territorio – Roma Capitale – Dipartimento VI – U.O. 11 – Interventi di Qualità.,Concorso Internazionale di progettazione a Procedura ristretta,E. Avallone; G. Forte; M. Musmeci; S. Orsi;  G. Pierluisi; A. Sciolari,-0
-0,2008,07 ALTRO::07.03 Design,-0,-0,07.03 Design,-0,http://hdl.handle.net/11311/958787,-0,"L'abbraccio di Vienna. Klimt, Schiele e i capolavori del Belvedere",-0,-0,1,info:eu-repo/semantics/openAccess,eng;ita,-0,-0,R.Gaddi,-0
-0,2008,07 ALTRO::07.05 Esposizione,-0,Casa per tutti. Abitare la città globale,07.05 Esposizione,Milano,http://hdl.handle.net/11311/881650,ITA,"Case rapide, prefabbricate, smontabili",-0,-0,1,info:eu-repo/semantics/closedAccess,ita;eng,ELECTA MONDADORI,-0,Feraboli M.T.,-0
-0,2008,07 ALTRO::07.06 Mostra,-0,-0,07.06 Mostra,-0,http://hdl.handle.net/11311/692358,-0,"Mostra: Studio Museo Achille Castiglioni, presso Shiodome Italia Creative Center, Tokyo",-0,Studio Museo Achille Castiglioni; ricerca d.cult; Triennale di Miano; design per i beni culturali,3,info:eu-repo/semantics/closedAccess,eng;jpn,-0,-0,S. Annicchiarico; M. Parente; A. Seassaro,-0
-0,2008,07 ALTRO::07.06 Mostra,-0,-0,07.06 Mostra,-0,http://hdl.handle.net/11311/925758,-0,"""FABIO NOVEMBRE. Insegna anche a me la libertà delle rondini"".",-0,-0,1,-0,ita;eng,-0,-0,Beppe Finessi,-0
-0,2008,07 ALTRO::07.12 Altro,nazionale,articolo su: www.laVoce.info,07.12 Altro,-0,http://hdl.handle.net/11311/534030,-0,Una grande opera. Tutta da valutare,-0,-0,2,info:eu-repo/semantics/closedAccess,ita,-0,-0,M. PONTI; P. BERIA,-0
-0,2008,07 ALTRO::07.12 Altro,-0,-0,07.12 Altro,-0,http://hdl.handle.net/11311/546339,-0,L’evoluzione dei Musei con l’Information and Communication Technology,-0,-0,5,info:eu-repo/semantics/closedAccess,-0,-0,-0,M. Canina; I. Celino; E. Frumento; A. Pagani; N. Simeoni,-0
-0,2008,07 ALTRO::07.12 Altro,-0,-0,07.12 Altro,-0,http://hdl.handle.net/11311/546700,-0,Enografie. Il design racconta i vini del Piemonte.,-0,-0,2,none,-0,-0,-0,Giovanni Baule; Valeria Bucchetti,-0
-0,2008,07 ALTRO::07.12 Altro,-0,-0,07.12 Altro,-0,http://hdl.handle.net/11311/546702,-0,Interazioni grafico-strutturali,-0,-0,1,-0,-0,-0,-0,Valeria Bucchetti,-0
-0,2008,07 ALTRO::07.12 Altro,-0,-0,-0,-0,http://hdl.handle.net/11311/546712,-0,Superfici (tra vista e tatto),-0,-0,1,none,-0,-0,-0,Valeria Bucchetti,-0
-0,2008,07 ALTRO::07.12 Altro,-0,-0,-0,-0,http://hdl.handle.net/11311/547523,-0,Ottimizzazione della raccolta dei Rifiuti di Apparecchiature Elettriche ed Elettroniche (RAEE),-0,-0,4,none,-0,-0,-0,Maurizio Bruglieri; Fabiano Cattaneo; Andrea Colombo; Alberto Colorni,-0
-0,2008,07 ALTRO::07.12 Altro,-0,-0,07.12 Altro,-0,http://hdl.handle.net/11311/548205,-0,Enografie: il design dei percorsi narrativi,-0,-0,1,-0,-0,-0,-0,Giovanni Baule,-0
-0,2008,07 ALTRO::07.12 Altro,-0,-0,07.12 Altro,-0,http://hdl.handle.net/11311/548276,-0,Il futuro dell’e-learning è già passato,-0,-0,3,-0,-0,-0,-0,A. Colorni; S. Sancassani; L. Leita,-0
-0,2008,07 ALTRO::07.12 Altro,-0,-0,-0,-0,http://hdl.handle.net/11311/548486,-0,"Benefits and problems of e-learning, UE Committee on Culture Science and Education, Realising the full potential of e-learning at all levels of education.",-0,-0,1,-0,-0,-0,-0,Alberto Colorni Vitale,-0
-0,2008,07 ALTRO::07.12 Altro,-0,-0,07.12 Altro,-0,http://hdl.handle.net/11311/550760,-0,A passo lento nel tunnel,-0,-0,2,-0,-0,-0,-0,Grimaldi R.; Ponti M.,-0
-0,2008,07 ALTRO::07.12 Altro,-0,-0,07.12 Altro,-0,http://hdl.handle.net/11311/550761,-0,E sulla Milano-Venezia i conti non tornano,-0,-0,2,-0,-0,-0,-0,Grimaldi R.; Ponti M.,-0
-0,2008,07 ALTRO::07.12 Altro,-0,-0,-0,-0,http://hdl.handle.net/11311/560608,-0,piattaforma LeNS,-0,-0,1,none,-0,-0,-0,Vezzoli C.,-0
-0,2008,07 ALTRO::07.12 Altro,nazionale,-0,07.12 Altro,-0,http://hdl.handle.net/11311/634054,-0,Leggere il contesto per orientare il progetto. Metodologie e approcci per la produzione e visualizzazione di conoscenza ad orientamento della pratica progettuale nel design della moda.,-0,-0,1,info:eu-repo/semantics/closedAccess,-0,-0,-0,Colombi Chiara,-0
-0,2008,07 ALTRO::07.12 Altro,-0,-0,07.12 Altro,-0,http://hdl.handle.net/11311/689350,-0,Occasioni di complessità sostenibile / Opportunities of sustainable complexity - Complessità e sostenibilià: il territorio e l'architettura n. 05,-0,-0,5,none,-0,-0,-0,G. Padovano; C. Blasi; A. Nebuloni; I. Anastasio; V. Arrigoni,-0
-0,2008,07 ALTRO::07.12 Altro,-0,-0,07.12 Altro,-0,http://hdl.handle.net/11311/689353,-0,Gli spazi della complessità / The spaces of complexity - Complessità e sostenibilià: il territorio e l'architettura n. 06,-0,-0,5,none,-0,-0,-0,G. Padovano; C. Blasi; A. Nebuloni; I. Anastasio; V. Arrigoni,-0
-0,2008,07 ALTRO::07.12 Altro,-0,-0,07.12 Altro,-0,http://hdl.handle.net/11311/689354,-0,Tendenze della ricerca universitaria - Complessità e sostenibilià: il territorio e l'architettura n. 07,-0,-0,5,none,-0,-0,-0,G. Padovano; C. Blasi; A. Nebuloni; I. Anastasio; V. Arrigoni,-0
-0,2008,07 ALTRO::07.12 Altro,-0,-0,07.12 Altro,-0,http://hdl.handle.net/11311/689355,-0,Oltre l'architettura convenzionale / Beyond conventional architecture - Complessità e sostenibilià: il territorio e l'architettura n. 08,-0,-0,5,none,-0,-0,-0,G. Padovano; C. Blasi; A. Nebuloni; I. Anastasio; V. Arrigoni,-0
-0,2008,07 ALTRO::07.12 Altro,-0,-0,07.12 Altro,-0,http://hdl.handle.net/11311/689358,-0,Nuovi spazi interattivi / New interactive spaces - Complessità e sostenibilià: il territorio e l'architettura n. 09,-0,-0,5,none,-0,-0,-0,G. Padovano; C. Blasi; A. Nebuloni; I. Anastasio; V. Arrigoni,-0
-0,2008,07 ALTRO::07.13 Progetti,-0,-0,07.13 Progetti,-0,http://hdl.handle.net/11311/550298,-0,Progettazione della comunicazione visiva e degli apparati comunicativi per il Museo Nazionale Archeologico di Taranto,Taranto,Identità visiva; segnaletica informativa e di orientamento; sito web,5,info:eu-repo/semantics/closedAccess,ita,"Impresa Garibaldi srl, Bari",ad invito,"arch. Francesco E. Guida (art direction);

Carla De Luca; Giovanni Dema; Nicola Scotto di Carlo; Jaana Zammer (collaboratori).",-0
-0,2008,07 ALTRO::07.13 Progetti,-0,-0,-0,-0,http://hdl.handle.net/11311/640520,-0,Ponte di accesso al Triennale Design Museum,Milano,-0,1,none,ita,Fondazione Europea Guido Venosta,Il Ponte,M. De Lucchi,-0
-0,2008,07 ALTRO::07.13 Progetti,-0,-0,-0,-0,http://hdl.handle.net/11311/667391,-0,Concorso Internazionale di Progettazione a Grado Unico Ristretto: “Amamontagnola” Roma.,"Roma, Italia",-0,6,none,ita,AMA - Comune di Roma,Concorso Internazionale di Progettazione a Grado Unico Ristretto,E. Avallone; G. Forte; M. Musmeci; S. Orsi;  G. Pierluisi; A. Sciolari,-0
-0,2009,07 ALTRO::07.06 Mostra,-0,-0,07.06 Mostra,-0,http://hdl.handle.net/11311/758847,-0,Time To Design,-0,-0,2,-0,-0,-0,-0,G. Gerosa; M. Berghinz,-0
-0,2009,07 ALTRO::07.06 Mostra,-0,-0,07.06 Mostra,-0,http://hdl.handle.net/11311/758848,-0,Opening Soon,-0,-0,3,none,-0,-0,-0,G. Gerosa; L. Collina; A. Branzi,-0
-0,2009,07 ALTRO::07.06 Mostra,-0,-0,07.06 Mostra,-0,http://hdl.handle.net/11311/924756,-0,PAOLO ULIAN 1990-2009,-0,-0,1,-0,eng;ita,-0,-0,Beppe Finessi,-0
-0,2009,07 ALTRO::07.06 Mostra,-0,-0,07.06 Mostra,-0,http://hdl.handle.net/11311/925361,-0,ANGELO MANGIAROTTI SCOLPIRE/COSTRUIRE,-0,-0,1,-0,eng;ita,-0,-0,Beppe Finessi,-0
-0,2009,07 ALTRO::07.06 Mostra,-0,-0,07.06 Mostra,-0,http://hdl.handle.net/11311/925756,-0,ALESSANDRO MENDINI,-0,-0,1,-0,ita;eng,-0,-0,Beppe Finessi,-0
-0,2009,07 ALTRO::07.06 Mostra,-0,-0,-0,-0,http://hdl.handle.net/11311/925757,-0,PIO MANZU'. Quando il mondo era moderno.,-0,-0,3,none,eng;ita,-0,-0,Giacinto Di Pietrantonio; Enrico Leonardo Fagone; Beppe Finessi,-0
-0,2009,07 ALTRO::07.12 Altro,-0,-0,07.12 Altro,-0,http://hdl.handle.net/11311/563684,-0,Propsettive di design per i servizi Mobile secondo l'approccio User Centred,-0,-0,2,none,-0,-0,-0,M. Pillan ; F. Rizzo,-0
-0,2009,07 ALTRO::07.12 Altro,internazionale,-0,-0,-0,http://hdl.handle.net/11311/564940,-0,Design Per. L'ambiente,-0,-0,2,none,-0,-0,-0,Guida F.E.; Chia G.,-0
-0,2009,07 ALTRO::07.12 Altro,internazionale,-0,-0,-0,http://hdl.handle.net/11311/565390,-0,The Identity of Cultural Heritages between Real and Virtual. New Languages and Virtuous Devices in the Age of Transition.,-0,-0,1,none,-0,-0,-0,Guida F.E.,-0
-0,2009,07 ALTRO::07.13 Progetti,-0,-0,-0,-0,http://hdl.handle.net/11311/1019069,-0,Freesbe: Free sound diffusion,New York,-0,4,none,eng,R/GA,R/GA Mobile Music Challenge,"Mauri, Michele; Desiato, Andrea; Paolo, Dusi; Napoli, Mauro",-0
-0,2009,07 ALTRO::07.13 Progetti,-0,-0,07.13 Progetti,-0,http://hdl.handle.net/11311/563693,-0,Citymurmur,"New Orleans, Louisiana, USA",Media; news; city; cartography; mapping; communication design; urban space,7,none,eng,SIGGRAPH 2009,Emerging Technologies,M. Quaggiotto; G. Caviglia; M. Graffieti; S. Granados Lopez; D. Guido; D. Ricci; G. Scagnetti,-0
-0,2009,07 ALTRO::07.13 Progetti,-0,-0,07.13 Progetti,-0,http://hdl.handle.net/11311/564313,-0,DRM - Design Research Maps,Milano,Design Research; Maps; Academic Design Research,4,none,ita;eng,ADI - Associazione per l Disegno Industriale,ADI INDEX 2000 - Compasso d'Oro,P. Bertola; S. maffei; M. Bianchini; B. Villari,-0
-0,2009,07 ALTRO::07.13 Progetti,-0,-0,-0,-0,http://hdl.handle.net/11311/640516,-0,"Il Ponte della Pace, Tbilisi (Georgia)",-0,-0,1,none,ita,-0,-0,M. De Lucchi,-0
-0,2009,07 ALTRO::07.13 Progetti,-0,-0,-0,-0,http://hdl.handle.net/11311/693509,-0,Mediterranean Design. Tra presente e futuro,on line - Turchia,Design; Mediterraneo; visul design; product design; fotografia; designer,2,none,ita;eng,PAD magazine online,Mediterranean Design. Tra presente e futuro,M. Ferrara; C. Ferrara (coordinatori),-0
-0,2010,07 ALTRO::07.03 Design,-0,-0,07.03 Design,-0,http://hdl.handle.net/11311/958788,-0,Rubens e i fiamminghi,-0,-0,1,info:eu-repo/semantics/openAccess,ita;eng,-0,-0,R.Gaddi,-0
-0,2010,07 ALTRO::07.06 Mostra,-0,-0,-0,-0,http://hdl.handle.net/11311/758842,-0,BiNOMi – Biennale Nord Ovest Milano,-0,-0,1,none,-0,-0,-0,G. Gerosa,-0
-0,2010,07 ALTRO::07.06 Mostra,-0,-0,07.06 Mostra,-0,http://hdl.handle.net/11311/924758,-0,GIOVANNI LEVANTI,-0,-0,1,-0,eng;ita,-0,-0,Beppe Finessi,-0
-0,2010,07 ALTRO::07.12 Altro,nazionale,-0,07.12 Altro,-0,http://hdl.handle.net/11311/574586,-0,Nel tunnel dell'Alta Velocità,-0,alta velocità; ferrovie; analisi costi benefici; ex-post,3,info:eu-repo/semantics/closedAccess,-0,-0,-0,P. Beria; R. Grimaldi; M. Ponti,-0
-0,2010,07 ALTRO::07.12 Altro,nazionale,-0,07.12 Altro,-0,http://hdl.handle.net/11311/582027,-0,L'impatto delgi ITS per la riduzione di CO2,-0,-0,3,info:eu-repo/semantics/closedAccess,-0,-0,-0,L. Studer; V. Mauro; et al.,-0
-0,2010,07 ALTRO::07.12 Altro,internazionale,-0,-0,-0,http://hdl.handle.net/11311/583074,-0,Italian Light Contract,-0,-0,1,none,-0,-0,-0,M. Turinetto,-0
-0,2010,07 ALTRO::07.12 Altro,internazionale,-0,07.12 Altro,-0,http://hdl.handle.net/11311/585672,-0,Choosing between ecology awareness and business,-0,-0,1,-0,-0,-0,-0,M. TURINETTO,-0
-0,2010,07 ALTRO::07.12 Altro,internazionale,-0,-0,-0,http://hdl.handle.net/11311/585673,-0,Light for a new product identity,-0,-0,1,none,-0,-0,-0,M. TURINETTO,-0
-0,2010,07 ALTRO::07.12 Altro,internazionale,-0,07.12 Altro,-0,http://hdl.handle.net/11311/585674,-0,"Lighting ethics, enviroment",-0,-0,1,-0,-0,-0,-0,M. TURINETTO,-0
-0,2010,07 ALTRO::07.12 Altro,internazionale,-0,-0,-0,http://hdl.handle.net/11311/585675,-0,"Individualised Consumption: is the future industry ready for a complex, higly-differentiated market ?",-0,-0,1,none,-0,-0,-0,M. TURINETTO,-0
-0,2010,07 ALTRO::07.12 Altro,internazionale,-0,07.12 Altro,-0,http://hdl.handle.net/11311/585676,-0,On living well in today's enviroments,-0,-0,1,-0,-0,-0,-0,M. TURINETTO,-0
-0,2010,07 ALTRO::07.12 Altro,nazionale,-0,07.12 Altro,-0,http://hdl.handle.net/11311/692963,-0,A Moda projectada,-0,-0,1,info:eu-repo/semantics/closedAccess,-0,-0,-0,CHIARA COLOMBI,-0
-0,2010,07 ALTRO::07.13 Progetti,-0,-0,07.13 Progetti,-0,http://hdl.handle.net/11311/583357,-0,100 virtuous cities,Italia,-0,3,none,eng;ita;chi,Ministero per l'Innovazione e la Pubblica Amministrazione,Italia degli Innovatori,G. Piccinno; E. Lega; D. Fassi,-0
-0,2010,07 ALTRO::07.13 Progetti,-0,-0,07.13 Progetti,-0,http://hdl.handle.net/11311/583358,-0,100 virtuous cities,Roma,-0,3,none,eng;ita,ADI Associazione per il Disegno Industriale,Premio Compasso d'Oro,G. Piccinno; E. Lega; D. Fassi,-0
-0,2010,07 ALTRO::07.13 Progetti,-0,-0,07.13 Progetti,-0,http://hdl.handle.net/11311/640515,-0,Parquet Medoc,Roma,product design,1,info:eu-repo/semantics/closedAccess,ita,Governo Italiano,Premio Nazionale per l’Innovazione,M. De Lucchi,-0
-0,2010,07 ALTRO::07.13 Progetti,-0,-0,07.13 Progetti,-0,http://hdl.handle.net/11311/662288,-0,Il progetto illuminotecnico per la Mostra di Hopper a Roma,Roma,Illuminotecnica; Illuminazione Opere d'Arte; Edward Hopper,1,info:eu-repo/semantics/closedAccess,ita,Fondazione Roma,di idee,F.Murano,-0
-0,2010,07 ALTRO::07.13 Progetti,-0,-0,-0,-0,http://hdl.handle.net/11311/693098,-0,"CONCORSO D’IDEE

PER LA PROGETTAZIONE DI PIAZZA XX SETTEMBRE E DEGLI SPAZI ANNESSI",Sarnico,-0,4,none,ita,"COMUNE DI SARNICO

Provincia di Bergamo",CONCORSO D’IDEE,G. Gerosa; D. Fumagalli; G. Lassandro; D. Prinzo,-0
-0,2010,07 ALTRO::07.13 Progetti,-0,-0,07.13 Progetti,-0,http://hdl.handle.net/11311/693100,-0,Concorso di idee finalizzato all’acquisizione di una proposta ideativa in merito alla riqualificazione della piazza Sennorigau in Villagrande Strisaili,Villagrande Strisaili (OG),-0,4,-0,ita,Comune di Villagrande Strisaili,idee finalizzato all’acquisizione di una proposta ideativa in merito alla riqualificazione della piazza Sennorigau in Villagrande Strisaili,G. Gerosa; G. LAssandro; D. Fumagalli; D. Prinzo,-0
-0,2011,07 ALTRO::07.03 Design,-0,-0,07.03 Design,-0,http://hdl.handle.net/11311/958783,-0,Boldini e la Belle Epoque,-0,-0,1,info:eu-repo/semantics/openAccess,ita;eng,-0,-0,R.Gaddi,-0
-0,2011,07 ALTRO::07.06 Mostra,-0,-0,07.06 Mostra,-0,http://hdl.handle.net/11311/766135,-0,Autoproduzioni Italiane,-0,-0,3,none,eng;ita,"Galleria Subalterno1, Via Conte Rosso 22, MIlano",-0,S. Maffei; A. Gianni; P. Bolzan,-0
-0,2011,07 ALTRO::07.06 Mostra,-0,-0,-0,-0,http://hdl.handle.net/11311/924757,-0,DI VASO IN FIORE,-0,-0,1,none,-0,-0,-0,Beppe Finessi,-0
-0,2011,07 ALTRO::07.12 Altro,nazionale,-0,07.12 Altro,-0,http://hdl.handle.net/11311/583475,-0,L’unità d’Italia: testimonianze risorgimentalinei musei e nel territorio della Toscana,-0,unità; risorgimento; arte,1,info:eu-repo/semantics/closedAccess,-0,-0,-0,A.Mazzanti,-0
-0,2011,07 ALTRO::07.12 Altro,internazionale,-0,07.12 Altro,-0,http://hdl.handle.net/11311/586879,-0,"Arena Models. Deliverable 2.1 for Periheria project, Grant Agreement number: 271015",-0,-0,2,none,-0,-0,-0,Concilio G.; Rizzo F.,-0
-0,2011,07 ALTRO::07.12 Altro,-0,-0,07.12 Altro,-0,http://hdl.handle.net/11311/586880,-0,Deliverable 2.1: Scenarios description. Deliverable for the European Project Life 2.0 LIFE 2.0Geographical positioning services to support independent living and social interaction of elderly people ICT-PSP-270965,-0,-0,3,none,-0,-0,-0,Rizzo F.; Costa F.; Oliva S.,-0
-0,2011,07 ALTRO::07.12 Altro,internazionale,-0,07.12 Altro,-0,http://hdl.handle.net/11311/605088,-0,Esposizione personale: PARIS_PLIS  Gabriele Pierluisi a cura di Martina Cavallarin.  Parigi dal 03-02-2011 al 03-03-2011,-0,città; paesaggio urbano; design; paesaggio; pittura; pittura digitale; spazio; 3D e 2D.,1,info:eu-repo/semantics/closedAccess,-0,-0,-0,gabriele pierluisi,-0
-0,2011,07 ALTRO::07.12 Altro,internazionale,-0,07.12 Altro,-0,http://hdl.handle.net/11311/631194,-0,Good Idea + Good Design = Good Service ? Learning how to evaluate Service Design,-0,-0,3,none,-0,-0,-0,S. Maffei; E. Pacenti; B. Villari,-0
-0,2011,07 ALTRO::07.12 Altro,internazionale,-0,07.12 Altro,-0,http://hdl.handle.net/11311/634053,-0,Natural Fashion. From symbolic to cognitive innovation through crafts and design,-0,-0,1,info:eu-repo/semantics/closedAccess,-0,-0,-0,COLOMBI CHIARA,-0
-0,2011,07 ALTRO::07.12 Altro,nazionale,-0,07.12 Altro,-0,http://hdl.handle.net/11311/644331,-0,"Brevetto, Design e ""forma del tempo"". I brevetti nella storia del design italiano",-0,-0,1,info:eu-repo/semantics/closedAccess,-0,-0,-0,G. Bosoni,-0
-0,2011,07 ALTRO::07.12 Altro,-0,-0,07.12 Altro,-0,http://hdl.handle.net/11311/660634,-0,Dust: A Visualization Tool Supporting Parents’ School-Choice Evaluation Process,-0,cartography; Data visualization; Decision Support Systems; Open Data,6,info:eu-repo/semantics/closedAccess,-0,-0,-0,Matteo Azzi; Giorgio Caviglia; Donato Ricci; Paolo Ciuccarelli; Emanuele Bonetti; Loredana Bontempi,-0
-0,2011,07 ALTRO::07.12 Altro,nazionale,-0,07.12 Altro,-0,http://hdl.handle.net/11311/693234,-0,NUTRIRE MILANO. Seconda annualità del progetto - Relazione al bilancio.,-0,Service Design; Strategic Design; Sustainable development,9,none,-0,-0,-0,A. Meroni; G. Simeone; M. Corubolo; D. Cantu; F. Piredda; A. Arossa; P. Bolzacchini; A. Cecchini; E. Nasuelli,-0
-0,2011,07 ALTRO::07.12 Altro,internazionale,-0,07.12 Altro,-0,http://hdl.handle.net/11311/693286,-0,Smart Citizens community directory. Deliverable 3.1.1 Progetto europeo Peripheria,-0,-0,3,none,-0,-0,-0,G. Concilio; F. Rizzo; et. alii,-0
-0,2011,07 ALTRO::07.12 Altro,internazionale,-0,07.12 Altro,-0,http://hdl.handle.net/11311/693292,-0,Sociable Housing,-0,Service Design,2,none,-0,-0,-0,A. Meroni; G. Ferri,-0
-0,2011,07 ALTRO::07.13 Progetti,-0,-0,07.13 Progetti,-0,http://hdl.handle.net/11311/634267,-0,"Per l'Esposizione, mi raccomando...! Milano e l’Esposizione internazionale del Sempione del 1906 nei documenti del Castello Sforzesco",Milano,-0,3,none,ita,La mostra è stata patrocinata dagli Istituti del Castello Sforzesco e finanziata dalla Fondazione CARIPLO,La ricerca e la mostra sono state selezionate da Fondazione Cariplo per il suo finannziamento,"G. Botti;
P. Cordera;
G. Ricci",-0
-0,2011,07 ALTRO::07.13 Progetti,-0,-0,07.13 Progetti,-0,http://hdl.handle.net/11311/640521,-0,Uffici del Triennale Design Museum,Milano,-0,1,-0,ita,US-Ufficiostile,US-Award,M. De Lucchi,-0
-0,2011,07 ALTRO::07.13 Progetti,-0,-0,07.13 Progetti,-0,http://hdl.handle.net/11311/641342,-0,Filiali Superflash Intesa Sanpaolo,Milano,-0,1,-0,ita,US-Ufficiostile,US-Award,M. De Lucchi,-0
-0,2011,07 ALTRO::07.13 Progetti,-0,-0,07.13 Progetti,-0,http://hdl.handle.net/11311/667212,-0,Housing Contest - Bando europeo per la formazione di un Repertorio di progetti per edifici residenziali ad alte prestazioni e basso costo,Milano,-0,14,none,ita,"Assimpredil Ance , Federlegnoarredo , INARCH Lombardia , Ordine degli architetti pianificatori paesaggisti e conservatori della provincia di Milano , Comune di Milano",europeo,O.E. Bellini ; A. Scoccimarro ; L. Daglio ; G. Dall'o' ; L. Sarto ; N. Sanna ; E. Pili ; A. Morettini ; S. Lugano ; DLC s.r.l. ; L. Collina ; G. Gerosa ; T. Belletti ; P. Catena,-0
-0,2011,07 ALTRO::07.13 Progetti,-0,-0,07.13 Progetti,-0,http://hdl.handle.net/11311/693096,-0,"Concorso nazionale per ""INTERVENTI DI RIQUALIFICAZIONE PAESAGGISTICO – AMBIENTALE ED ARCHITETTONICA DEL PIAZZALE SCOGLI ROSSI AD ARBATAX""",Arbatax,-0,6,none,ita,"CITTA DI TORTOLI’

PROVINCIA OGLIASTRA",Concorso nazionale per INTERVENTI DI RIQUALIFICAZIONE PAESAGGISTICO – AMBIENTALE ED ARCHITETTONICA DEL PIAZZALE SCOGLI ROSSI AD ARBATAX,L. Daglio; G. Gerosa; D. Fumagalli; G. Lassandro; A. Loi; G. Lanzarotti,-0
-0,2011,07 ALTRO::07.13 Progetti,-0,-0,07.13 Progetti,-0,http://hdl.handle.net/11311/693500,-0,"Design Mediterraneo | Mediterranean Design, 2011",on line - premiazione a Barcelona,Design; Mediterraneo; product design; visual design; fotografia; scenari futuri; sviluppo economico,2,info:eu-repo/semantics/closedAccess,ita;spa;eng,PAD magazine (www.palermodesign.it),"Design Mediterraneo | Mediterranean Design, 2011",M. Ferrara; A. Calvera (coordinatori),-0
-0,2011,07 ALTRO::07.13 Progetti,-0,-0,07.13 Progetti,-0,http://hdl.handle.net/11311/765540,-0,"Servizi alla visita dell'area archeologica di competenza SAR, Roma",-0,-0,1,info:eu-repo/semantics/closedAccess,ita,-0,-0,M. De Lucchi,-0
STAMPA,2011,07 ALTRO::07.13 Progetti,-0,-0,07.13 Progetti,-0,http://hdl.handle.net/11311/766431,-0,"Design sul filo della tradizione. Strategie e strumenti di valorizzazione di competenze e culture locali 



Design on the thread of tradition. Strategies and instruments to exploit local skills and culture in the textile industry",MILANO / ROMA,design; craft; material culture; local know how; knowledge-based production; production of value,1,info:eu-repo/semantics/closedAccess,eng;ita,ADI - Associazione Design Italiano,TARGA GIOVANI – XXII COMPASSO D'ORO ADI 2011,"Vacca, Federica",-0
-0,2011,07 ALTRO::07.13 Progetti,-0,-0,07.13 Progetti,-0,http://hdl.handle.net/11311/959229,-0,Progetto dell'identità visiva per il centocinquantesimo anniversario del Politecnico di Milano.,Milano,Brand design; Corporate Identity; immagine coordinata per territorio e istituzioni culturali; politecnico di milano,1,info:eu-repo/semantics/closedAccess,ita,Politecnico di Milano,Identità visiva,Umberto Tolino,-0
-0,2012,07 ALTRO::07.03 Design,-0,Street Furniture. Premio Lissone Design 2011,07.03 Design,-0,http://hdl.handle.net/11311/703930,-0,Green Connection,-0,-0,5,none,eng,-0,-0,Arianna Vignati; Alberto Manzoni; Valentina Lollio; Valentina Rivieccio; Marina Caramagno,-0
-0,2012,07 ALTRO::07.03 Design,-0,-0,07.03 Design,-0,http://hdl.handle.net/11311/958789,-0,La dinastia Brueghel,-0,-0,1,info:eu-repo/semantics/closedAccess,-0,-0,-0,R.Gaddi,-0
-0,2012,07 ALTRO::07.03 Design,-0,-0,07.03 Design,-0,http://hdl.handle.net/11311/958793,-0,Brueghel. Meraviglie dell'arte fiamminga,-0,-0,1,info:eu-repo/semantics/openAccess,ita;eng,-0,-0,R.Gaddi,-0
-0,2012,07 ALTRO::07.04 Performance,-0,-0,07.04 Performance,-0,http://hdl.handle.net/11311/731383,-0,ARPA DI LUCE,-0,-0,3,info:eu-repo/semantics/closedAccess,-0,-0,-0,Francesco Murano; Gianpietro Grossi; Pietro Pirelli,-0
-0,2012,07 ALTRO::07.04 Performance,-0,-0,07.04 Performance,-0,http://hdl.handle.net/11311/731384,-0,ARPA DI LUCE ALLA NOTTE DEI RICERCATORI A MANTOVA,-0,-0,3,info:eu-repo/semantics/closedAccess,-0,-0,-0,Francesco Murano; Gianpietro Grossi; Pietro Pirelli,-0
-0,2012,07 ALTRO::07.06 Mostra,-0,-0,-0,-0,http://hdl.handle.net/11311/686870,-0,Fabio Bortolani. My way,-0,-0,1,none,-0,-0,-0,S. Maffei,-0
-0,2012,07 ALTRO::07.06 Mostra,-0,-0,07.06 Mostra,-0,http://hdl.handle.net/11311/692658,-0,"Censimento delle architetture Liberty nel territorio di Varese, Area nord, sentiero 10",-0,-0,5,info:eu-repo/semantics/closedAccess,-0,-0,-0,Anzani A.; Condoleo P.; Baila A.; Caramel C.; Guarisco M,-0
-0,2012,07 ALTRO::07.06 Mostra,-0,-0,-0,-0,http://hdl.handle.net/11311/731377,-0,LUCI SULLE MURA,-0,-0,1,none,-0,-0,-0,Francesco Murano,-0
-0,2012,07 ALTRO::07.06 Mostra,-0,-0,07.06 Mostra,-0,http://hdl.handle.net/11311/766134,-0,Analogico/Digitale,-0,-0,2,none,eng;ita,"Galleria Subalterno1, Via Conte Rosso 22, MIlano",-0,S. Maffei; S. Micelli; P. Bolzan; M. Pirovano; A. Gianni,-0
-0,2012,07 ALTRO::07.08 Prototipo d'arte e relativi progetti,-0,-0,07.08 Prototipo d'arte e relativi progetti,-0,http://hdl.handle.net/11311/731378,-0,Magic Thinks,-0,MATERIALI FOTOLUMINESCENTI,2,info:eu-repo/semantics/closedAccess,-0,-0,-0,Murano F.; Fenoglio N.,-0
-0,2012,07 ALTRO::07.08 Prototipo d'arte e relativi progetti,-0,-0,07.08 Prototipo d'arte e relativi progetti,-0,http://hdl.handle.net/11311/731385,-0,LASER PENDULUM,-0,-0,3,info:eu-repo/semantics/closedAccess,-0,-0,-0,Francesco Murano; Gianpietro Grossi; Pietro Pirelli,-0
STAMPA,2012,07 ALTRO::07.09 Cartografia,-0,-0,07.09 Cartografia,Varese,http://hdl.handle.net/11311/1019572,ITA,Viaggiando Liberty. Percorsi di architettura lungo I sentieri del parco. Mappa tematica,-0,-0,5,info:eu-repo/semantics/closedAccess,ita,Ente Parco Campo dei Fiori,-0,Anzani A.; Baila A.; Caramel C.; Guarisco M .; Pozzi G.,"Campo dei Fiori, Liberty, bellezza, itinerari"
-0,2012,07 ALTRO::07.12 Altro,-0,-0,07.12 Altro,-0,http://hdl.handle.net/11311/642963,-0,Complessita' e Sostenibilita' nel Progetto - 1/2012 gennaio-marzo 2012,-0,-0,1,-0,-0,-0,-0,A. Nebuloni,-0
-0,2012,07 ALTRO::07.12 Altro,-0,-0,-0,-0,http://hdl.handle.net/11311/652136,-0,Complessita' e Sostenibilita' nel Progetto - 2/2012 aprile-giugno 2012,-0,-0,1,none,-0,-0,-0,A. Nebuloni,-0
-0,2012,07 ALTRO::07.12 Altro,-0,-0,-0,-0,http://hdl.handle.net/11311/664624,-0,Catalogo Salone Satellite 2012,-0,-0,2,none,-0,-0,-0,S. Maffei; S. Legrenzi,-0
-0,2012,07 ALTRO::07.12 Altro,internazionale,-0,07.12 Altro,-0,http://hdl.handle.net/11311/667247,-0,"Esposizione personale di disegni d'architettura, design città",-0,Disegni; città; acquarello; tecniche miste; Rouen.,1,info:eu-repo/semantics/closedAccess,-0,-0,-0,G.Pierluisi,-0
-0,2012,07 ALTRO::07.12 Altro,-0,-0,-0,-0,http://hdl.handle.net/11311/669783,-0,Complessita' e Sostenibilita' nel Progetto - 3/2012 luglio-settembre 2012,-0,-0,1,none,-0,-0,-0,A. Nebuloni,-0
-0,2012,07 ALTRO::07.12 Altro,-0,-0,07.12 Altro,-0,http://hdl.handle.net/11311/686423,-0,Complessita' e Sostenibilita' nel Progetto - 4/2012 ottobre-dicembre 2012.,-0,-0,1,-0,-0,-0,-0,A. Nebuloni,-0
-0,2012,07 ALTRO::07.12 Altro,internazionale,-0,07.12 Altro,-0,http://hdl.handle.net/11311/693222,-0,"EC project ""SPREAD - Sustainable Lifestyles 2050

Deliverable 3.1: ""Visual material presenting emerging best practices and emerging visions on sustainable lifestyles""",-0,Sustainable development; Social innovation; Service design; Strategic design,4,none,-0,-0,-0,A. Meroni; F. Piredda; F. Jegou; M. Corubolo,-0
-0,2012,07 ALTRO::07.12 Altro,internazionale,-0,07.12 Altro,-0,http://hdl.handle.net/11311/693227,-0,"EC project ""SPREAD - Sustainable Lifestyles 2050

Deliverable 3.2: ""EUROPEAN POLICY BRIEF. Emerging Visions for Future Sustainable Lifestyles 2050""",-0,Policy brief; Sustainable development; Strategic Design; Social Innovation,2,none,-0,-0,-0,A. Meroni; M. Corubolo,-0
-0,2012,07 ALTRO::07.12 Altro,nazionale,-0,07.12 Altro,-0,http://hdl.handle.net/11311/693238,-0,NUTRIRE MILANO.  Relazione conclusiva anno 2011,-0,Service Design; Strategic Design; Sustainable development,14,none,-0,-0,-0,A. Meroni; G. Simeone; M. Corubolo; D. Cantu; F. Piredda; A. Arossa; P. Bolzacchini; A. Cecchini; E. Nasuelli; C. Fiorani; P. Corvo; P. Grimaldi; P. Migliorini; B. Scaltriti,-0
-0,2012,07 ALTRO::07.12 Altro,internazionale,-0,07.12 Altro,-0,http://hdl.handle.net/11311/693262,-0,"European Lifestyles. The future issue.

EC project ""SPREAD - Sustainable Lifestyles 2050",-0,Service Design; Strategic Design; Sustainable development,25,none,-0,-0,-0,A. Meroni; F. Piredda; F. Jegou; M. Corubolo; C. Hicks; N. Bruggermann; R. Groezinger; S. Thorne; L. Rijnhout; S. Lorek; S. Goicoechea; A. Neuvonen; M. Ritola; S. Lahteenoja; K. Straver; M. Uyterlinde; C. Tigchelaar;  B. Schaefer; G. Salvador; C. Chiotan; C. Costongs; O. Monts; F. Jegou; P. Szuppinger; E. Csobod,-0
-0,2012,07 ALTRO::07.12 Altro,internazionale,-0,07.12 Altro,-0,http://hdl.handle.net/11311/693267,-0,Use cases and requirements list,-0,-0,4,none,-0,-0,-0,F. Rizzo; S. Oliva; F. Costa; et. alii,-0
-0,2012,07 ALTRO::07.12 Altro,-0,-0,07.12 Altro,-0,http://hdl.handle.net/11311/693936,-0,"Deliverable 5.2.1 Progetto Peripheria.

 Pilots scenarios (initial version)",-0,-0,3,none,-0,-0,-0,G. Concilio; F. Rizzo; et. alii,-0
-0,2012,07 ALTRO::07.12 Altro,-0,-0,07.12 Altro,-0,http://hdl.handle.net/11311/693937,-0,D 3.2.1 Training and learning report (initial version). Deliverable progetto europeo Peripheria,-0,-0,3,none,-0,-0,-0,G. Concilio; F.Rizzo; et. alii,-0
-0,2012,07 ALTRO::07.12 Altro,internazionale,-0,07.12 Altro,-0,http://hdl.handle.net/11311/762464,-0,Exotic orientation systems as gameplay devices,-0,Games; Percepion; Illusions; Orientation; Procedural Rehtoric,3,info:eu-repo/semantics/closedAccess,-0,-0,-0,P. Righi Riva; A. Vitali; M. Pillan,-0
-0,2012,07 ALTRO::07.12 Altro,internazionale,-0,07.12 Altro,-0,http://hdl.handle.net/11311/825730,-0,Atelier 2.0. How Web 2.0 enables new creative models to innovate in fashion,-0,-0,2,info:eu-repo/semantics/closedAccess,-0,-0,-0,Colombi Chiara; Tolino Umberto,-0
ELETTRONICO,2012,07 ALTRO::07.13 Progetti,-0,-0,07.13 Progetti,-0,http://hdl.handle.net/11311/1019062,-0,Cover mania,Londra,-0,1,-0,eng;ita,Kantar,Kantar Information is Beautiful Awards,"Mauri, Michele",-0
-0,2012,07 ALTRO::07.13 Progetti,-0,-0,07.13 Progetti,-0,http://hdl.handle.net/11311/667388,-0,"Concorso di idee per la ricostruzione della “Chiesa di san Gregorio Magno” (AQ), Italia.","San Gregorio (Aq), Italia",-0,12,info:eu-repo/semantics/closedAccess,ita,Presidenza del Consiglio dei Ministri. Commissario Delegato per la Ricostruzione (Ufficio del Vicecommissario delegato per la tutela dei Beni Culturali).,di progettazione,P.Rocchi; D. Groos; M. Docci; C. Bianchini; A. Roca De Amicis; D. Esposito; C. Bartolozzi; A. Bruschi; M. Gaiani; G. Santi; D. Casertano; G. Pierluisi.,-0
-0,2012,07 ALTRO::07.13 Progetti,-0,-0,07.13 Progetti,-0,http://hdl.handle.net/11311/669549,-0,Concurso Público Nacional de anteprojetos de arquitetura para o Campus Cabral da Universidade Federal do Paraná – Curitiba,Curitiba,-0,6,none,por,Universidade Federal do Paraná,progettazione preliminare,R. Righi; A. Nebuloni; B. Carreño; B.R. Padovano; C. Blasi; G. Padovano,-0
-0,2012,07 ALTRO::07.13 Progetti,-0,-0,07.13 Progetti,-0,http://hdl.handle.net/11311/764739,-0,"Fondazione Giorgio Cini. Restauro del Cenacolo Palladiano, Venezia",-0,-0,1,info:eu-repo/semantics/closedAccess,ita,-0,-0,M. De Lucchi,-0
-0,2012,07 ALTRO::07.13 Progetti,-0,-0,07.13 Progetti,-0,http://hdl.handle.net/11311/765541,-0,"Gallerie d'Italia - Piazza Scala, Milano",Milano,-0,1,info:eu-repo/semantics/closedAccess,ita,ADI - Associazione per il Disegno Industriale,ADI Design Index 2013,M. De Lucchi,-0
-0,2012,07 ALTRO::07.13 Progetti,-0,-0,07.13 Progetti,-0,http://hdl.handle.net/11311/765542,-0,"Public Service Hall, Marneuli (Georgia)",--,-0,1,info:eu-repo/semantics/closedAccess,kat,--,--,M. De Lucchi,-0
-0,2012,07 ALTRO::07.13 Progetti,-0,-0,07.13 Progetti,-0,http://hdl.handle.net/11311/765544,-0,Triennale di Milano. Restauro dello scalone d'onore e accesso al Teatro dell'Arte,-0,-0,1,info:eu-repo/semantics/closedAccess,ita,-0,-0,M. De Lucchi,-0
-0,2012,07 ALTRO::07.13 Progetti,-0,-0,07.13 Progetti,-0,http://hdl.handle.net/11311/765545,-0,Pannello fonoassorbente Mitesco per Caimi Brevetti,Milano,-0,1,info:eu-repo/semantics/closedAccess,ita,Associazione culturale plana,GrandesignEtico International Award 2012,M. De Lucchi,-0
ELETTRONICO,2012,07 ALTRO::07.13 Progetti,-0,-0,07.13 Progetti,-0,http://hdl.handle.net/11311/983751,-0,"Atlas of Urban Lighting Experience 2.0- Concorso internazionale ""VOX JUVENTA 2012 - Light Symposium in Wismar, Germany"" - progetto vincitore","Wismar, Germany","urban lighting, lighting experience, coloured lighting, lighting design,",1,info:eu-repo/semantics/closedAccess,eng,PLDA - Professional Lighting Designers’ Association,2012 Vox Juventa on the occasion of the Light Symposium,"Casciani, Daria",-0
-0,2013,07 ALTRO::07.03 Design,-0,-0,07.03 Design,-0,http://hdl.handle.net/11311/731382,-0,"SKYLIGHT  LUMINATOR

PRIMO PREMIO CONCORSO INTERNAZIONALE

SHARP DESIGN CONTEST

LIGHT FOR EMOTIONAL CONFORT",-0,LIGHT DESIGN; SKYLIGHT LUMINATOR; SHARP,1,info:eu-repo/semantics/closedAccess,-0,-0,-0,Francesco Murano,-0
-0,2013,07 ALTRO::07.04 Performance,-0,-0,-0,-0,http://hdl.handle.net/11311/827536,-0,ARPA DI LUCE A MONZA,-0,-0,3,none,-0,-0,-0,FRANCESCO MURANO; GIANPIETRO GROSSI; PIETRO PIRELLI,-0
-0,2013,07 ALTRO::07.04 Performance,-0,-0,-0,-0,http://hdl.handle.net/11311/827538,-0,ARPA DI LUCE A VIGGIANO (POTENZA),-0,-0,3,none,-0,-0,-0,FRANCESCO MURANO; PIETRO PIRELLI; GIAMPIETRO GROSSI,-0
-0,2013,07 ALTRO::07.04 Performance,-0,-0,07.04 Performance,-0,http://hdl.handle.net/11311/827541,-0,ARPA DI LUCE A MODENA,-0,-0,3,-0,-0,-0,-0,FRANCESCO MURANO; PIETRO PIRELLI; GIANPIETRO GROSSI,-0
-0,2013,07 ALTRO::07.06 Mostra,-0,Made in slums. Mathare Nairobi.,07.06 Mostra,Milano,http://hdl.handle.net/11311/751643,ITA,Made in slums. Mathare Nairobi.,-0,design sostenibile,1,-0,eng;ita,Corraini Edizioni,-0,Irace F,-0
-0,2013,07 ALTRO::07.06 Mostra,-0,Catalogo Mostra Operae - Indipendent Design Festival,-0,Torino _ 2013,http://hdl.handle.net/11311/813518,-0,"Casa Diaz - Design Autoprodotto
in Operae - Indipendent Design Festival 2013",-0,-0,1,none,ita,le officine poligrafiche MLC,-0,FRANCESCO MURANO - LUISA QUINTILIANI,-0
-0,2013,07 ALTRO::07.06 Mostra,-0,Campo dei Fiori Patrimonio Unesco. Decennale Sito Unesco Sacri Monti del Piemonte e della Lombardia,-0,-0,http://hdl.handle.net/11311/826341,ITA,Viaggiando Liberty - Percorsi di architettura lungo i sentieri del Parco,-0,-0,3,none,ita,"Consorzio Parco Regionale - Campo dei Fiori- Brinzio, Comune di Varese",-0,A. Baila; A. Anzani; E. Guglielmi,-0
-0,2013,07 ALTRO::07.06 Mostra,-0,-0,07.06 Mostra,Gallarate,http://hdl.handle.net/11311/826342,ITA,FAIMarathon2013 - Presenze Liberty a Gallarate,-0,-0,4,none,ita,"Delegazione FAI del Seprio, con il Patrocinio del Comune di Gallarate",-0,A. Anzani; A. Baila; C. Caramel; M. Guarisco,-0
-0,2013,07 ALTRO::07.06 Mostra,-0,-0,07.06 Mostra,Milano,http://hdl.handle.net/11311/828325,ITA,A Designer A Day 2013,-0,-0,2,info:eu-repo/semantics/closedAccess,eng;ita,Consorzio POLI.Design,-0,Venanzio Arquilla; Barbara Parini,-0
-0,2013,07 ALTRO::07.06 Mostra,-0,-0,07.06 Mostra,-0,http://hdl.handle.net/11311/845779,-0,Senza Pericolo! Costruzioni e Sicurezza,-0,-0,11,none,ita;eng,Triennale di Milano,-0,Federico Bucci; Marco Biagi; Elisa Boeri; Dario Costi; Davide Crippa; Barbara DiPrete; Massimo Ferrari; Marco Introini; Lucia Miodini; Luigi Spinelli; Claudia Tinazzi,-0
-0,2013,07 ALTRO::07.06 Mostra,-0,"Mostra Tech Stories presso il Museo Nazionale della Scienza e della Tecnologia Leonardo da Vinci, Milano, dal 13 giugno 2013 al 5 gennaio 2014",07.06 Mostra,Milano,http://hdl.handle.net/11311/846007,ITA,Tech Stories,-0,-0,6,none,ita;eng,POLIMI,-0,F. Bucci; L. Collina; A. Colombo; B. Finessi; S. Protasoni; E. Rovida,-0
-0,2013,07 ALTRO::07.06 Mostra,-0,-0,07.06 Mostra,-0,http://hdl.handle.net/11311/924563,-0,INTORNO AL LIBRO. TRA ARTE E DESIGN,-0,-0,1,-0,eng;ita,-0,-0,Beppe Finessi,-0
-0,2013,07 ALTRO::07.06 Mostra,-0,-0,-0,-0,http://hdl.handle.net/11311/924564,-0,PROGETTO CIBO. LA FORMA DEL GUSTO,-0,-0,1,none,ita;eng,-0,-0,Beppe Finessi,-0
-0,2013,07 ALTRO::07.12 Altro,nazionale,-0,07.12 Altro,-0,http://hdl.handle.net/11311/786328,-0,Chi paga i costi del traffico,-0,-0,3,none,-0,-0,-0,P. Beria; R. Grimaldi; M. Ponti,-0
-0,2013,07 ALTRO::07.12 Altro,nazionale,-0,07.12 Altro,-0,http://hdl.handle.net/11311/786329,-0,Quando l’analisi economica dice sempre di sì,-0,-0,2,-0,-0,-0,-0,P. Beria; M.G. Ponti,-0
-0,2013,07 ALTRO::07.12 Altro,-0,-0,-0,-0,http://hdl.handle.net/11311/824334,-0,Complessità e Sostenibilità nel Progetto - 5/2013 gennaio-febbraio 2013,-0,-0,1,none,-0,-0,-0,A. Nebuloni,-0
-0,2013,07 ALTRO::07.12 Altro,-0,-0,-0,-0,http://hdl.handle.net/11311/824335,-0,Complessità e Sostenibilità nel Progetto - 6/2013 aprile-giugno 2013,-0,-0,1,none,-0,-0,-0,A. Nebuloni,-0
-0,2013,07 ALTRO::07.12 Altro,-0,-0,07.12 Altro,-0,http://hdl.handle.net/11311/824336,-0,Complessità e Sostenibilità nel Progetto - 7/2013 luglio-settembre 2013,-0,-0,1,-0,-0,-0,-0,A. Nebuloni,-0
-0,2013,07 ALTRO::07.12 Altro,-0,-0,-0,-0,http://hdl.handle.net/11311/824337,-0,Complessità e Sostenibilità nel Progetto - 8/2013 ottobre-dicembre 2013,-0,-0,1,none,-0,-0,-0,A. Nebuloni,-0
-0,2013,07 ALTRO::07.12 Altro,nazionale,-0,07.12 Altro,-0,http://hdl.handle.net/11311/827539,-0,WOW! Jelly Session #6,-0,-0,1,info:eu-repo/semantics/closedAccess,-0,-0,-0,F. Scullica,-0
-0,2013,07 ALTRO::07.12 Altro,nazionale,-0,07.12 Altro,-0,http://hdl.handle.net/11311/827925,-0,"Manifattura di Domodossola, una storia italiana",-0,-0,1,info:eu-repo/semantics/closedAccess,-0,-0,-0,A. Dell'Acqua Bellavitis,-0
-0,2013,07 ALTRO::07.12 Altro,nazionale,-0,07.12 Altro,-0,http://hdl.handle.net/11311/827926,-0,Home Intertextile Mood,-0,-0,1,info:eu-repo/semantics/closedAccess,-0,-0,-0,A. Dell'Acqua Bellavitis,-0
-0,2013,07 ALTRO::07.12 Altro,nazionale,-0,-0,-0,http://hdl.handle.net/11311/837725,-0,Migliorare l’offerta formativa in materia di salute e sicurezza nelle costruzioni - definizione proposta regionale di “linee guida”,-0,-0,13,none,-0,-0,-0,B. Pesenti; C. Macchia; C. Bruni; M. Figiani; F. Lovato; D. Marinoni; F. Monfrini; D. Ramenghi; P.A. Reguzzoni; E. Sgaramella; G. Spedo; P. Zambianchi; G. Zappa,-0
-0,2013,07 ALTRO::07.12 Altro,internazionale,-0,07.12 Altro,-0,http://hdl.handle.net/11311/862001,-0,Design for Social Innovation as a form of Design Activism: An action format,-0,-0,3,info:eu-repo/semantics/closedAccess,-0,-0,-0,A. Meroni;D. Fassi;G. Simeone,-0
-0,2013,07 ALTRO::07.12 Altro,internazionale,-0,07.12 Altro,-0,http://hdl.handle.net/11311/862939,-0,From engaging to empowering people: a set of co-design experiments with a service design perspective.,-0,service design; social innovation,2,info:eu-repo/semantics/closedAccess,-0,-0,-0,D.Cantù; D.Selloni,-0
-0,2013,07 ALTRO::07.12 Altro,internazionale,-0,07.12 Altro,-0,http://hdl.handle.net/11311/862942,-0,The experience of Creative Citizens,-0,service design; social innovatin; Empowerment; citizenship,1,info:eu-repo/semantics/closedAccess,-0,-0,-0,D.Selloni,-0
-0,2013,07 ALTRO::07.13 Progetti,-0,-0,07.13 Progetti,-0,http://hdl.handle.net/11311/824338,-0,Concurso Público Nacional de Arquitetura - Novo Centro Administrativo do Maranhão,Maranhão,-0,6,info:eu-repo/semantics/closedAccess,por,Estado do Maranhão,Progettazione,P. Pontes; B. Padovano; C. Blasi; G. Padovano; A. Nebuloni; P. Bertacchini,-0
-0,2013,07 ALTRO::07.13 Progetti,-0,-0,07.13 Progetti,-0,http://hdl.handle.net/11311/826331,-0,Expo 2015. Punto di informazioni Agorà,-0,-0,1,info:eu-repo/semantics/closedAccess,ita,-0,-0,M. De Lucchi,-0
-0,2013,07 ALTRO::07.13 Progetti,-0,-0,07.13 Progetti,-0,http://hdl.handle.net/11311/826332,-0,Comune di Lodi. Biblioteca Laudense,-0,-0,1,info:eu-repo/semantics/closedAccess,ita,-0,-0,M. De Lucchi,-0
-0,2013,07 ALTRO::07.13 Progetti,-0,-0,07.13 Progetti,-0,http://hdl.handle.net/11311/826333,-0,"Uffici finanziari Banca Patrimoni Sella, Palazzo Bricherasio. Torino",-0,-0,1,info:eu-repo/semantics/closedAccess,ita,-0,-0,M. De Lucchi,-0
-0,2013,07 ALTRO::07.13 Progetti,-0,-0,07.13 Progetti,-0,http://hdl.handle.net/11311/826334,-0,Intesa Sanpaolo. Campus tecnologico e uffici a Moncalieri,-0,-0,1,info:eu-repo/semantics/closedAccess,ita,-0,-0,M. De Lucchi,-0
-0,2013,07 ALTRO::07.13 Progetti,-0,-0,07.13 Progetti,-0,http://hdl.handle.net/11311/826335,-0,Zambon.  Ampliamento dell'Health and Quality Factory e nuovo Z Building a Vicenza,-0,-0,1,info:eu-repo/semantics/closedAccess,ita,-0,-0,M. De Lucchi,-0
-0,2013,07 ALTRO::07.13 Progetti,-0,-0,07.13 Progetti,-0,http://hdl.handle.net/11311/826336,-0,Museo Frau a Tolentino,-0,-0,1,info:eu-repo/semantics/closedAccess,ita,-0,-0,M. De Lucchi,-0
-0,2013,07 ALTRO::07.13 Progetti,-0,-0,07.13 Progetti,-0,http://hdl.handle.net/11311/958781,-0,"SKY LUMINATOR
Sharp International Design Contest | Light for Emotional Comfort",MILANO,-0,1,info:eu-repo/semantics/closedAccess,eng,SHARP,Sharp Design Contest | Light for Emotional Comfort,Francesco Murano,-0
-0,2014,07 ALTRO::07.02 Disegno,-0,Italian Survey. National & International Portfolio,07.02 Disegno,Roma,http://hdl.handle.net/11311/958761,ITA,"Traditional Architecture and Countryside, Puglia - Valle D’itria",-0,rilievo urbano e ambientale; Rappresentazione Paesaggio Ambiente; Disegno,1,info:eu-repo/semantics/closedAccess,eng,Aracne editrice,-0,Giuseppe Amoruso,-0
-0,2014,07 ALTRO::07.06 Mostra,-0,-0,07.06 Mostra,Subalterno1,http://hdl.handle.net/11311/1044958,ITA,Mondopasta,-0,-0,4,none,eng;ita,-0,-0,"Maffei, S.; Gianni, A.; Bolzan, P.; Pirovano, M.",-0
-0,2014,07 ALTRO::07.06 Mostra,-0,-0,07.06 Mostra,MILANO,http://hdl.handle.net/11311/880555,-0,"TEXTILE VIVANT.
Percorsi, esperienze e ricerche del textile design
Tracks, experiences and Researches in textile design",-0,-0,4,none,ita;eng,Triennale di Milano,-0,Conti G.M.; Del Curto B.; Fiorani E.; Soldati M.G.,-0
-0,2014,07 ALTRO::07.06 Mostra,-0,-0,-0,-0,http://hdl.handle.net/11311/898355,-0,IL DESIGN ITALIANO OLTRE LE CRISI. AUTARCHIA AUSTERITA' AUTOPRODUZIONE,-0,-0,1,none,-0,-0,-0,Beppe Finessi,-0
-0,2014,07 ALTRO::07.06 Mostra,-0,-0,-0,-0,http://hdl.handle.net/11311/924565,-0,LA CASA MORBIDA. Tra arte e design,-0,-0,1,none,ita;eng,-0,-0,Beppe Finessi,-0
-0,2014,07 ALTRO::07.06 Mostra,-0,-0,07.06 Mostra,-0,http://hdl.handle.net/11311/958564,-0,"Milano Sottosopra, 50° anniversario della Rossa",-0,metropolitana; Franco Albini; Bob Noorda,1,info:eu-repo/semantics/closedAccess,ita,-0,-0,G. Bosoni,-0
-0,2014,07 ALTRO::07.06 Mostra,-0,-0,07.06 Mostra,Milano,http://hdl.handle.net/11311/960010,ITA,A Designer A Day (ADAD) 2014,-0,Design; Autoproduzione; Food Design,2,info:eu-repo/semantics/closedAccess,ita;eng,Consorzio POLI.Design,-0,V. Arquilla; B. Parini,-0
-0,2014,07 ALTRO::07.12 Altro,nazionale,-0,07.12 Altro,-0,http://hdl.handle.net/11311/971202,-0,Design dei servizi collaborativi,-0,"sharing economy, service design, servizi collaborativi.",1,info:eu-repo/semantics/openAccess,-0,-0,-0,"Selloni, Daniela",-0
-0,2014,07 ALTRO::07.13 Progetti,-0,-0,07.13 Progetti,-0,http://hdl.handle.net/11311/1019072,-0,RAW,Londra,-0,5,info:eu-repo/semantics/openAccess,eng,Kantar Information is Beautiful Awards,Kantar,"DensityDesign Research, Lab; Caviglia, Giorgio; Mauri, Michele; Uboldi, GIORGIO ROBERTO; Azzi, Matteo",-0
STAMPA,2014,07 ALTRO::07.13 Progetti,-0,-0,07.13 Progetti,-0,http://hdl.handle.net/11311/1065023,-0,CampUS. Incubazione e messa in scena di pratiche sociali,Milano,NEET,4,info:eu-repo/semantics/closedAccess,ita,ADI - Associazione per il Disegno Industriale,XXV Compasso d'Oro,"Fassi, Davide; Piredda, Francesca; Perondi, Elena; Salvadeo, Pierluigi",inclusione sociale
-0,2014,07 ALTRO::07.13 Progetti,-0,-0,07.13 Progetti,-0,http://hdl.handle.net/11311/930355,-0,Arid Zones Cluster Pavillon for Expo 2015,MILANO,Design; exhibition design,3,none,ita,EXPO MILANO 2015,WORKSHOP CLUSTER PAVILLON,A. BIAMONTI; B. CAMOCINI; M. ZINI,-0
STAMPA,2015,07 ALTRO::07.03 Design,-0,"TEXTILE VIVANT  Percorsi, esperienze e ricerche del textile design Tracks, experiences and Researches in textile design",07.03 Design,Cinisello Balsamo (MI),http://hdl.handle.net/11311/958756,ITA,"TEXTILE VIVANT 
Percorsi, esperienze e ricerche del textile design
Tracks, experiences and Researches in textile design",-0,-0,1,info:eu-repo/semantics/openAccess,ita;eng,SILVANA EDITORE,-0,R.Gaddi,-0
-0,2015,07 ALTRO::07.06 Mostra,-0,-0,07.06 Mostra,-0,http://hdl.handle.net/11311/1022097,-0,Geografie,-0,-0,1,-0,-0,-0,-0,Beppe Finessi,-0
-0,2015,07 ALTRO::07.06 Mostra,-0,-0,07.06 Mostra,-0,http://hdl.handle.net/11311/1047003,ITA,Cool Japan_Double Impact,-0,-0,1,info:eu-repo/semantics/openAccess,eng;ita,-0,-0,"Biamonti, Alessandro","Giappone, Italia, Cultura, Design"
-0,2015,07 ALTRO::07.06 Mostra,-0,Milano mai vista,07.06 Mostra,Milano,http://hdl.handle.net/11311/957975,ITA,Milano mai vista,-0,Milano; architettura,2,info:eu-repo/semantics/closedAccess,ita,Editoriale Domus,-0,Irace F.; Neri G.,-0
STAMPA,2015,07 ALTRO::07.06 Mostra,-0,-0,07.06 Mostra,Varese,http://hdl.handle.net/11311/959240,ITA,"Censire la Bellezza - Dal 28 febbraio al 10 marzo presso la Galleria 96 Metricubi d'arte - via Parini 8, Gallarate",-0,-0,5,info:eu-repo/semantics/closedAccess,ita,-0,-0,"Baila, A.; Anzani, A.; Guglielmi, E.; Caramel, C.; Niglia, D.","Varese, Liberty, catalogazione, rilievo fotografico, conservazione"
STAMPA,2015,07 ALTRO::07.06 Mostra,-0,Giorgio De Chirico Una gita a Lecco,07.06 Mostra,Mantova,http://hdl.handle.net/11311/974528,ITA,Giorgio De Chirico_ Una gita a Lecco,-0,-0,1,info:eu-repo/semantics/openAccess,eng;ita,Corraini Edizioni,-0,"Ceppi, Giulio",-0
-0,2015,07 ALTRO::07.06 Mostra,-0,-0,07.06 Mostra,Milano,http://hdl.handle.net/11311/975477,ITA,LOMBARDIES. A unique territory with multiple identities,-0,"Expo Milano 2015, Lombardia, agroalimentare, produzione, innovazione",2,info:eu-repo/semantics/openAccess,eng;ita,Consorzio POLI.Design,-0,"Parente, Marina; Simonelli, Giuliano",-0
-0,2015,07 ALTRO::07.06 Mostra,-0,-0,07.06 Mostra,-0,http://hdl.handle.net/11311/979666,ITA,Il Nuovo Vocabolario della Moda Italiana,-0,-0,2,info:eu-repo/semantics/openAccess,eng;ita,Triennale di Milano,-0,"Bertola, P.; Linfante, V.",-0
-0,2015,07 ALTRO::07.12 Altro,-0,-0,07.12 Altro,-0,http://hdl.handle.net/11311/1019087,-0,Design to feed the world,-0,"Nutrizione, Design, Sostenibilità",1,info:eu-repo/semantics/closedAccess,-0,-0,-0,"Camocini, B",-0
-0,2015,07 ALTRO::07.12 Altro,internazionale,-0,07.12 Altro,-0,http://hdl.handle.net/11311/1019547,-0,SIMPACT Project. Deliverable 4.1. Part I. SI Processes and Business Models,-0,-0,3,info:eu-repo/semantics/openAccess,-0,-0,-0,"Rizo, F.; Komatsu, T.; Deserti, A.",-0
-0,2015,07 ALTRO::07.12 Altro,internazionale,-0,07.12 Altro,-0,http://hdl.handle.net/11311/1019549,-0,SIMPACT Project. Deliverable 4.1. Part II. Existing Forms of SI. Dynamics & Features influencing SI Processes and Business Models,-0,-0,3,info:eu-repo/semantics/openAccess,-0,-0,-0,"Celi, M.; Deserti, A.; Rizzo, F.",-0
-0,2015,07 ALTRO::07.12 Altro,internazionale,-0,07.12 Altro,-0,http://hdl.handle.net/11311/1019553,-0,SIMPACT Project. Deliverable 3.2. Comparative Report on Social Innovation across Europe,-0,-0,4,info:eu-repo/semantics/openAccess,-0,-0,-0,"Terstriep, J.; Kleverbeck, M.; Deserti, A.; Rizzo, F.",-0
-0,2015,07 ALTRO::07.12 Altro,internazionale,-0,07.12 Altro,-0,http://hdl.handle.net/11311/1019564,-0,My Neighbourhood | My City Project. Deliverable 6.5. Scalability Implementation and Assessment Report,-0,-0,7,info:eu-repo/semantics/closedAccess,-0,-0,-0,"Oliveira, A.; Deserti, A.; Concilio, G.; Molinari, F.; Rizzo, F; Morelli, N.; Akbar, F.",-0
-0,2015,07 ALTRO::07.12 Altro,nazionale,-0,07.12 Altro,-0,http://hdl.handle.net/11311/988152,-0,Etica e progettualità,-0,"Etica, progettualità, Design Thinking",1,info:eu-repo/semantics/closedAccess,-0,-0,-0,Giampiero Bosoni,-0
-0,2015,07 ALTRO::07.12 Altro,internazionale,-0,07.12 Altro,-0,http://hdl.handle.net/11311/988153,-0,Bakground week 3  day 3,-0,"Architettura, Open City, Summer School",1,info:eu-repo/semantics/closedAccess,-0,-0,-0,Giampiero Bosoni,-0
-0,2015,07 ALTRO::07.12 Altro,nazionale,-0,-0,-0,http://hdl.handle.net/11311/989384,-0,"Hacking Public Services: come riprogettare i servizi pubblici, con i cittadini.",-0,#servicedesign #socialinnovation #civicactivism #sharingeconomy,1,none,-0,-0,-0,"Selloni, Daniela",-0
-0,2015,07 ALTRO::07.12 Altro,nazionale,-0,07.12 Altro,-0,http://hdl.handle.net/11311/989391,-0,Ezio Manzini: design per l’innovazione sociale.,-0,#designforsocialinnovation #culturadelprogetto #designthinking,1,info:eu-repo/semantics/openAccess,-0,-0,-0,"Selloni, Daniela",-0
-0,2015,07 ALTRO::07.12 Altro,internazionale,-0,-0,-0,http://hdl.handle.net/11311/989392,-0,Interviewed: Ezio Manzini on Design When Everybody Designs.,-0,#designforsocialinnovation #sharingeconomy #designthinking,1,none,-0,-0,-0,"Selloni, Daniela",-0
STAMPA,2015,07 ALTRO::07.13 Progetti,-0,-0,07.13 Progetti,-0,http://hdl.handle.net/11311/1018896,-0,Miglior Cluster Zone Aride. Agricoltura e Nutrizione.,Milano,-0,2,info:eu-repo/semantics/closedAccess,eng;ita,Class Editori e Laureate International Universities,Class Expo Pavilion Heritage Awards,"Collina, L.; Camocini, B.","Zone Aride, Cultura Materiale, Risorse Idriche, Desertificazione, Design, Water Footprint."
-0,2015,07 ALTRO::07.13 Progetti,-0,-0,07.13 Progetti,-0,http://hdl.handle.net/11311/1018993,-0,Padiglione Zero per Expo2015,-0,-0,1,info:eu-repo/semantics/closedAccess,ita,-0,-0,"De Lucchi, M.",-0
-0,2015,07 ALTRO::07.13 Progetti,-0,-0,07.13 Progetti,-0,http://hdl.handle.net/11311/1019017,-0,Unicredit Pavillion,Milano,-0,1,info:eu-repo/semantics/closedAccess,ita,UniCredit Business Integrated Solutions Scpa,Concorso nazionale E3W,"De Lucchi, M.",-0
-0,2015,07 ALTRO::07.13 Progetti,-0,-0,07.13 Progetti,-0,http://hdl.handle.net/11311/1019025,-0,Casa del Manzoni - Milano,-0,-0,1,info:eu-repo/semantics/closedAccess,ita,-0,-0,"De Lucchi, M.",-0
STAMPA,2015,07 ALTRO::07.13 Progetti,-0,-0,07.13 Progetti,-0,http://hdl.handle.net/11311/983225,-0,"Progetto GENIUS LUCI  - Concorso internazionale ""URBAN LIGHTSCAPE"" - progetto vincitore",Roma,"urban lighting, analysis,",6,info:eu-repo/semantics/closedAccess,eng,AIDI Associazione Italiana di Illuminazione - CNAPPC Consiglio Nazionale degli Architetti Pianificatori Paesaggisti e Conservatori,Urban Lightscape (concorso internazionale),"Gentili, Helena; Casciani, Daria; Santoro, Piero; Caggiano, Else; D'Alesio, Carlo; Di Filippo, Massimo;",-0
STAMPA,2016,07 ALTRO::07.03 Design,-0,Cross-Cultural Design,07.03 Design,Canada,http://hdl.handle.net/11311/1044085,DEU,Research Service Design Based on Online Public Service Platform — APP Design for Mutual Learning Through Sign Language Short Video,-0,-0,1,info:eu-repo/semantics/closedAccess,eng,Springer,-0,"Yin, Liang",-0
-0,2016,07 ALTRO::07.06 Mostra,-0,-0,07.06 Mostra,Induno Olona,http://hdl.handle.net/11311/1019570,ITA,Censire la Bellezza: Liberty segreto a Induno Olona.,-0,-0,6,info:eu-repo/semantics/closedAccess,ita,-0,-0,"Anzani, A.; Baila, A.; Caramel, C.; Guarisco, M.; Guglielmi, E.; Niglia, D","Bellezza, Liberty, Varese, censimento"
-0,2016,07 ALTRO::07.06 Mostra,-0,-0,-0,-0,http://hdl.handle.net/11311/1022057,-0,Quasi segreti. Cassetti tra arte e design,-0,-0,1,none,-0,-0,-0,Beppe Finessi,-0
-0,2016,07 ALTRO::07.06 Mostra,-0,-0,07.06 Mostra,-0,http://hdl.handle.net/11311/1022096,-0,Dimensione domestica. Achille e Pier Giacomo Castiglioni e una strana idea di arredamento. Atto I°,-0,-0,1,-0,-0,-0,-0,Beppe Finessi,-0
-0,2016,07 ALTRO::07.06 Mostra,-0,-0,-0,-0,http://hdl.handle.net/11311/1022098,-0,STANZE. Altre filosofie dell'abitare,-0,-0,1,none,-0,-0,-0,Beppe Finessi,-0
-0,2016,07 ALTRO::07.06 Mostra,-0,-0,07.06 Mostra,-0,http://hdl.handle.net/11311/1037542,-0,"Mostra ""Le vie del Compasso d'Oro - XXI Triennale Milano"", Campus Bovisa - Politecnico di Milano",-0,-0,3,info:eu-repo/semantics/openAccess,eng;ita,-0,-0,"Parente, Marina; Zurlo, Francesco; Manciaracina, ANDREA GIUSEPPE",Premio Compasso d'Oro ADI
STAMPA,2016,07 ALTRO::07.06 Mostra,-0,Crafting the Future. Storie di artigianalità e innovazione.,07.06 Mostra,Milano,http://hdl.handle.net/11311/1038409,ITA,"Sezione ""Un'Italia artigiana"" nella mostra ""Crafting the Future. Storie di artigianalità e innovazione""  – Mudec 22-24 Settembre 2016.",-0,-0,2,info:eu-repo/semantics/closedAccess,eng;ita,Camera Nazionale della Moda Italiana,-0,"Bertola, P.; Vacca, F.",-0
-0,2016,07 ALTRO::07.06 Mostra,-0,-0,07.06 Mostra,Subalterno1,http://hdl.handle.net/11311/1044983,ITA,Microfacts,-0,-0,4,none,eng;ita,-0,-0,"Maffei, S.; Gianni, A.; Bolzan, P.; Pirovano, M.",-0
-0,2016,07 ALTRO::07.12 Altro,-0,-0,07.12 Altro,-0,http://hdl.handle.net/11311/1018796,-0,Ezio Manzini: idee e pratiche per una società cosmopolita,-0,-0,1,info:eu-repo/semantics/openAccess,-0,-0,-0,"Selloni, D.","innovazione sociale, co-design; service design"
-0,2016,07 ALTRO::07.12 Altro,-0,-0,07.12 Altro,-0,http://hdl.handle.net/11311/1019548,-0,La Porta di Milano e le Dimensioni Invisibili. Relazioni tra arte e architettura nello spazio ambiente / Invisible Dimensions at the Porta di Milano. Relationships between art and architecture in ambient space,-0,-0,1,info:eu-repo/semantics/closedAccess,-0,-0,-0,"Tibúrcio, ISA HELENA",-0
-0,2016,07 ALTRO::07.12 Altro,internazionale,-0,07.12 Altro,-0,http://hdl.handle.net/11311/1019969,-0,The Social Innovation Journey Toolbox,-0,-0,3,info:eu-repo/semantics/openAccess,-0,-0,-0,"Corubolo, Marta; Meroni, Anna; Rossi, Martina",-0
-0,2016,07 ALTRO::07.13 Progetti,-0,-0,07.13 Progetti,-0,http://hdl.handle.net/11311/1019021,-0,"Centro Commerciale ""il Centro"" - Arese",-0,-0,1,info:eu-repo/semantics/closedAccess,ita,-0,-0,"De Lucchi, M.",-0
-0,2016,07 ALTRO::07.13 Progetti,-0,-0,07.13 Progetti,-0,http://hdl.handle.net/11311/1019071,-0,The Missing Migrants Map,Londra,-0,2,none,eng,Kantar,Kantar Information is Beautiful Awards,"Pellegrini, Valerio; Mauri, Michele",-0
-0,2016,07 ALTRO::07.13 Progetti,-0,-0,07.13 Progetti,-0,http://hdl.handle.net/11311/1041126,-0,Treni Leonardo per ATM Milano - ADI Design Index 2016,Milano,-0,2,info:eu-repo/semantics/closedAccess,eng;ita,ADI Associazione per il Disegno Industriale,ADI Design Index 2016,"Dominoni, A.; Quaquaro, Benedetto",-0
-0,2016,07 ALTRO::07.13 Progetti,-0,-0,07.13 Progetti,-0,http://hdl.handle.net/11311/1041134,-0,Treni Leonardo per ATM Milano - Premio Eccellenze della Lombardia 2016,Milano,"treni leonardo, atm, transportation design",2,info:eu-repo/semantics/closedAccess,ita,Regione Lombardia,Eccellenze della Lombardia,"Dominoni, A.; Quaquaro, B.",-0
-0,2017,07 ALTRO::07.05 Esposizione,-0,I Celti di Golasecca,-0,-0,http://hdl.handle.net/11311/1050076,-0,I Celti di Golasecca,-0,-0,1,none,ita,-0,-0,"Bruno, DAVIDE MARIA",-0
-0,2017,07 ALTRO::07.06 Mostra,-0,-0,07.06 Mostra,-0,http://hdl.handle.net/11311/1022094,-0,SaloneSatellite. 20 anni di nuova creatività,-0,-0,1,-0,-0,-0,-0,Beppe Finessi,-0
-0,2017,07 ALTRO::07.06 Mostra,-0,-0,-0,-0,http://hdl.handle.net/11311/1022095,-0,Dimensione domestica. Achille e Pier Giacomo Castiglioni e una strana idea di arredamento. Atto II,-0,-0,1,none,-0,-0,-0,Beppe Finessi,-0
-0,2017,07 ALTRO::07.12 Altro,internazionale,-0,07.12 Altro,-0,http://hdl.handle.net/11311/1020016,-0,Social Innovation Community EU Project. Deliverable 4.1. Report on SIC learning principles and processes,-0,-0,3,info:eu-repo/semantics/openAccess,-0,-0,-0,"Rizzo, F.; Deserti, A.; de Pous, M.",-0
-0,2017,07 ALTRO::07.12 Altro,-0,-0,07.12 Altro,-0,http://hdl.handle.net/11311/1020020,-0,CIMULACT (Citizen and Multi-Actor Consultation on Horizon 2020): first draft of social needs based research programme scenarios. An illustrated proposal for the set of research programmes addressing the overarching social needs derived from the citizens’ visions.,-0,-0,3,info:eu-repo/semantics/closedAccess,-0,-0,-0,"Meroni, Anna; Rossi, Martina; Selloni, Daniela",-0
-0,2017,07 ALTRO::07.13 Progetti,-0,-0,07.13 Progetti,-0,http://hdl.handle.net/11311/1041173,-0,Couture in Orbit - ADI Design Index 2017,Milano,-0,1,info:eu-repo/semantics/closedAccess,eng;ita,ADI Associazione per il Disegno Industriale,ADI Design Index 2017,"Dominoni, A.",-0
-0,2017,07 ALTRO::07.13 Progetti,-0,-0,07.13 Progetti,-0,http://hdl.handle.net/11311/1041174,-0,Couture in Orbit - Premio Eccellenze della Lombardia 2017,Milano,-0,1,info:eu-repo/semantics/closedAccess,ita,Regione Lombardia,Eccellenze della Lombardia,"Dominoni, A.",-0
STAMPA,2018,07 ALTRO::07.03 Design,-0,-0,07.03 Design,"Cinisello Balsamo, Milano",http://hdl.handle.net/11311/1053286,ITA,"Maglia, Punto. Quarant'anni di tesori nascosti dell'archivio MF1",-0,-0,1,info:eu-repo/semantics/closedAccess,eng;ita,Silvana Editoriale,-0,"Gaddi, R.",-0
-0,2018,07 ALTRO::07.06 Mostra,-0,-0,07.06 Mostra,-0,http://hdl.handle.net/11311/1052994,-0,"Maglia, Punto. Quarant'anni di tesori nascosti nella storia dell'archivio MF1",-0,-0,3,info:eu-repo/semantics/closedAccess,-0,-0,-0,"Conti, G. M.; Gaddi, R.; Motta, M.",-0
