dc.type.full,dc.identifier.uri,dc.language.iso,dc.date.issued,dc.type.circulation,dc.publisher.name,dc.publisher.country,dc.publisher.place,dc.relation.ispartofbook,dc.relation.medium,dc.relation.conferenceplace,dc.relation.conferencename,dc.title,dc.subject.keywords,item.collection,item.openaireRights,dc.description.numberofauthors,dc.authority.people
07 ALTRO::07.13 Progetti,http://hdl.handle.net/11311/640518,ita;eng,1989,-,ADI - Associazione per il Disegno Industriale,-,-,-,-,Milano,Compasso d'Oro,Lampada Tolomeo,-,07.13 Progetti,none,1,"DE LUCCHI, MICHELE"
07 ALTRO::07.12 Altro,http://hdl.handle.net/11311/533539,-,1993,nazionale,-,-,-,"Paper (draft) per la ricerca MURST UdR Prodotto, progetto, ambiente",-,-,-,"Design for Assembly,","Robust design design a basso impatto ambientale. Processi, assemblaggi e disassemblaggi dei prodotti industriali.",07.12 Altro,none,1,"BRUNO, DAVIDE MARIA"
07 ALTRO::07.12 Altro,http://hdl.handle.net/11311/533734,-,1994,-,-,-,-,-,-,-,-,Il cadenzamento dell’orario ferroviario: aspetti metodologici e applicativi,-,07.12 Altro,none,3,"MAJA, ROBERTO;LIMONGELLI M.;VILLA S."
07 ALTRO::07.12 Altro,http://hdl.handle.net/11311/533704,-,1995,-,-,-,-,-,-,-,-,"Il quadro dell'offerta di trasporto, IReR - Istituto Regionale di Ricerca della Lombardia - Aggiornamento del piano regionale dei trasporti della regione Lombardia",-,07.12 Altro,none,2,"COMETTI E.;MAJA, ROBERTO"
07 ALTRO::07.12 Altro,http://hdl.handle.net/11311/533705,-,1995,-,-,-,-,-,-,-,-,Telematica nei trasporti - Stato dell'arte delle tecnologie per il trasporto guidato e per l'intermodalità,-,07.12 Altro,none,3,"MAJA, ROBERTO;GUERRA C.;CORTESE V."
07 ALTRO::07.12 Altro,http://hdl.handle.net/11311/533706,-,1995,-,-,-,-,-,-,-,-,Sistemi innovativi per l'esercizio economico delle linee ferroviarie a scarso traffico,-,07.12 Altro,none,1,"MAJA, ROBERTO"
07 ALTRO::07.12 Altro,http://hdl.handle.net/11311/533708,-,1995,-,-,-,-,-,-,-,-,Studio di simulazione del trasporto pubblico nel bacino della ferrovia Brescia-Iseo-Edolo,-,07.12 Altro,none,1,"MAJA, ROBERTO"
07 ALTRO::07.05 Esposizione,http://hdl.handle.net/11311/693106,-,1996,-,-,-,-,-,-,-,-,Esposizione: IPOTESI ECOMUSEALE PER I CAMPI FLEGREI,-,07.05 Esposizione,none,2,"PARENTE, MARINA;V. Gangemi"
07 ALTRO::07.06 Mostra,http://hdl.handle.net/11311/693108,-,1996,-,-,-,-,-,-,-,-,Mostra: IL DESIGN COME ELEMENTO STRATEGICO PER LE PICCOLE E MEDIE IMPRESE. PROPOSTE E PROGETTI DELLA SCUOLA DI SPECIALIZZAZIONE IN DISEGNO INDUSTRIALE DI NAPOLI,-,07.06 Mostra,none,3,"PARENTE, MARINA;E. Guida;R. Valente"
07 ALTRO::07.12 Altro,http://hdl.handle.net/11311/533707,-,1996,-,-,-,-,-,-,-,-,Catalogo dei sistemi innovativi di navetta automatica per la mobilità urbana,-,07.12 Altro,none,2,"MAJA, ROBERTO;GUERRA C."
07 ALTRO::07.06 Mostra,http://hdl.handle.net/11311/693110,-,1997,-,-,-,-,-,-,-,-,PROGETTO E INDUSTRIA,-,07.06 Mostra,none,3,"PARENTE, MARINA;E. Guida;R. Valente"
07 ALTRO::07.12 Altro,http://hdl.handle.net/11311/533703,-,1997,-,-,-,-,-,-,-,-,Consulenza e collaborazione per la sperimentazione di modelli di simulazione della mobilità a supporto della pianificazione regionale dei trasporti e della mobilità - Caso di studio Malpensa - Costruzione del modello di simulazione del traffico per la valutazione degli scenari alternativi,-,07.12 Altro,none,2,"MAJA, ROBERTO;DALENO M."
07 ALTRO::07.06 Mostra,http://hdl.handle.net/11311/693112,-,1998,-,-,-,-,-,-,-,-,Mostra: SOTTSSAS. 151 DISEGNI,-,07.06 Mostra,none,5,"V. Cristallo;GUIDA, FRANCESCO ERMANNO;M. Elia;A. Morone;PARENTE, MARINA"
07 ALTRO::07.06 Mostra,http://hdl.handle.net/11311/693114,-,1998,-,-,-,-,-,-,-,-,IV MOSTRA DELL’ARTIGIANATO ARTISTICO - CONTINUITA’ E INNOVAZIONE DELLA TRADIZIONE,-,07.06 Mostra,none,4,"V. Cristallo;E. Guida;A. Morone;PARENTE, MARINA"
07 ALTRO::07.12 Altro,http://hdl.handle.net/11311/533559,ita,1999,nazionale,Algraphy,ITA,Genova,"volumi guida 1, 2 a cura del DML",-,-,-,Disabilità Motoria e Lavoro: guida per orientarsi nel mondo del lavoro Vol 1 e 2,-,07.12 Altro,none,2,"A.A. V.V.;CANINA, MARIA RITA"
07 ALTRO::07.13 Progetti,http://hdl.handle.net/11311/667420,eng,1999,-,Comune di Sarajevo,-,-,-,-,"Sarajevo, Jugoslavia",Concorso internazionale di progettazione,Concorso internazionale “Sarajevo Concert Hall” Nuovo auditorium di Sarajevo,-,07.13 Progetti,none,5,"E. Avallone;L. Montuori;S. Orsi;PIERLUISI, GABRIELE;A. Sciolari"
07 ALTRO::07.12 Altro,http://hdl.handle.net/11311/533558,ita,2000,nazionale,Algraphy,ITA,Genova,AISM informa,-,-,-,La domotica: qualità degli ambienti in AAVV Disabilità Motoria e Lavoro: contributi per un agire interdisciplinare,-,07.12 Altro,none,2,"A.A. VV;CANINA, MARIA RITA"
07 ALTRO::07.12 Altro,http://hdl.handle.net/11311/565392,-,2000,-,-,-,-,-,-,-,-,Comunicazione (visiva) domani. Sperimentazione e nuovi confini,-,07.12 Altro,none,1,"GUIDA, FRANCESCO ERMANNO"
07 ALTRO::07.12 Altro,http://hdl.handle.net/11311/693515,ita,2000,nazionale,Edizioni Pananti,-,Firenze,-,-,-,-,Lionello Balestrieri e le esposizioni,tardoromanticismo di fine XIX sec; futurismo; ritorno all'ordine figurativo,07.12 Altro,none,1,"MAZZANTI, ANNA"
07 ALTRO::07.12 Altro,http://hdl.handle.net/11311/693554,ita,2000,internazionale,Maggioli,ITA,Santangelo di Romagna,-,-,-,-,“Sentieri nell’arte”. Arte ambientale in Toscana,arte ambientata; arte ambientale; scultura in spazi aperti,07.12 Altro,none,1,"MAZZANTI, ANNA"
07 ALTRO::07.13 Progetti,http://hdl.handle.net/11311/667413,ita,2000,-,Comune di Roma,-,-,-,-,"Roma, Italia",Concorso internazionale in due fasi,Concorso internazionale in due fasi “Ampliamento della Galleria Comunale d'Arte Moderna e Contemporanea. Ex-Fabbrica Peroni” a Roma.,-,07.13 Progetti,none,6,"E. Avallone;L. Montuori;R. Petrachi;S. Orsi;PIERLUISI, GABRIELE;A. Sciolari"
07 ALTRO::07.12 Altro,http://hdl.handle.net/11311/533557,ita,2001,nazionale,-,-,-,La Repubblica Salute anno 7 n. 286,-,-,-,Gamba “intelligente” cambia il passo secondo il terreno,-,07.12 Altro,none,3,"CANINA, MARIA RITA;GENNARO VERNI;PIERLUIGI VALENTINI"
07 ALTRO::07.13 Progetti,http://hdl.handle.net/11311/640519,ita;eng,2001,-,ADI - Associazione per il Disegno Industriale,-,-,-,-,Milano,Compasso d'Oro,Stampante Ink Jet Artjet 10 (XP 30),-,07.13 Progetti,none,1,"DE LUCCHI, MICHELE"
07 ALTRO::07.13 Progetti,http://hdl.handle.net/11311/667409,ita,2001,-,Europan Italia e Comune di Massa.,-,-,-,-,"Massa, Italia",Concorso Internazionale di progettazione Europan 6,"Concorso Internazionale Europan 6, “Urbanità europea e progetti strategici”, Sito di Massa, Italia.",-,07.13 Progetti,none,7,"E. Avallone;L. Montuori;M. Musmeci;R. Petrachi;S. Orsi;PIERLUISI, GABRIELE;A. Sciolari"
07 ALTRO::07.13 Progetti,http://hdl.handle.net/11311/667411,ita,2001,-,S.T.A. Comune di Roma,-,-,-,-,"Roma, Italia",Concorso internazionale di progettazione,Concorso internazionale di progettazione “Tre Parcheggi di scambio” Roma Nuovo Salario.,-,07.13 Progetti,none,7,"E. Avallone;M. Fegiz;F. Galdo;M. Musmeci;S. Orsi;PIERLUISI, GABRIELE;A. Sciolari"
07 ALTRO::07.03 Design,http://hdl.handle.net/11311/1049491,ita,2002,-,Lugo Editore,ITA,2002,Blue Industries,STAMPA,-,-,"Blue Industries: Dove nasce il futuro: design, innovazione e impresa",-,07.03 Design,info:eu-repo/semantics/closedAccess,1,davide bruno
07 ALTRO::07.12 Altro,http://hdl.handle.net/11311/533384,-,2002,internazionale,-,-,-,"DILABB, PRESENTAZIONE DEL SISTEMA DEL LABORATORI DELLA FACOLTA DEL DESIGN",-,-,-,DILABB,-,07.12 Altro,none,2,"GALBIATI, MARIA LUISA;FRANCESCO GALLI"
07 ALTRO::07.12 Altro,http://hdl.handle.net/11311/570634,-,2002,nazionale,-,-,-,-,-,-,-,I grandi progetti infrastrutturali: divergenze sui criteri di valutazione,-,07.12 Altro,none,2,"PONTI, MARCO GUIDO;A. Boitani"
07 ALTRO::07.12 Altro,http://hdl.handle.net/11311/570636,-,2002,nazionale,-,-,-,-,-,-,-,La lezione del ponte sullo Stretto,-,07.12 Altro,none,2,"PONTI, MARCO GUIDO;A. Boitani"
07 ALTRO::07.12 Altro,http://hdl.handle.net/11311/570656,-,2002,nazionale,-,-,-,-,-,-,-,Il federalismo stradale: Procedure e prime applicazioni legislative.,-,07.12 Altro,none,3,"C. Borgnolo;PONTI, MARCO GUIDO;TORTA, FABIO PIETRO"
07 ALTRO::07.12 Altro,http://hdl.handle.net/11311/691093,-,2002,nazionale,-,-,-,-,-,-,-,"Nuove tecnologie, multimedia e standard grafici per la rappresentazione digitale del territorio",-,07.12 Altro,info:eu-repo/semantics/closedAccess,1,"CECONELLO, MAURO ATTILIO"
07 ALTRO::07.13 Progetti,http://hdl.handle.net/11311/665920,ita,2002,-,Comune di Piacenza,-,-,-,-,Piacenza,"Contratto di ricerca per ""Contratto di quartiere San Giuseppe Baia del Re di Piacenza. Il controllo di qualità e la flessibilità nel progetto di riqualificazione""",Contratto di quartiere San Giuseppe Baia del Re di Piacenza. Il controllo di qualità e la flessibilità nel progetto di riqualificazione,Contratto di quartiere; Edilizia residenziale pubblica; Sistemi di qualità,07.13 Progetti,none,13,"SCHIAFFONATI, FABRIZIO;SCOCCIMARRO, ANTONIO;FANZINI, DANIELE;BIANCHI, CRISTINA;CAVALLERI, ANNA;COLLINA, LUISA MARIA VIRGINIA;M. Corò;DAGLIO, LAURA;FANTINI, ADRIANA;GINELLI, ELISABETTA;MUSSINELLI, ELENA GERMANA;M. Sancito;VITOLA, FRANCESCO"
07 ALTRO::07.13 Progetti,http://hdl.handle.net/11311/667407,ita,2002,-,Ministero per i Beni Culturali. Ente E.U.R.,-,-,-,-,"EUR, Roma, Italia",Concorso internazionale ad inviti,Concorso internazionale ad inviti per la realizzazione del “Museo dell'audiovisivo nel Palazzo della Civiltà del Lavoro all' EUR” Roma,-,07.13 Progetti,none,10,"E. Avallone;CARBONARA, GIANNI;G. Colucci;M. Fegiz;F. Galdo;M. Musmeci;S. Orsi;PIERLUISI, GABRIELE;M. sasso;A. Sciolari"
07 ALTRO::07.12 Altro,http://hdl.handle.net/11311/259638,-,2003,-,-,-,-,-,-,-,-,Proceedings of the 8th International Conference on Human Aspects of Advanced Manifacturing: Agility & Hybrid Automation,-,07.12 Altro,none,5,"BAGNARA, SEBASTIANO;S. Pozzi;A. Rizzo;RIZZO, FRANCESCA;S. Save"
07 ALTRO::07.12 Altro,http://hdl.handle.net/11311/565393,-,2003,internazionale,-,-,-,-,-,-,-,Il tempo ai tempi di internet,-,07.12 Altro,none,1,"GUIDA, FRANCESCO ERMANNO"
07 ALTRO::07.12 Altro,http://hdl.handle.net/11311/565394,-,2003,nazionale,-,-,-,-,-,-,-,Ma che strani tipi,-,07.12 Altro,none,1,"GUIDA, FRANCESCO ERMANNO"
07 ALTRO::07.12 Altro,http://hdl.handle.net/11311/570645,-,2003,nazionale,-,-,-,-,-,-,-,Alitalia: un'Italia senza ali,-,07.12 Altro,-,1,"PONTI, MARCO GUIDO"
07 ALTRO::07.12 Altro,http://hdl.handle.net/11311/570646,-,2003,nazionale,-,-,-,-,-,-,-,La leggenda del corridoio Lisbona - Kiev,-,07.12 Altro,none,1,"PONTI, MARCO GUIDO"
07 ALTRO::07.13 Progetti,http://hdl.handle.net/11311/638724,ger,2003,-,Stiftung Preussischer Kulturbesitz rappresentato da Bundesamt für Bauwesen und Raumordnung (BBR)  Projekteferat Museumsinsel,-,-,-,-,Berlino,Concorso per gli interni del Museo Egizio e Museum Preistorico,Allestimento degli interni e grafica del Neues Museum Berlino,-,07.13 Progetti,none,1,"DE LUCCHI, MICHELE"
07 ALTRO::07.13 Progetti,http://hdl.handle.net/11311/667402,ita,2003,-,Europan Italia_Comune di Bagheria,-,-,-,-,"Bagheria (PA), Italia",Concorso Internazionale Europan 7,"Concorso Internazionale Europan 7: “periferia-IN” sito di Bageria (PA), Italia",-,07.13 Progetti,none,6,"E. Avallone;M. De Angelis;G. Forte;S. Orsi;PIERLUISI, GABRIELE;A. Sciolari"
07 ALTRO::07.13 Progetti,http://hdl.handle.net/11311/667405,ita,2003,-,Istituto Zooprofilattico Sperimentale dell'Abruzzo e del Molise,-,-,-,-,"Teramo, Italia",Concorso internazionale di progettazione in due fasi,"Concorso internazionale di progettazione in due fasi “Mille idee per un concorso” per la costruzione della nuova sede dell'Istituto Zooprofilattico Sperimentale dell'Abruzzo e del Molise, Teramo.",-,07.13 Progetti,none,8,"E. Avallone;M. Cocciolito;F. Galdo;G. Lupoi;M. Musmeci;S. Orsi;PIERLUISI, GABRIELE;A. Sciolari"
07 ALTRO::07.13 Progetti,http://hdl.handle.net/11311/689382,ita,2003,-,Regione Puglia,-,-,-,-,Bari,Progettazione,Nuova Sede del Consiglio Regionale,-,07.13 Progetti,none,5,"P. Portoghesi;BLASI, CESARE;PADOVANO, GABRIELLA;NEBULONI, ATTILIO;M. Ruscelli"
07 ALTRO::07.13 Progetti,http://hdl.handle.net/11311/689384,ita,2003,-,Comune di Pontecagnano Faiano,-,-,-,-,Comune di Pontecagnano Faiano,Internazionale di progettazione,"Centro Europeo per le Creatività Emergenti - concorso internazionale ""ex Tabacchificio Centola""",-,07.13 Progetti,none,3,"BLASI, CESARE;NEBULONI, ATTILIO;PADOVANO, GABRIELLA"
07 ALTRO::07.12 Altro,http://hdl.handle.net/11311/533385,-,2004,nazionale,-,-,-,DVD MULTIMEDIALE,-,-,-,LE PROFESSIONI DELLA TELEVISIONE-LEZIONE MULTIMEDIALE IN RAI,-,07.12 Altro,none,2,"GALBIATI, MARIA LUISA;GALLI FRANCESCO"
07 ALTRO::07.12 Altro,http://hdl.handle.net/11311/533386,-,2004,internazionale,-,-,-,DVD MULTIMEDIALE ITALIANO E INGLESE,-,-,-,GRUPPO CIMBALI-FAEMA. DVD ISTITUZIONALE,-,07.12 Altro,none,2,"GALBIATI, MARIA LUISA;FRANCESCO GALLI"
07 ALTRO::07.12 Altro,http://hdl.handle.net/11311/533600,-,2004,nazionale,-,-,-,Rapporto interno,-,-,-,Studio di fattibilità per una metrotranvia in Como,-,07.12 Altro,none,4,"COLORNI VITALE, ALBERTO;D. CICCARELLI;A. LUE';D. ROSSI"
07 ALTRO::07.12 Altro,http://hdl.handle.net/11311/533601,-,2004,nazionale,-,-,-,Rapporto interno,-,-,-,Il Sistema DREAMS: Demand Responsive Extended Area Mobility Services,-,07.12 Altro,-,5,"COLORNI VITALE, ALBERTO;D. CICCARELLI;A. LUE';V. MORROCCHI;D. ROSSI"
07 ALTRO::07.13 Progetti,http://hdl.handle.net/11311/664582,ita,2004,-,Comune di Carpi. Assessorato alla cultura,-,-,-,-,Carpi - Modena,Sistema di identità visiva di Palazzo dei Pio a Carpi,Sistema di identità visiva di Palazzo dei Pio a Carpi,-,07.13 Progetti,none,1,"GUIDA, FRANCESCO ERMANNO"
07 ALTRO::07.13 Progetti,http://hdl.handle.net/11311/665878,ita,2004,-,Camera di Commercio Industria Artigianato e Agricoltura di Mantova,-,-,-,-,Oltrepò Mantovano,"Contratto di ricerca per la ""Definizione e attuazione di un Piano di marketing territoriale per l’area dell’Oltrepò Mantovano""",Piano di marketing territoriale per l’area dell’Oltrepò Mantovano,Marketing territoriale; Valorizzazione del capitale territoriale; Turismo; Comunicazione,07.13 Progetti,none,7,"SCHIAFFONATI, FABRIZIO;STEVAN, CESARE ANTONIO;MUSSINELLI, ELENA GERMANA;CASONI, GIORGIO;CELASCHI, FLAVIANO;FANZINI, DANIELE;TROCCHIANESI, RAFFAELLA"
07 ALTRO::07.13 Progetti,http://hdl.handle.net/11311/689386,ita,2004,-,Comune di Olgiate Molgora,-,-,-,-,Comune di Olgiate Molgora,Idee,Concorso di idee per un centro socio-ricreativo da realizzare sull’area pubblica denominata Nava,-,07.13 Progetti,none,5,"NEBULONI, ATTILIO;R. Bosia;T. Bosia;M. Besseghini;R. Malvestiti"
07 ALTRO::07.03 Design,http://hdl.handle.net/11311/958792,ita,2005,-,-,-,-,-,-,-,-,Picasso. La seduzione del classico,-,07.03 Design,info:eu-repo/semantics/openAccess,2,"GADDI, ROSSANA;MARIANI, CIRO"
07 ALTRO::07.12 Altro,http://hdl.handle.net/11311/533387,-,2005,internazionale,-,-,-,DVD MULTIMEDIALE ITALIANO E INGLESE,-,-,-,MANTEROMOOD.DVD MULTIMEDIALE,-,07.12 Altro,none,2,"GALBIATI, MARIA LUISA;FRANCESCO GALLI"
07 ALTRO::07.12 Altro,http://hdl.handle.net/11311/687794,-,2005,-,-,-,-,-,-,-,-,Le tecnologie dell’informazione e della comunicazione e lo sviluppo locale,-,07.12 Altro,none,2,"MANZINI, EZIO;RIZZO, FRANCESCA"
07 ALTRO::07.13 Progetti,http://hdl.handle.net/11311/638720,ita;eng,2005,-,Fondazione Giorgio Cini Onlus,-,-,-,-,Venezia,"Concorso internazionale di progettazione ""Manica Lunga, Nuova Biblioteca""",Biblioteca di Storia dell'Arte e restauro della Manica Lunga,-,07.13 Progetti,info:eu-repo/semantics/closedAccess,1,"DE LUCCHI, MICHELE"
07 ALTRO::07.13 Progetti,http://hdl.handle.net/11311/645335,deu,2005,-,iF International Forum Design,-,-,-,-,Hannover,iF Product Design Award,Sistema per ufficio MDL,design; ufficio,07.13 Progetti,info:eu-repo/semantics/closedAccess,1,"DE LUCCHI, MICHELE"
07 ALTRO::07.13 Progetti,http://hdl.handle.net/11311/667397,eng,2005,-,Europan association-city of antalya,-,-,-,-,"Antalya, Turkey",Concorso Internazionale Europan 8,"Concorso Internazionale Europan 8, “Urbanità europea e progetti strategici”, sito di Antalya, Turchia",-,07.13 Progetti,none,3,"E. Avallone;G. Forte;PIERLUISI, GABRIELE"
07 ALTRO::07.03 Design,http://hdl.handle.net/11311/958790,ita,2006,-,-,-,-,-,-,-,-,René Magritte. L'impero delle luci,-,07.03 Design,info:eu-repo/semantics/openAccess,2,"GADDI, ROSSANA;MARIANI, CIRO"
07 ALTRO::07.05 Esposizione,http://hdl.handle.net/11311/690252,ita;eng,2006,-,-,-,-,-,-,-,-,New Italian Design,Design italiano; Design; Allestimenti; Interni,07.05 Esposizione,info:eu-repo/semantics/closedAccess,3,"BRANZI, ANDREA;BIAMONTI, ALESSANDRO;Macchi D."
07 ALTRO::07.06 Mostra,http://hdl.handle.net/11311/758849,-,2006,-,-,-,-,-,-,-,-,Texture & Materials – Urban Light Walk,-,07.06 Mostra,none,1,"GEROSA, GIULIA MARIA"
07 ALTRO::07.12 Altro,http://hdl.handle.net/11311/252025,-,2006,nazionale,-,-,-,-,-,-,-,Puntare sulla gente per vendere di più,-,07.12 Altro,none,1,"ZURLO, FRANCESCO"
07 ALTRO::07.12 Altro,http://hdl.handle.net/11311/268468,-,2006,nazionale,-,-,-,-,-,-,-,New Entertainment e Design Strategico,-,07.12 Altro,none,1,"ZURLO, FRANCESCO"
07 ALTRO::07.12 Altro,http://hdl.handle.net/11311/533312,-,2006,-,-,-,-,-,-,-,-,A.D.A. Archivio Digitale di Architettura,-,07.12 Altro,none,7,"R. MINGUCCI;AMORUSO, GIUSEPPE;R. INGLESE;A. MARATA;G. BACCI;C. BARTOLOMEI;D. ANGELILLO"
07 ALTRO::07.12 Altro,http://hdl.handle.net/11311/533523,ita,2006,nazionale,-,-,-,Magazine online,-,-,-,Moda e Design: Cross Fertilization per l'innovazione,-,07.12 Altro,none,2,"CONTI, GIOVANNI MARIA;BERTOLA, PAOLA"
07 ALTRO::07.12 Altro,http://hdl.handle.net/11311/533556,ita,2006,nazionale,-,-,-,"D.A. DYNAMICAIR, la rivista per superare le barriere culturali",-,-,-,Fit-Suit: Biodesign per l’idrokinesiterapia,-,07.12 Altro,none,2,"CANINA, MARIA RITA;FERRARO, VENERE"
07 ALTRO::07.12 Altro,http://hdl.handle.net/11311/533711,ita,2006,nazionale,-,-,-,Relazione interna per il Min. dei Trasporti,-,-,-,Il trasporto delle merci pericolose in galleria,-,07.12 Altro,none,4,"MAJA, ROBERTO;RAINOLDI, GIOVANNI;ROMAN D;SALIMBENI R."
07 ALTRO::07.12 Altro,http://hdl.handle.net/11311/533712,eng,2006,internazionale,-,-,-,"Deliverable for The Alpine Convention, Transport Workgroup",-,-,-,External Cost Assessment In Transalpine Corridors,-,07.12 Altro,none,2,"MAJA, ROBERTO;D. ROMANO'"
07 ALTRO::07.13 Progetti,http://hdl.handle.net/11311/664578,eng;ita,2006,-,"Eulda Books, Cacao Design,",-,-,-,-,Milano,European Logo Design Award 2006 (EULDA 06),European Logo Design Award (EULDA 06),-,07.13 Progetti,none,1,"GUIDA, FRANCESCO ERMANNO"
07 ALTRO::07.13 Progetti,http://hdl.handle.net/11311/664580,eng,2006,-,Communication Arts Magazine,-,-,-,-,USA,47° Annual di Graphic Design,Award of Excellence «Communication Arts» (Usa),-,07.13 Progetti,none,1,"GUIDA, FRANCESCO ERMANNO"
07 ALTRO::07.13 Progetti,http://hdl.handle.net/11311/667394,ita,2006,-,Roma Metropolitane S.r.l.,-,-,-,-,"Roma, Italia","Concorso di Progettazione, Project Financing","Concorso di Progettazione, Project Financing, Metro D Roma, Fermate Ojetti e Pugliese e Nuovo Salario.",-,07.13 Progetti,none,6,"Mandataria Società Italiana per le Condotte D'acqua;Mandante Impresa Pizzarotti;C.;Responsabile del progetto Geodeta S. p. a.;G. Fioravanti;F. Galdo;PIERLUISI, GABRIELE"
07 ALTRO::07.03 Design,http://hdl.handle.net/11311/958784,ita;eng,2007,-,-,-,-,-,-,-,-,"Gli impressionisti, i simbolisti e le avanguardie. 120 capolavori dal museo nazionale di Belgrado.",-,07.03 Design,info:eu-repo/semantics/openAccess,1,"GADDI, ROSSANA"
07 ALTRO::07.05 Esposizione,http://hdl.handle.net/11311/696728,-,2007,-,-,-,-,-,-,-,-,Transforme,-,07.05 Esposizione,none,4,"CONTI, GIOVANNI MARIA;Bonapace D.;Botta F.;Burani S."
07 ALTRO::07.06 Mostra,http://hdl.handle.net/11311/692361,-,2007,-,-,-,-,-,-,-,-,"Mostra e giornata di studio: ""Lo Studio-Museo Achille Castiglioni della Triennale di Milano. Scenari di fruizione e prospettive di valorizzazione"" presso la Triennale di Milano - settembre 2007",Studio Museo Achille Castiglioni; Triennale di Milano; ricerca d.cult; design per i beni culturali,07.06 Mostra,info:eu-repo/semantics/closedAccess,3,"S. Annicchiarico;PARENTE, MARINA;SEASSARO, ALBERTO"
07 ALTRO::07.12 Altro,http://hdl.handle.net/11311/533866,eng,2007,internazionale,Univie,AUT,Vienna,-,-,-,-,Ernst von Glasersfeld and the Italian Operative School,Ricerca operativa,07.12 Altro,none,2,"PIZZOCARO, SILVIA LUISA;R. Glanville"
07 ALTRO::07.12 Altro,http://hdl.handle.net/11311/565395,-,2007,nazionale,-,-,-,-,-,-,-,La ricerca del piacere,-,07.12 Altro,none,1,"GUIDA, FRANCESCO ERMANNO"
07 ALTRO::07.12 Altro,http://hdl.handle.net/11311/667288,-,2007,nazionale,-,-,-,-,-,-,-,"Gabriele Pierluisi. Paesaggi urbani. Marte, Roma 2007-08",Paesaggio urbano; MARTE; Digitale Caldo; Pittura e disegno; Pieghe; spazio.,07.12 Altro,info:eu-repo/semantics/closedAccess,5,"Massimiliano Fuksas;Camilla Pignatti Morano;Marta Fegiz;Laura De Iudicibus;PIERLUISI, GABRIELE"
07 ALTRO::07.13 Progetti,http://hdl.handle.net/11311/667393,ita,2007,-,Comune di Roma – Assessorato alle Politiche della Programmazione e Pianificazione del Territorio – Roma Capitale – Dipartimento VI – U.O. 11 – Interventi di Qualità.,-,-,-,-,"Roma, Italia",Concorso Internazionale di progettazione a Procedura ristretta,"Concorso Internazionale di progettazione a Procedura ristretta  “MENO È PIÙ 2”, Servizi e spazi pubblici in Roma nei Programmi di Trasformazione Urbanistica. Tor Marancia Area del Divino Amore.",-,07.13 Progetti,none,6,"E. Avallone;G. Forte;M. Musmeci;S. Orsi;PIERLUISI, GABRIELE;A. Sciolari"
07 ALTRO::07.03 Design,http://hdl.handle.net/11311/958787,eng;ita,2008,-,-,-,-,-,-,-,-,"L'abbraccio di Vienna. Klimt, Schiele e i capolavori del Belvedere",-,07.03 Design,info:eu-repo/semantics/openAccess,1,"GADDI, ROSSANA"
07 ALTRO::07.05 Esposizione,http://hdl.handle.net/11311/881650,ita;eng,2008,-,ELECTA MONDADORI,ITA,Milano,Casa per tutti. Abitare la città globale,-,-,-,"Case rapide, prefabbricate, smontabili",-,07.05 Esposizione,info:eu-repo/semantics/closedAccess,1,"FERABOLI, MARIA TERESA"
07 ALTRO::07.06 Mostra,http://hdl.handle.net/11311/692358,eng;jpn,2008,-,-,-,-,-,-,-,-,"Mostra: Studio Museo Achille Castiglioni, presso Shiodome Italia Creative Center, Tokyo",Studio Museo Achille Castiglioni; ricerca d.cult; Triennale di Miano; design per i beni culturali,07.06 Mostra,info:eu-repo/semantics/closedAccess,3,"S. Annicchiarico;PARENTE, MARINA;SEASSARO, ALBERTO"
07 ALTRO::07.06 Mostra,http://hdl.handle.net/11311/925758,ita;eng,2008,-,-,-,-,-,-,-,-,"""FABIO NOVEMBRE. Insegna anche a me la libertà delle rondini"".",-,07.06 Mostra,none,1,"FINESSI, GIUSEPPE"
07 ALTRO::07.12 Altro,http://hdl.handle.net/11311/534030,ita,2008,nazionale,-,-,-,articolo su: www.laVoce.info,-,-,-,Una grande opera. Tutta da valutare,-,07.12 Altro,info:eu-repo/semantics/closedAccess,2,"PONTI, MARCO GUIDO;BERIA, PAOLO"
07 ALTRO::07.12 Altro,http://hdl.handle.net/11311/546339,-,2008,-,-,-,-,-,-,-,-,L’evoluzione dei Musei con l’Information and Communication Technology,-,07.12 Altro,info:eu-repo/semantics/closedAccess,5,"CANINA, MARIA RITA;I. Celino;E. Frumento;A. Pagani;N. Simeoni"
07 ALTRO::07.12 Altro,http://hdl.handle.net/11311/546700,-,2008,-,-,-,-,-,-,-,-,Enografie. Il design racconta i vini del Piemonte.,-,07.12 Altro,none,2,"BAULE, GIOVANNI;BUCCHETTI, VALERIA LUISA"
07 ALTRO::07.12 Altro,http://hdl.handle.net/11311/546702,-,2008,-,-,-,-,-,-,-,-,Interazioni grafico-strutturali,-,07.12 Altro,none,1,"BUCCHETTI, VALERIA LUISA"
07 ALTRO::07.12 Altro,http://hdl.handle.net/11311/546712,-,2008,-,-,-,-,-,-,-,-,Superfici (tra vista e tatto),-,07.12 Altro,none,1,"BUCCHETTI, VALERIA LUISA"
07 ALTRO::07.12 Altro,http://hdl.handle.net/11311/547523,-,2008,-,-,-,-,-,-,-,-,Ottimizzazione della raccolta dei Rifiuti di Apparecchiature Elettriche ed Elettroniche (RAEE),-,07.12 Altro,none,4,"BRUGLIERI, MAURIZIO;CATTANEO, FABIANO;COLOMBO, ANDREA;COLORNI VITALE, ALBERTO"
07 ALTRO::07.12 Altro,http://hdl.handle.net/11311/548205,-,2008,-,-,-,-,-,-,-,-,Enografie: il design dei percorsi narrativi,-,07.12 Altro,none,1,"BAULE, GIOVANNI"
07 ALTRO::07.12 Altro,http://hdl.handle.net/11311/548276,-,2008,-,-,-,-,-,-,-,-,Il futuro dell’e-learning è già passato,-,07.12 Altro,-,3,"COLORNI VITALE, ALBERTO;SANCASSANI, SUSANNA;L. Leita"
07 ALTRO::07.12 Altro,http://hdl.handle.net/11311/548486,-,2008,-,-,-,-,-,-,-,-,"Benefits and problems of e-learning, UE Committee on Culture Science and Education, Realising the full potential of e-learning at all levels of education.",-,07.12 Altro,none,1,"COLORNI VITALE, ALBERTO"
07 ALTRO::07.12 Altro,http://hdl.handle.net/11311/550760,-,2008,-,-,-,-,-,-,-,-,A passo lento nel tunnel,-,07.12 Altro,none,2,"GRIMALDI, RAFFAELE;PONTI, MARCO GUIDO"
07 ALTRO::07.12 Altro,http://hdl.handle.net/11311/550761,-,2008,-,-,-,-,-,-,-,-,E sulla Milano-Venezia i conti non tornano,-,07.12 Altro,none,2,"GRIMALDI, RAFFAELE;PONTI, MARCO GUIDO"
07 ALTRO::07.12 Altro,http://hdl.handle.net/11311/560608,-,2008,-,-,-,-,-,-,-,-,piattaforma LeNS,-,07.12 Altro,none,1,"VEZZOLI, CARLO ARNALDO"
07 ALTRO::07.12 Altro,http://hdl.handle.net/11311/634054,-,2008,nazionale,-,-,-,-,-,-,-,Leggere il contesto per orientare il progetto. Metodologie e approcci per la produzione e visualizzazione di conoscenza ad orientamento della pratica progettuale nel design della moda.,-,07.12 Altro,info:eu-repo/semantics/closedAccess,1,"COLOMBI, CHIARA"
07 ALTRO::07.12 Altro,http://hdl.handle.net/11311/689350,-,2008,-,-,-,-,-,-,-,-,Occasioni di complessità sostenibile / Opportunities of sustainable complexity - Complessità e sostenibilià: il territorio e l'architettura n. 05,-,07.12 Altro,none,5,"PADOVANO, GABRIELLA;BLASI, CESARE;NEBULONI, ATTILIO;I. Anastasio;V. Arrigoni"
07 ALTRO::07.12 Altro,http://hdl.handle.net/11311/689353,-,2008,-,-,-,-,-,-,-,-,Gli spazi della complessità / The spaces of complexity - Complessità e sostenibilià: il territorio e l'architettura n. 06,-,07.12 Altro,none,5,"PADOVANO, GABRIELLA;BLASI, CESARE;NEBULONI, ATTILIO;I. Anastasio;V. Arrigoni"
07 ALTRO::07.12 Altro,http://hdl.handle.net/11311/689354,-,2008,-,-,-,-,-,-,-,-,Tendenze della ricerca universitaria - Complessità e sostenibilià: il territorio e l'architettura n. 07,-,07.12 Altro,none,5,"PADOVANO, GABRIELLA;BLASI, CESARE;NEBULONI, ATTILIO;I. Anastasio;V. Arrigoni"
07 ALTRO::07.12 Altro,http://hdl.handle.net/11311/689355,-,2008,-,-,-,-,-,-,-,-,Oltre l'architettura convenzionale / Beyond conventional architecture - Complessità e sostenibilià: il territorio e l'architettura n. 08,-,07.12 Altro,none,5,"PADOVANO, GABRIELLA;BLASI, CESARE;NEBULONI, ATTILIO;I. Anastasio;V. Arrigoni"
07 ALTRO::07.12 Altro,http://hdl.handle.net/11311/689358,-,2008,-,-,-,-,-,-,-,-,Nuovi spazi interattivi / New interactive spaces - Complessità e sostenibilià: il territorio e l'architettura n. 09,-,07.12 Altro,none,5,"PADOVANO, GABRIELLA;BLASI, CESARE;NEBULONI, ATTILIO;I. Anastasio;V. Arrigoni"
07 ALTRO::07.13 Progetti,http://hdl.handle.net/11311/550298,ita,2008,-,"Impresa Garibaldi srl, Bari",-,-,-,-,Taranto,ad invito,Progettazione della comunicazione visiva e degli apparati comunicativi per il Museo Nazionale Archeologico di Taranto,Identità visiva; segnaletica informativa e di orientamento; sito web,07.13 Progetti,info:eu-repo/semantics/closedAccess,5,"GUIDA, FRANCESCO ERMANNO;Carla De Luca;Giovanni Dema;Nicola Scotto di Carlo;Jaana Zammer"
07 ALTRO::07.13 Progetti,http://hdl.handle.net/11311/640520,ita,2008,-,Fondazione Europea Guido Venosta,-,-,-,-,Milano,Il Ponte,Ponte di accesso al Triennale Design Museum,-,07.13 Progetti,none,1,"DE LUCCHI, MICHELE"
07 ALTRO::07.13 Progetti,http://hdl.handle.net/11311/667391,ita,2008,-,AMA - Comune di Roma,-,-,-,-,"Roma, Italia",Concorso Internazionale di Progettazione a Grado Unico Ristretto,Concorso Internazionale di Progettazione a Grado Unico Ristretto: “Amamontagnola” Roma.,-,07.13 Progetti,none,6,"E. Avallone;G. Forte;M. Musmeci;S. Orsi;PIERLUISI, GABRIELE;A. Sciolari"
07 ALTRO::07.06 Mostra,http://hdl.handle.net/11311/758847,-,2009,-,-,-,-,-,-,-,-,Time To Design,-,07.06 Mostra,none,2,"GEROSA, GIULIA MARIA;M. Berghinz"
07 ALTRO::07.06 Mostra,http://hdl.handle.net/11311/758848,-,2009,-,-,-,-,-,-,-,-,Opening Soon,-,07.06 Mostra,none,3,"GEROSA, GIULIA MARIA;COLLINA, LUISA MARIA VIRGINIA;BRANZI, ANDREA"
07 ALTRO::07.06 Mostra,http://hdl.handle.net/11311/924756,eng;ita,2009,-,-,-,-,-,-,-,-,PAOLO ULIAN 1990-2009,-,07.06 Mostra,none,1,"FINESSI, GIUSEPPE"
07 ALTRO::07.06 Mostra,http://hdl.handle.net/11311/925361,eng;ita,2009,-,-,-,-,-,-,-,-,ANGELO MANGIAROTTI SCOLPIRE/COSTRUIRE,-,07.06 Mostra,none,1,"FINESSI, GIUSEPPE"
07 ALTRO::07.06 Mostra,http://hdl.handle.net/11311/925756,ita;eng,2009,-,-,-,-,-,-,-,-,ALESSANDRO MENDINI,-,07.06 Mostra,none,1,"FINESSI, GIUSEPPE"
07 ALTRO::07.06 Mostra,http://hdl.handle.net/11311/925757,eng;ita,2009,-,-,-,-,-,-,-,-,PIO MANZU'. Quando il mondo era moderno.,-,07.06 Mostra,none,3,"Giacinto Di Pietrantonio;Enrico Leonardo Fagone;FINESSI, GIUSEPPE"
07 ALTRO::07.12 Altro,http://hdl.handle.net/11311/563684,-,2009,-,-,-,-,-,-,-,-,Propsettive di design per i servizi Mobile secondo l'approccio User Centred,-,07.12 Altro,none,2,"PILLAN, MARGHERITA;RIZZO, FRANCESCA"
07 ALTRO::07.12 Altro,http://hdl.handle.net/11311/564940,-,2009,internazionale,-,-,-,-,-,-,-,Design Per. L'ambiente,-,07.12 Altro,none,2,"GUIDA, FRANCESCO ERMANNO;Chia G."
07 ALTRO::07.12 Altro,http://hdl.handle.net/11311/565390,-,2009,internazionale,-,-,-,-,-,-,-,The Identity of Cultural Heritages between Real and Virtual. New Languages and Virtuous Devices in the Age of Transition.,-,07.12 Altro,none,1,"GUIDA, FRANCESCO ERMANNO"
07 ALTRO::07.13 Progetti,http://hdl.handle.net/11311/1019069,eng,2009,-,R/GA,-,-,-,-,New York,R/GA Mobile Music Challenge,Freesbe: Free sound diffusion,-,07.13 Progetti,none,4,"MAURI, MICHELE;Desiato, Andrea;Paolo, Dusi;Napoli, Mauro"
07 ALTRO::07.13 Progetti,http://hdl.handle.net/11311/563693,eng,2009,-,SIGGRAPH 2009,-,-,-,-,"New Orleans, Louisiana, USA",Emerging Technologies,Citymurmur,Media; news; city; cartography; mapping; communication design; urban space,07.13 Progetti,none,7,"QUAGGIOTTO, MARCO;CAVIGLIA, GIORGIO;GRAFFIETI, MICHELE;S. Granados Lopez;D. Guido;RICCI, DONATO;SCAGNETTI, GAIA"
07 ALTRO::07.13 Progetti,http://hdl.handle.net/11311/564313,ita;eng,2009,-,ADI - Associazione per l Disegno Industriale,-,-,-,-,Milano,ADI INDEX 2000 - Compasso d'Oro,DRM - Design Research Maps,Design Research; Maps; Academic Design Research,07.13 Progetti,none,4,"BERTOLA, PAOLA;MAFFEI, STEFANO;BIANCHINI, MASSIMO;VILLARI, BEATRICE"
07 ALTRO::07.13 Progetti,http://hdl.handle.net/11311/640516,ita,2009,-,-,-,-,-,-,-,-,"Il Ponte della Pace, Tbilisi (Georgia)",-,07.13 Progetti,none,1,"DE LUCCHI, MICHELE"
07 ALTRO::07.13 Progetti,http://hdl.handle.net/11311/693509,ita;eng,2009,-,PAD magazine online,-,-,-,-,on line - Turchia,Mediterranean Design. Tra presente e futuro,Mediterranean Design. Tra presente e futuro,Design; Mediterraneo; visul design; product design; fotografia; designer,07.13 Progetti,none,2,"FERRARA, MARIA RITA;C. Ferrara"
07 ALTRO::07.03 Design,http://hdl.handle.net/11311/958788,ita;eng,2010,-,-,-,-,-,-,-,-,Rubens e i fiamminghi,-,07.03 Design,info:eu-repo/semantics/openAccess,1,"GADDI, ROSSANA"
07 ALTRO::07.06 Mostra,http://hdl.handle.net/11311/758842,-,2010,-,-,-,-,-,-,-,-,BiNOMi – Biennale Nord Ovest Milano,-,07.06 Mostra,none,1,"GEROSA, GIULIA MARIA"
07 ALTRO::07.06 Mostra,http://hdl.handle.net/11311/924758,eng;ita,2010,-,-,-,-,-,-,-,-,GIOVANNI LEVANTI,-,07.06 Mostra,none,1,"FINESSI, GIUSEPPE"
07 ALTRO::07.12 Altro,http://hdl.handle.net/11311/574586,-,2010,nazionale,-,-,-,-,-,-,-,Nel tunnel dell'Alta Velocità,alta velocità; ferrovie; analisi costi benefici; ex-post,07.12 Altro,info:eu-repo/semantics/closedAccess,3,"BERIA, PAOLO;GRIMALDI, RAFFAELE;PONTI, MARCO GUIDO"
07 ALTRO::07.12 Altro,http://hdl.handle.net/11311/582027,-,2010,nazionale,-,-,-,-,-,-,-,L'impatto delgi ITS per la riduzione di CO2,-,07.12 Altro,info:eu-repo/semantics/closedAccess,3,"STUDER, LUCA PASINO;V. Mauro"
07 ALTRO::07.12 Altro,http://hdl.handle.net/11311/583074,-,2010,internazionale,-,-,-,-,-,-,-,Italian Light Contract,-,07.12 Altro,none,1,"TURINETTO, MARCO"
07 ALTRO::07.12 Altro,http://hdl.handle.net/11311/585672,-,2010,internazionale,-,-,-,-,-,-,-,Choosing between ecology awareness and business,-,07.12 Altro,none,1,"TURINETTO, MARCO"
07 ALTRO::07.12 Altro,http://hdl.handle.net/11311/585673,-,2010,internazionale,-,-,-,-,-,-,-,Light for a new product identity,-,07.12 Altro,none,1,"TURINETTO, MARCO"
07 ALTRO::07.12 Altro,http://hdl.handle.net/11311/585674,-,2010,internazionale,-,-,-,-,-,-,-,"Lighting ethics, enviroment",-,07.12 Altro,none,1,"TURINETTO, MARCO"
07 ALTRO::07.12 Altro,http://hdl.handle.net/11311/585675,-,2010,internazionale,-,-,-,-,-,-,-,"Individualised Consumption: is the future industry ready for a complex, higly-differentiated market ?",-,07.12 Altro,none,1,"TURINETTO, MARCO"
07 ALTRO::07.12 Altro,http://hdl.handle.net/11311/585676,-,2010,internazionale,-,-,-,-,-,-,-,On living well in today's enviroments,-,07.12 Altro,none,1,"TURINETTO, MARCO"
07 ALTRO::07.12 Altro,http://hdl.handle.net/11311/692963,-,2010,nazionale,-,-,-,-,-,-,-,A Moda projectada,-,07.12 Altro,info:eu-repo/semantics/closedAccess,1,"COLOMBI, CHIARA"
07 ALTRO::07.13 Progetti,http://hdl.handle.net/11311/583357,eng;ita;chi,2010,-,Ministero per l'Innovazione e la Pubblica Amministrazione,-,-,-,-,Italia,Italia degli Innovatori,100 virtuous cities,-,07.13 Progetti,none,3,"PICCINNO, GIOVANNA;LEGA, ELISA;FASSI, DAVIDE"
07 ALTRO::07.13 Progetti,http://hdl.handle.net/11311/583358,eng;ita,2010,-,ADI Associazione per il Disegno Industriale,-,-,-,-,Roma,Premio Compasso d'Oro,100 virtuous cities,-,07.13 Progetti,none,3,"PICCINNO, GIOVANNA;LEGA, ELISA;FASSI, DAVIDE"
07 ALTRO::07.13 Progetti,http://hdl.handle.net/11311/640515,ita,2010,-,Governo Italiano,-,-,-,-,Roma,Premio Nazionale per l’Innovazione,Parquet Medoc,product design,07.13 Progetti,info:eu-repo/semantics/closedAccess,1,"DE LUCCHI, MICHELE"
07 ALTRO::07.13 Progetti,http://hdl.handle.net/11311/662288,ita,2010,-,Fondazione Roma,-,-,-,-,Roma,di idee,Il progetto illuminotecnico per la Mostra di Hopper a Roma,Illuminotecnica; Illuminazione Opere d'Arte; Edward Hopper,07.13 Progetti,info:eu-repo/semantics/closedAccess,1,"MURANO, FRANCESCO"
07 ALTRO::07.13 Progetti,http://hdl.handle.net/11311/693098,ita,2010,-,"COMUNE DI SARNICO
Provincia di Bergamo",-,-,-,-,Sarnico,CONCORSO D’IDEE,"CONCORSO D’IDEE
PER LA PROGETTAZIONE DI PIAZZA XX SETTEMBRE E DEGLI SPAZI ANNESSI",-,07.13 Progetti,none,4,"GEROSA, GIULIA MARIA;D. Fumagalli;G. Lassandro;D. Prinzo"
07 ALTRO::07.13 Progetti,http://hdl.handle.net/11311/693100,ita,2010,-,Comune di Villagrande Strisaili,-,-,-,-,Villagrande Strisaili (OG),idee finalizzato all’acquisizione di una proposta ideativa in merito alla riqualificazione della piazza Sennorigau in Villagrande Strisaili,Concorso di idee finalizzato all’acquisizione di una proposta ideativa in merito alla riqualificazione della piazza Sennorigau in Villagrande Strisaili,-,07.13 Progetti,none,4,"GEROSA, GIULIA MARIA;G. LAssandro;D. Fumagalli;D. Prinzo"
07 ALTRO::07.03 Design,http://hdl.handle.net/11311/958783,ita;eng,2011,-,-,-,-,-,-,-,-,Boldini e la Belle Epoque,-,07.03 Design,info:eu-repo/semantics/openAccess,1,"GADDI, ROSSANA"
07 ALTRO::07.06 Mostra,http://hdl.handle.net/11311/766135,eng;ita,2011,-,"Galleria Subalterno1, Via Conte Rosso 22, MIlano",-,-,-,-,-,-,Autoproduzioni Italiane,-,07.06 Mostra,none,3,"MAFFEI, STEFANO;GIANNI, ANDREA ENRICO;BOLZAN, PATRIZIA"
07 ALTRO::07.06 Mostra,http://hdl.handle.net/11311/924757,-,2011,-,-,-,-,-,-,-,-,DI VASO IN FIORE,-,07.06 Mostra,none,1,"FINESSI, GIUSEPPE"
07 ALTRO::07.12 Altro,http://hdl.handle.net/11311/583475,-,2011,nazionale,-,-,-,-,-,-,-,L’unità d’Italia: testimonianze risorgimentalinei musei e nel territorio della Toscana,unità; risorgimento; arte,07.12 Altro,info:eu-repo/semantics/closedAccess,1,"MAZZANTI, ANNA"
07 ALTRO::07.12 Altro,http://hdl.handle.net/11311/586879,-,2011,internazionale,-,-,-,-,-,-,-,"Arena Models. Deliverable 2.1 for Periheria project, Grant Agreement number: 271015",-,07.12 Altro,none,2,"CONCILIO, GRAZIA;RIZZO, FRANCESCA"
07 ALTRO::07.12 Altro,http://hdl.handle.net/11311/586880,-,2011,-,-,-,-,-,-,-,-,Deliverable 2.1: Scenarios description. Deliverable for the European Project Life 2.0 LIFE 2.0Geographical positioning services to support independent living and social interaction of elderly people ICT-PSP-270965,-,07.12 Altro,none,3,"RIZZO, FRANCESCA;COSTA, FIAMMETTA CARLA ENRICA;Oliva S."
07 ALTRO::07.12 Altro,http://hdl.handle.net/11311/605088,-,2011,internazionale,-,-,-,-,-,-,-,Esposizione personale: PARIS_PLIS  Gabriele Pierluisi a cura di Martina Cavallarin.  Parigi dal 03-02-2011 al 03-03-2011,città; paesaggio urbano; design; paesaggio; pittura; pittura digitale; spazio; 3D e 2D.,07.12 Altro,info:eu-repo/semantics/closedAccess,1,"PIERLUISI, GABRIELE"
07 ALTRO::07.12 Altro,http://hdl.handle.net/11311/631194,-,2011,internazionale,-,-,-,-,-,-,-,Good Idea + Good Design = Good Service ? Learning how to evaluate Service Design,-,07.12 Altro,none,3,"MAFFEI, STEFANO;E. Pacenti;VILLARI, BEATRICE"
07 ALTRO::07.12 Altro,http://hdl.handle.net/11311/634053,-,2011,internazionale,-,-,-,-,-,-,-,Natural Fashion. From symbolic to cognitive innovation through crafts and design,-,07.12 Altro,info:eu-repo/semantics/closedAccess,1,"COLOMBI, CHIARA"
07 ALTRO::07.12 Altro,http://hdl.handle.net/11311/644331,-,2011,nazionale,-,-,-,-,-,-,-,"Brevetto, Design e ""forma del tempo"". I brevetti nella storia del design italiano",-,07.12 Altro,info:eu-repo/semantics/closedAccess,1,"BOSONI, GIAMPIERO"
07 ALTRO::07.12 Altro,http://hdl.handle.net/11311/660634,-,2011,-,-,-,-,-,-,-,-,Dust: A Visualization Tool Supporting Parents’ School-Choice Evaluation Process,cartography; Data visualization; Decision Support Systems; Open Data,07.12 Altro,info:eu-repo/semantics/closedAccess,6,"AZZI, MATTEO;CAVIGLIA, GIORGIO;RICCI, DONATO;CIUCCARELLI, PAOLO;Emanuele Bonetti;Loredana Bontempi"
07 ALTRO::07.12 Altro,http://hdl.handle.net/11311/693234,-,2011,nazionale,-,-,-,-,-,-,-,NUTRIRE MILANO. Seconda annualità del progetto - Relazione al bilancio.,Service Design; Strategic Design; Sustainable development,07.12 Altro,none,9,"MERONI, ANNA;SIMEONE, GIULIA;CORUBOLO, MARTA;D. Cantu;PIREDDA, FRANCESCA;A. Arossa;P. Bolzacchini;A. Cecchini;E. Nasuelli"
07 ALTRO::07.12 Altro,http://hdl.handle.net/11311/693286,-,2011,internazionale,-,-,-,-,-,-,-,Smart Citizens community directory. Deliverable 3.1.1 Progetto europeo Peripheria,-,07.12 Altro,none,3,"CONCILIO, GRAZIA;RIZZO, FRANCESCA;e.t. alii"
07 ALTRO::07.12 Altro,http://hdl.handle.net/11311/693292,-,2011,internazionale,-,-,-,-,-,-,-,Sociable Housing,Service Design,07.12 Altro,none,2,"MERONI, ANNA;FERRI, GIORDANA"
07 ALTRO::07.13 Progetti,http://hdl.handle.net/11311/634267,ita,2011,-,La mostra è stata patrocinata dagli Istituti del Castello Sforzesco e finanziata dalla Fondazione CARIPLO,-,-,-,-,Milano,La ricerca e la mostra sono state selezionate da Fondazione Cariplo per il suo finannziamento,"Per l'Esposizione, mi raccomando...! Milano e l’Esposizione internazionale del Sempione del 1906 nei documenti del Castello Sforzesco",-,07.13 Progetti,none,3,"G. Botti;CORDERA, PAOLA;RICCI, GIULIANA"
07 ALTRO::07.13 Progetti,http://hdl.handle.net/11311/640521,ita,2011,-,US-Ufficiostile,-,-,-,-,Milano,US-Award,Uffici del Triennale Design Museum,-,07.13 Progetti,none,1,"DE LUCCHI, MICHELE"
07 ALTRO::07.13 Progetti,http://hdl.handle.net/11311/641342,ita,2011,-,US-Ufficiostile,-,-,-,-,Milano,US-Award,Filiali Superflash Intesa Sanpaolo,-,07.13 Progetti,none,1,"DE LUCCHI, MICHELE"
07 ALTRO::07.13 Progetti,http://hdl.handle.net/11311/667212,ita,2011,-,"Assimpredil Ance , Federlegnoarredo , INARCH Lombardia , Ordine degli architetti pianificatori paesaggisti e conservatori della provincia di Milano , Comune di Milano",-,-,-,-,Milano,europeo,Housing Contest - Bando europeo per la formazione di un Repertorio di progetti per edifici residenziali ad alte prestazioni e basso costo,-,07.13 Progetti,none,14,"BELLINI, OSCAR EUGENIO;SCOCCIMARRO, ANTONIO;DAGLIO, LAURA;DALL'O', GIULIANO;SARTO, LUCA;SANNA, NICOLA;E. Pili;A. Morettini;S. Lugano;DLC s. r. l.;COLLINA, LUISA MARIA VIRGINIA;GEROSA, GIULIA MARIA;T. Belletti;P. Catena"
07 ALTRO::07.13 Progetti,http://hdl.handle.net/11311/693096,ita,2011,-,"CITTA DI TORTOLI’
PROVINCIA OGLIASTRA",-,-,-,-,Arbatax,Concorso nazionale per INTERVENTI DI RIQUALIFICAZIONE PAESAGGISTICO – AMBIENTALE ED ARCHITETTONICA DEL PIAZZALE SCOGLI ROSSI AD ARBATAX,"Concorso nazionale per ""INTERVENTI DI RIQUALIFICAZIONE PAESAGGISTICO – AMBIENTALE ED ARCHITETTONICA DEL PIAZZALE SCOGLI ROSSI AD ARBATAX""",-,07.13 Progetti,none,6,"DAGLIO, LAURA;GEROSA, GIULIA MARIA;D. Fumagalli;G. Lassandro;A. Loi;LANZAROTTI, GRETA"
07 ALTRO::07.13 Progetti,http://hdl.handle.net/11311/693500,ita;spa;eng,2011,-,PAD magazine (www.palermodesign.it),-,-,-,-,on line - premiazione a Barcelona,"Design Mediterraneo | Mediterranean Design, 2011","Design Mediterraneo | Mediterranean Design, 2011",Design; Mediterraneo; product design; visual design; fotografia; scenari futuri; sviluppo economico,07.13 Progetti,info:eu-repo/semantics/closedAccess,2,"FERRARA, MARIA RITA;A. Calvera"
07 ALTRO::07.13 Progetti,http://hdl.handle.net/11311/765540,ita,2011,-,-,-,-,-,-,-,-,"Servizi alla visita dell'area archeologica di competenza SAR, Roma",-,07.13 Progetti,info:eu-repo/semantics/closedAccess,1,"DE LUCCHI, MICHELE"
07 ALTRO::07.13 Progetti,http://hdl.handle.net/11311/766431,eng;ita,2011,-,ADI - Associazione Design Italiano,-,-,-,STAMPA,MILANO / ROMA,TARGA GIOVANI – XXII COMPASSO D'ORO ADI 2011,"Design sul filo della tradizione. Strategie e strumenti di valorizzazione di competenze e culture locali 

Design on the thread of tradition. Strategies and instruments to exploit local skills and culture in the textile industry",design; craft; material culture; local know how; knowledge-based production; production of value,07.13 Progetti,info:eu-repo/semantics/closedAccess,1,"VACCA, FEDERICA"
07 ALTRO::07.13 Progetti,http://hdl.handle.net/11311/959229,ita,2011,-,Politecnico di Milano,-,-,-,-,Milano,Identità visiva,Progetto dell'identità visiva per il centocinquantesimo anniversario del Politecnico di Milano.,Brand design; Corporate Identity; immagine coordinata per territorio e istituzioni culturali; politecnico di milano,07.13 Progetti,info:eu-repo/semantics/closedAccess,1,"TOLINO, UMBERTO"
07 ALTRO::07.03 Design,http://hdl.handle.net/11311/703930,eng,2012,-,-,-,-,Street Furniture. Premio Lissone Design 2011,-,-,-,Green Connection,-,07.03 Design,none,5,"VIGNATI, ARIANNA;MANZONI, ALBERTO;LOLLIO, VALENTINA;RIVIECCIO, VALENTINA;CARAMAGNO, MARINA"
07 ALTRO::07.03 Design,http://hdl.handle.net/11311/958789,-,2012,-,-,-,-,-,-,-,-,La dinastia Brueghel,-,07.03 Design,info:eu-repo/semantics/closedAccess,1,"GADDI, ROSSANA"
07 ALTRO::07.03 Design,http://hdl.handle.net/11311/958793,ita;eng,2012,-,-,-,-,-,-,-,-,Brueghel. Meraviglie dell'arte fiamminga,-,07.03 Design,info:eu-repo/semantics/openAccess,1,"GADDI, ROSSANA"
07 ALTRO::07.04 Performance,http://hdl.handle.net/11311/731383,-,2012,-,-,-,-,-,-,-,-,ARPA DI LUCE,-,07.04 Performance,info:eu-repo/semantics/closedAccess,3,"MURANO, FRANCESCO;Gianpietro Grossi;Pietro Pirelli"
07 ALTRO::07.04 Performance,http://hdl.handle.net/11311/731384,-,2012,-,-,-,-,-,-,-,-,ARPA DI LUCE ALLA NOTTE DEI RICERCATORI A MANTOVA,-,07.04 Performance,info:eu-repo/semantics/closedAccess,3,"MURANO, FRANCESCO;Gianpietro Grossi;Pietro Pirelli"
07 ALTRO::07.06 Mostra,http://hdl.handle.net/11311/686870,-,2012,-,-,-,-,-,-,-,-,Fabio Bortolani. My way,-,07.06 Mostra,none,1,"MAFFEI, STEFANO"
07 ALTRO::07.06 Mostra,http://hdl.handle.net/11311/692658,-,2012,-,-,-,-,-,-,-,-,"Censimento delle architetture Liberty nel territorio di Varese, Area nord, sentiero 10",-,07.06 Mostra,info:eu-repo/semantics/closedAccess,5,"ANZANI, ANNA;CONDOLEO, PAOLA;Baila A.;CARAMEL, CLAUDIA;GUARISCO, MARGHERITA"
07 ALTRO::07.06 Mostra,http://hdl.handle.net/11311/731377,-,2012,-,-,-,-,-,-,-,-,LUCI SULLE MURA,-,07.06 Mostra,none,1,"MURANO, FRANCESCO"
07 ALTRO::07.06 Mostra,http://hdl.handle.net/11311/766134,eng;ita,2012,-,"Galleria Subalterno1, Via Conte Rosso 22, MIlano",-,-,-,-,-,-,Analogico/Digitale,-,07.06 Mostra,none,2,"MAFFEI, STEFANO;S. Micelli;BOLZAN, PATRIZIA;M. Pirovano;A. Gianni"
07 ALTRO::07.08 Prototipo d'arte e relativi progetti,http://hdl.handle.net/11311/731378,-,2012,-,-,-,-,-,-,-,-,Magic Thinks,MATERIALI FOTOLUMINESCENTI,07.08 Prototipo d'arte e relativi progetti,info:eu-repo/semantics/closedAccess,2,"MURANO, FRANCESCO;Fenoglio N."
07 ALTRO::07.08 Prototipo d'arte e relativi progetti,http://hdl.handle.net/11311/731385,-,2012,-,-,-,-,-,-,-,-,LASER PENDULUM,-,07.08 Prototipo d'arte e relativi progetti,info:eu-repo/semantics/closedAccess,3,"MURANO, FRANCESCO;Gianpietro Grossi;Pietro Pirelli"
07 ALTRO::07.09 Cartografia,http://hdl.handle.net/11311/1019572,ita,2012,-,Ente Parco Campo dei Fiori,ITA,Varese,-,STAMPA,-,-,Viaggiando Liberty. Percorsi di architettura lungo I sentieri del parco. Mappa tematica,"Campo dei Fiori, Liberty, bellezza, itinerari",07.09 Cartografia,info:eu-repo/semantics/closedAccess,5,"ANZANI, ANNA;BAILA, ANGELA;CARAMEL, CLAUDIA;GUARISCO, MARGHERITA;Pozzi G."
07 ALTRO::07.12 Altro,http://hdl.handle.net/11311/642963,-,2012,-,-,-,-,-,-,-,-,Complessita' e Sostenibilita' nel Progetto - 1/2012 gennaio-marzo 2012,-,07.12 Altro,none,1,"NEBULONI, ATTILIO"
07 ALTRO::07.12 Altro,http://hdl.handle.net/11311/652136,-,2012,-,-,-,-,-,-,-,-,Complessita' e Sostenibilita' nel Progetto - 2/2012 aprile-giugno 2012,-,07.12 Altro,none,1,"NEBULONI, ATTILIO"
07 ALTRO::07.12 Altro,http://hdl.handle.net/11311/664624,-,2012,-,-,-,-,-,-,-,-,Catalogo Salone Satellite 2012,-,07.12 Altro,none,2,"MAFFEI, STEFANO;S. Legrenzi"
07 ALTRO::07.12 Altro,http://hdl.handle.net/11311/667247,-,2012,internazionale,-,-,-,-,-,-,-,"Esposizione personale di disegni d'architettura, design città",Disegni; città; acquarello; tecniche miste; Rouen.,07.12 Altro,info:eu-repo/semantics/closedAccess,1,"PIERLUISI, GABRIELE"
07 ALTRO::07.12 Altro,http://hdl.handle.net/11311/669783,-,2012,-,-,-,-,-,-,-,-,Complessita' e Sostenibilita' nel Progetto - 3/2012 luglio-settembre 2012,-,07.12 Altro,none,1,"NEBULONI, ATTILIO"
07 ALTRO::07.12 Altro,http://hdl.handle.net/11311/686423,-,2012,-,-,-,-,-,-,-,-,Complessita' e Sostenibilita' nel Progetto - 4/2012 ottobre-dicembre 2012.,-,07.12 Altro,none,1,"NEBULONI, ATTILIO"
07 ALTRO::07.12 Altro,http://hdl.handle.net/11311/693222,-,2012,internazionale,-,-,-,-,-,-,-,"EC project ""SPREAD - Sustainable Lifestyles 2050
Deliverable 3.1: ""Visual material presenting emerging best practices and emerging visions on sustainable lifestyles""",Sustainable development; Social innovation; Service design; Strategic design,07.12 Altro,none,4,"MERONI, ANNA;PIREDDA, FRANCESCA;JEGOU, FRANCOIS;CORUBOLO, MARTA"
07 ALTRO::07.12 Altro,http://hdl.handle.net/11311/693227,-,2012,internazionale,-,-,-,-,-,-,-,"EC project ""SPREAD - Sustainable Lifestyles 2050
Deliverable 3.2: ""EUROPEAN POLICY BRIEF. Emerging Visions for Future Sustainable Lifestyles 2050""",Policy brief; Sustainable development; Strategic Design; Social Innovation,07.12 Altro,none,2,"MERONI, ANNA;CORUBOLO, MARTA"
07 ALTRO::07.12 Altro,http://hdl.handle.net/11311/693238,-,2012,nazionale,-,-,-,-,-,-,-,NUTRIRE MILANO.  Relazione conclusiva anno 2011,Service Design; Strategic Design; Sustainable development,07.12 Altro,none,14,"MERONI, ANNA;SIMEONE, GIULIA;CORUBOLO, MARTA;D. Cantu;PIREDDA, FRANCESCA;A. Arossa;P. Bolzacchini;A. Cecchini;E. Nasuelli;C. Fiorani;P. Corvo;P. Grimaldi;P. Migliorini;B. Scaltriti"
07 ALTRO::07.12 Altro,http://hdl.handle.net/11311/693262,-,2012,internazionale,-,-,-,-,-,-,-,"European Lifestyles. The future issue.
EC project ""SPREAD - Sustainable Lifestyles 2050",Service Design; Strategic Design; Sustainable development,07.12 Altro,none,25,"MERONI, ANNA;PIREDDA, FRANCESCA;JEGOU, FRANCOIS;CORUBOLO, MARTA;C. Hicks;N. Bruggermann;R. Groezinger;S. Thorne;L. Rijnhout;S. Lorek;S. Goicoechea;A. Neuvonen;M. Ritola;S. Lahteenoja;K. Straver;M. Uyterlinde;C. Tigchelaar;B. Schaefer;G. Salvador;C. Chiotan;C. Costongs;O. Monts;JEGOU, FRANCOIS;P. Szuppinger;E. Csobod"
07 ALTRO::07.12 Altro,http://hdl.handle.net/11311/693267,-,2012,internazionale,-,-,-,-,-,-,-,Use cases and requirements list,-,07.12 Altro,none,4,"RIZZO, FRANCESCA;S. Oliva;COSTA, FIAMMETTA CARLA ENRICA;e.t. alii"
07 ALTRO::07.12 Altro,http://hdl.handle.net/11311/693936,-,2012,-,-,-,-,-,-,-,-,"Deliverable 5.2.1 Progetto Peripheria.
 Pilots scenarios (initial version)",-,07.12 Altro,none,3,"CONCILIO, GRAZIA;RIZZO, FRANCESCA;e.t. alii"
07 ALTRO::07.12 Altro,http://hdl.handle.net/11311/693937,-,2012,-,-,-,-,-,-,-,-,D 3.2.1 Training and learning report (initial version). Deliverable progetto europeo Peripheria,-,07.12 Altro,none,3,"CONCILIO, GRAZIA;RIZZO, FRANCESCA;e.t. alii"
07 ALTRO::07.12 Altro,http://hdl.handle.net/11311/762464,-,2012,internazionale,-,-,-,-,-,-,-,Exotic orientation systems as gameplay devices,Games; Percepion; Illusions; Orientation; Procedural Rehtoric,07.12 Altro,info:eu-repo/semantics/closedAccess,3,"RIGHI RIVA, PIETRO;VITALI, ANNAMARIA ANDREA;PILLAN, MARGHERITA"
07 ALTRO::07.12 Altro,http://hdl.handle.net/11311/825730,-,2012,internazionale,-,-,-,-,-,-,-,Atelier 2.0. How Web 2.0 enables new creative models to innovate in fashion,-,07.12 Altro,info:eu-repo/semantics/closedAccess,2,"COLOMBI, CHIARA;TOLINO, UMBERTO"
07 ALTRO::07.13 Progetti,http://hdl.handle.net/11311/1019062,eng;ita,2012,-,Kantar,-,-,-,ELETTRONICO,Londra,Kantar Information is Beautiful Awards,Cover mania,-,07.13 Progetti,none,1,"MAURI, MICHELE"
07 ALTRO::07.13 Progetti,http://hdl.handle.net/11311/667388,ita,2012,-,Presidenza del Consiglio dei Ministri. Commissario Delegato per la Ricostruzione (Ufficio del Vicecommissario delegato per la tutela dei Beni Culturali).,-,-,-,-,"San Gregorio (Aq), Italia",di progettazione,"Concorso di idee per la ricostruzione della “Chiesa di san Gregorio Magno” (AQ), Italia.",-,07.13 Progetti,info:eu-repo/semantics/closedAccess,12,"P. Rocchi;D. Groos;DOCCI, MARIO;C. Bianchini;A. Roca De Amicis;D. Esposito;C. Bartolozzi;BRUSCHI, ANDREA;M. Gaiani;G. Santi;D. Casertano;PIERLUISI, GABRIELE"
07 ALTRO::07.13 Progetti,http://hdl.handle.net/11311/669549,por,2012,-,Universidade Federal do Paraná,-,-,-,-,Curitiba,progettazione preliminare,Concurso Público Nacional de anteprojetos de arquitetura para o Campus Cabral da Universidade Federal do Paraná – Curitiba,-,07.13 Progetti,none,6,"R. Righi;NEBULONI, ATTILIO;B. Carreño;B. R. Padovano;BLASI, CESARE;PADOVANO, GABRIELLA"
07 ALTRO::07.13 Progetti,http://hdl.handle.net/11311/764739,ita,2012,-,-,-,-,-,-,-,-,"Fondazione Giorgio Cini. Restauro del Cenacolo Palladiano, Venezia",-,07.13 Progetti,info:eu-repo/semantics/closedAccess,1,"DE LUCCHI, MICHELE"
07 ALTRO::07.13 Progetti,http://hdl.handle.net/11311/765541,ita,2012,-,ADI - Associazione per il Disegno Industriale,-,-,-,-,Milano,ADI Design Index 2013,"Gallerie d'Italia - Piazza Scala, Milano",-,07.13 Progetti,info:eu-repo/semantics/closedAccess,1,"DE LUCCHI, MICHELE"
07 ALTRO::07.13 Progetti,http://hdl.handle.net/11311/765542,kat,2012,-,--,-,-,-,-,--,--,"Public Service Hall, Marneuli (Georgia)",-,07.13 Progetti,info:eu-repo/semantics/closedAccess,1,"DE LUCCHI, MICHELE"
07 ALTRO::07.13 Progetti,http://hdl.handle.net/11311/765544,ita,2012,-,-,-,-,-,-,-,-,Triennale di Milano. Restauro dello scalone d'onore e accesso al Teatro dell'Arte,-,07.13 Progetti,info:eu-repo/semantics/closedAccess,1,"DE LUCCHI, MICHELE"
07 ALTRO::07.13 Progetti,http://hdl.handle.net/11311/765545,ita,2012,-,Associazione culturale plana,-,-,-,-,Milano,GrandesignEtico International Award 2012,Pannello fonoassorbente Mitesco per Caimi Brevetti,-,07.13 Progetti,info:eu-repo/semantics/closedAccess,1,"DE LUCCHI, MICHELE"
07 ALTRO::07.13 Progetti,http://hdl.handle.net/11311/983751,eng,2012,-,PLDA - Professional Lighting Designers’ Association,-,-,-,ELETTRONICO,"Wismar, Germany",2012 Vox Juventa on the occasion of the Light Symposium,"Atlas of Urban Lighting Experience 2.0- Concorso internazionale ""VOX JUVENTA 2012 - Light Symposium in Wismar, Germany"" - progetto vincitore","urban lighting, lighting experience, coloured lighting, lighting design,",07.13 Progetti,info:eu-repo/semantics/closedAccess,1,"CASCIANI, DARIA"
07 ALTRO::07.03 Design,http://hdl.handle.net/11311/731382,-,2013,-,-,-,-,-,-,-,-,"SKYLIGHT  LUMINATOR
PRIMO PREMIO CONCORSO INTERNAZIONALE
SHARP DESIGN CONTEST
LIGHT FOR EMOTIONAL CONFORT",LIGHT DESIGN; SKYLIGHT LUMINATOR; SHARP,07.03 Design,info:eu-repo/semantics/closedAccess,1,"MURANO, FRANCESCO"
07 ALTRO::07.04 Performance,http://hdl.handle.net/11311/827536,-,2013,-,-,-,-,-,-,-,-,ARPA DI LUCE A MONZA,-,07.04 Performance,none,3,"MURANO, FRANCESCO;GIANPIETRO GROSSI;PIETRO PIRELLI"
07 ALTRO::07.04 Performance,http://hdl.handle.net/11311/827538,-,2013,-,-,-,-,-,-,-,-,ARPA DI LUCE A VIGGIANO (POTENZA),-,07.04 Performance,none,3,"MURANO, FRANCESCO;PIETRO PIRELLI;GIAMPIETRO GROSSI"
07 ALTRO::07.04 Performance,http://hdl.handle.net/11311/827541,-,2013,-,-,-,-,-,-,-,-,ARPA DI LUCE A MODENA,-,07.04 Performance,none,3,"MURANO, FRANCESCO;PIETRO PIRELLI;GIANPIETRO GROSSI"
07 ALTRO::07.06 Mostra,http://hdl.handle.net/11311/751643,eng;ita,2013,-,Corraini Edizioni,ITA,Milano,Made in slums. Mathare Nairobi.,-,-,-,Made in slums. Mathare Nairobi.,design sostenibile,07.06 Mostra,none,1,"IRACE, FULVIO"
07 ALTRO::07.06 Mostra,http://hdl.handle.net/11311/813518,ita,2013,-,le officine poligrafiche MLC,-,Torino _ 2013,Catalogo Mostra Operae - Indipendent Design Festival,-,-,-,"Casa Diaz - Design Autoprodotto
in Operae - Indipendent Design Festival 2013",-,07.06 Mostra,none,1,"MURANO, FRANCESCO"
07 ALTRO::07.06 Mostra,http://hdl.handle.net/11311/826341,ita,2013,-,"Consorzio Parco Regionale - Campo dei Fiori- Brinzio, Comune di Varese",ITA,-,Campo dei Fiori Patrimonio Unesco. Decennale Sito Unesco Sacri Monti del Piemonte e della Lombardia,-,-,-,Viaggiando Liberty - Percorsi di architettura lungo i sentieri del Parco,-,07.06 Mostra,none,3,"A. Baila;ANZANI, ANNA;E. Guglielmi"
07 ALTRO::07.06 Mostra,http://hdl.handle.net/11311/826342,ita,2013,-,"Delegazione FAI del Seprio, con il Patrocinio del Comune di Gallarate",ITA,Gallarate,-,-,-,-,FAIMarathon2013 - Presenze Liberty a Gallarate,-,07.06 Mostra,none,4,"ANZANI, ANNA;A. Baila;CARAMEL, CLAUDIA;GUARISCO, MARGHERITA"
07 ALTRO::07.06 Mostra,http://hdl.handle.net/11311/828325,eng;ita,2013,-,Consorzio POLI.Design,ITA,Milano,-,-,-,-,A Designer A Day 2013,-,07.06 Mostra,info:eu-repo/semantics/closedAccess,2,"ARQUILLA, VENANZIO;PARINI, BARBARA"
07 ALTRO::07.06 Mostra,http://hdl.handle.net/11311/845779,ita;eng,2013,-,Triennale di Milano,-,-,-,-,-,-,Senza Pericolo! Costruzioni e Sicurezza,-,07.06 Mostra,none,11,"BUCCI, FEDERICO;BIAGI, MARCO ENZO;BOERI, ELISA;Dario Costi;CRIPPA, DAVIDE;DI PRETE, BARBARA;FERRARI, MASSIMO;Marco Introini;Lucia Miodini;Luigi Spinelli;TINAZZI, CLAUDIA"
07 ALTRO::07.06 Mostra,http://hdl.handle.net/11311/846007,ita;eng,2013,-,POLIMI,ITA,Milano,"Mostra Tech Stories presso il Museo Nazionale della Scienza e della Tecnologia Leonardo da Vinci, Milano, dal 13 giugno 2013 al 5 gennaio 2014",-,-,-,Tech Stories,-,07.06 Mostra,none,6,"BUCCI, FEDERICO;COLLINA, LUISA MARIA VIRGINIA;A. Colombo;B. Finessi;PROTASONI, SARA;E. Rovida"
07 ALTRO::07.06 Mostra,http://hdl.handle.net/11311/924563,eng;ita,2013,-,-,-,-,-,-,-,-,INTORNO AL LIBRO. TRA ARTE E DESIGN,-,07.06 Mostra,none,1,"FINESSI, GIUSEPPE"
07 ALTRO::07.06 Mostra,http://hdl.handle.net/11311/924564,ita;eng,2013,-,-,-,-,-,-,-,-,PROGETTO CIBO. LA FORMA DEL GUSTO,-,07.06 Mostra,none,1,"FINESSI, GIUSEPPE"
07 ALTRO::07.12 Altro,http://hdl.handle.net/11311/786328,-,2013,nazionale,-,-,-,-,-,-,-,Chi paga i costi del traffico,-,07.12 Altro,none,3,"BERIA, PAOLO;GRIMALDI, RAFFAELE;PONTI, MARCO GUIDO"
07 ALTRO::07.12 Altro,http://hdl.handle.net/11311/786329,-,2013,nazionale,-,-,-,-,-,-,-,Quando l’analisi economica dice sempre di sì,-,07.12 Altro,none,2,"BERIA, PAOLO;PONTI, MARCO GUIDO"
07 ALTRO::07.12 Altro,http://hdl.handle.net/11311/824334,-,2013,-,-,-,-,-,-,-,-,Complessità e Sostenibilità nel Progetto - 5/2013 gennaio-febbraio 2013,-,07.12 Altro,none,1,"NEBULONI, ATTILIO"
07 ALTRO::07.12 Altro,http://hdl.handle.net/11311/824335,-,2013,-,-,-,-,-,-,-,-,Complessità e Sostenibilità nel Progetto - 6/2013 aprile-giugno 2013,-,07.12 Altro,none,1,"NEBULONI, ATTILIO"
07 ALTRO::07.12 Altro,http://hdl.handle.net/11311/824336,-,2013,-,-,-,-,-,-,-,-,Complessità e Sostenibilità nel Progetto - 7/2013 luglio-settembre 2013,-,07.12 Altro,none,1,"NEBULONI, ATTILIO"
07 ALTRO::07.12 Altro,http://hdl.handle.net/11311/824337,-,2013,-,-,-,-,-,-,-,-,Complessità e Sostenibilità nel Progetto - 8/2013 ottobre-dicembre 2013,-,07.12 Altro,none,1,"NEBULONI, ATTILIO"
07 ALTRO::07.12 Altro,http://hdl.handle.net/11311/827539,-,2013,nazionale,-,-,-,-,-,-,-,WOW! Jelly Session #6,-,07.12 Altro,info:eu-repo/semantics/closedAccess,1,"SCULLICA, FRANCESCO"
07 ALTRO::07.12 Altro,http://hdl.handle.net/11311/827925,-,2013,nazionale,-,-,-,-,-,-,-,"Manifattura di Domodossola, una storia italiana",-,07.12 Altro,info:eu-repo/semantics/closedAccess,1,"DELL'ACQUA BELLAVITIS, ARTURO"
07 ALTRO::07.12 Altro,http://hdl.handle.net/11311/827926,-,2013,nazionale,-,-,-,-,-,-,-,Home Intertextile Mood,-,07.12 Altro,info:eu-repo/semantics/closedAccess,1,"DELL'ACQUA BELLAVITIS, ARTURO"
07 ALTRO::07.12 Altro,http://hdl.handle.net/11311/837725,-,2013,nazionale,-,-,-,-,-,-,-,Migliorare l’offerta formativa in materia di salute e sicurezza nelle costruzioni - definizione proposta regionale di “linee guida”,-,07.12 Altro,none,13,"B. Pesenti;C. Macchia;C. Bruni;FIGIANI, MAURIZIO;F. Lovato;D. Marinoni;F. Monfrini;D. Ramenghi;P. A. Reguzzoni;E. Sgaramella;G. Spedo;P. Zambianchi;G. Zappa"
07 ALTRO::07.12 Altro,http://hdl.handle.net/11311/862001,-,2013,internazionale,-,-,-,-,-,-,-,Design for Social Innovation as a form of Design Activism: An action format,-,07.12 Altro,info:eu-repo/semantics/closedAccess,3,"MERONI, ANNA;FASSI, DAVIDE;SIMEONE, GIULIA"
07 ALTRO::07.12 Altro,http://hdl.handle.net/11311/862939,-,2013,internazionale,-,-,-,-,-,-,-,From engaging to empowering people: a set of co-design experiments with a service design perspective.,service design; social innovation,07.12 Altro,info:eu-repo/semantics/closedAccess,2,"CANTU', DARIA;SELLONI, DANIELA"
07 ALTRO::07.12 Altro,http://hdl.handle.net/11311/862942,-,2013,internazionale,-,-,-,-,-,-,-,The experience of Creative Citizens,service design; social innovatin; Empowerment; citizenship,07.12 Altro,info:eu-repo/semantics/closedAccess,1,"SELLONI, DANIELA"
07 ALTRO::07.13 Progetti,http://hdl.handle.net/11311/824338,por,2013,-,Estado do Maranhão,-,-,-,-,Maranhão,Progettazione,Concurso Público Nacional de Arquitetura - Novo Centro Administrativo do Maranhão,-,07.13 Progetti,info:eu-repo/semantics/closedAccess,6,"P. Pontes;B. Padovano;BLASI, CESARE;PADOVANO, GABRIELLA;NEBULONI, ATTILIO;P. Bertacchini"
07 ALTRO::07.13 Progetti,http://hdl.handle.net/11311/826331,ita,2013,-,-,-,-,-,-,-,-,Expo 2015. Punto di informazioni Agorà,-,07.13 Progetti,info:eu-repo/semantics/closedAccess,1,"DE LUCCHI, MICHELE"
07 ALTRO::07.13 Progetti,http://hdl.handle.net/11311/826332,ita,2013,-,-,-,-,-,-,-,-,Comune di Lodi. Biblioteca Laudense,-,07.13 Progetti,info:eu-repo/semantics/closedAccess,1,"DE LUCCHI, MICHELE"
07 ALTRO::07.13 Progetti,http://hdl.handle.net/11311/826333,ita,2013,-,-,-,-,-,-,-,-,"Uffici finanziari Banca Patrimoni Sella, Palazzo Bricherasio. Torino",-,07.13 Progetti,info:eu-repo/semantics/closedAccess,1,"DE LUCCHI, MICHELE"
07 ALTRO::07.13 Progetti,http://hdl.handle.net/11311/826334,ita,2013,-,-,-,-,-,-,-,-,Intesa Sanpaolo. Campus tecnologico e uffici a Moncalieri,-,07.13 Progetti,info:eu-repo/semantics/closedAccess,1,"DE LUCCHI, MICHELE"
07 ALTRO::07.13 Progetti,http://hdl.handle.net/11311/826335,ita,2013,-,-,-,-,-,-,-,-,Zambon.  Ampliamento dell'Health and Quality Factory e nuovo Z Building a Vicenza,-,07.13 Progetti,info:eu-repo/semantics/closedAccess,1,"DE LUCCHI, MICHELE"
07 ALTRO::07.13 Progetti,http://hdl.handle.net/11311/826336,ita,2013,-,-,-,-,-,-,-,-,Museo Frau a Tolentino,-,07.13 Progetti,info:eu-repo/semantics/closedAccess,1,"DE LUCCHI, MICHELE"
07 ALTRO::07.13 Progetti,http://hdl.handle.net/11311/958781,eng,2013,-,SHARP,-,-,-,-,MILANO,Sharp Design Contest | Light for Emotional Comfort,"SKY LUMINATOR
Sharp International Design Contest | Light for Emotional Comfort",-,07.13 Progetti,info:eu-repo/semantics/closedAccess,1,"MURANO, FRANCESCO"
07 ALTRO::07.02 Disegno,http://hdl.handle.net/11311/958761,eng,2014,-,Aracne editrice,ITA,Roma,Italian Survey. National & International Portfolio,-,-,-,"Traditional Architecture and Countryside, Puglia - Valle D’itria",rilievo urbano e ambientale; Rappresentazione Paesaggio Ambiente; Disegno,07.02 Disegno,info:eu-repo/semantics/closedAccess,1,"AMORUSO, GIUSEPPE"
07 ALTRO::07.06 Mostra,http://hdl.handle.net/11311/1044958,eng;ita,2014,-,-,ITA,Subalterno1,-,-,-,-,Mondopasta,-,07.06 Mostra,none,4,"S. Maffei;A. Gianni;P. Bolzan;PIROVANO, MARCELLO"
07 ALTRO::07.06 Mostra,http://hdl.handle.net/11311/880555,ita;eng,2014,-,Triennale di Milano,-,MILANO,-,-,-,-,"TEXTILE VIVANT.
Percorsi, esperienze e ricerche del textile design
Tracks, experiences and Researches in textile design",-,07.06 Mostra,none,4,"CONTI, GIOVANNI MARIA;DEL CURTO, BARBARA;FIORANI, ELEONORA;SOLDATI, MARIA GRAZIA"
07 ALTRO::07.06 Mostra,http://hdl.handle.net/11311/898355,-,2014,-,-,-,-,-,-,-,-,IL DESIGN ITALIANO OLTRE LE CRISI. AUTARCHIA AUSTERITA' AUTOPRODUZIONE,-,07.06 Mostra,none,1,"FINESSI, GIUSEPPE"
07 ALTRO::07.06 Mostra,http://hdl.handle.net/11311/924565,ita;eng,2014,-,-,-,-,-,-,-,-,LA CASA MORBIDA. Tra arte e design,-,07.06 Mostra,none,1,"FINESSI, GIUSEPPE"
07 ALTRO::07.06 Mostra,http://hdl.handle.net/11311/958564,ita,2014,-,-,-,-,-,-,-,-,"Milano Sottosopra, 50° anniversario della Rossa",metropolitana; Franco Albini; Bob Noorda,07.06 Mostra,info:eu-repo/semantics/closedAccess,1,"BOSONI, GIAMPIERO"
07 ALTRO::07.06 Mostra,http://hdl.handle.net/11311/960010,ita;eng,2014,-,Consorzio POLI.Design,ITA,Milano,-,-,-,-,A Designer A Day (ADAD) 2014,Design; Autoproduzione; Food Design,07.06 Mostra,info:eu-repo/semantics/closedAccess,2,"ARQUILLA, VENANZIO;PARINI, BARBARA"
07 ALTRO::07.12 Altro,http://hdl.handle.net/11311/971202,-,2014,nazionale,-,-,-,-,-,-,-,Design dei servizi collaborativi,"sharing economy, service design, servizi collaborativi.",07.12 Altro,info:eu-repo/semantics/openAccess,1,"SELLONI, DANIELA"
07 ALTRO::07.13 Progetti,http://hdl.handle.net/11311/1019072,eng,2014,-,Kantar Information is Beautiful Awards,-,-,-,-,Londra,Kantar,RAW,-,07.13 Progetti,info:eu-repo/semantics/openAccess,5,"DensityDesign Research Lab;CAVIGLIA, GIORGIO;MAURI, MICHELE;UBOLDI, GIORGIO ROBERTO;AZZI, MATTEO"
07 ALTRO::07.13 Progetti,http://hdl.handle.net/11311/1065023,ita,2014,-,ADI - Associazione per il Disegno Industriale,-,-,-,STAMPA,Milano,XXV Compasso d'Oro,CampUS. Incubazione e messa in scena di pratiche sociali,inclusione sociale; NEET,07.13 Progetti,info:eu-repo/semantics/closedAccess,4,"Davide Fassi;Francesca Piredda;PERONDI, ELENA;Pierluigi Salvadeo"
07 ALTRO::07.13 Progetti,http://hdl.handle.net/11311/930355,ita,2014,-,EXPO MILANO 2015,-,-,-,-,MILANO,WORKSHOP CLUSTER PAVILLON,Arid Zones Cluster Pavillon for Expo 2015,Design; exhibition design,07.13 Progetti,none,3,"BIAMONTI, ALESSANDRO;CAMOCINI, BARBARA;M. ZINI"
07 ALTRO::07.03 Design,http://hdl.handle.net/11311/958756,ita;eng,2015,-,SILVANA EDITORE,ITA,Cinisello Balsamo (MI),"TEXTILE VIVANT  Percorsi, esperienze e ricerche del textile design Tracks, experiences and Researches in textile design",STAMPA,-,-,"TEXTILE VIVANT 
Percorsi, esperienze e ricerche del textile design
Tracks, experiences and Researches in textile design",-,07.03 Design,info:eu-repo/semantics/openAccess,1,"GADDI, ROSSANA"
07 ALTRO::07.06 Mostra,http://hdl.handle.net/11311/1022097,-,2015,-,-,-,-,-,-,-,-,Geografie,-,07.06 Mostra,none,1,"FINESSI, GIUSEPPE"
07 ALTRO::07.06 Mostra,http://hdl.handle.net/11311/1047003,eng;ita,2015,-,-,ITA,-,-,-,-,-,Cool Japan_Double Impact,"Giappone, Italia, Cultura, Design",07.06 Mostra,info:eu-repo/semantics/openAccess,1,alessandro biamonti
07 ALTRO::07.06 Mostra,http://hdl.handle.net/11311/957975,ita,2015,-,Editoriale Domus,ITA,Milano,Milano mai vista,-,-,-,Milano mai vista,Milano; architettura,07.06 Mostra,info:eu-repo/semantics/closedAccess,2,"IRACE, FULVIO;NERI, GABRIELE"
07 ALTRO::07.06 Mostra,http://hdl.handle.net/11311/959240,ita,2015,-,-,ITA,Varese,-,STAMPA,-,-,"Censire la Bellezza - Dal 28 febbraio al 10 marzo presso la Galleria 96 Metricubi d'arte - via Parini 8, Gallarate","Varese, Liberty, catalogazione, rilievo fotografico, conservazione",07.06 Mostra,info:eu-repo/semantics/closedAccess,5,"BAILA, ANGELA;ANZANI, ANNA;Guglielmi, E.;CARAMEL, CLAUDIA;Niglia, D."
07 ALTRO::07.06 Mostra,http://hdl.handle.net/11311/974528,eng;ita,2015,-,Corraini Edizioni,ITA,Mantova,Giorgio De Chirico Una gita a Lecco,STAMPA,-,-,Giorgio De Chirico_ Una gita a Lecco,-,07.06 Mostra,info:eu-repo/semantics/openAccess,1,"CEPPI, GIULIO"
07 ALTRO::07.06 Mostra,http://hdl.handle.net/11311/975477,eng;ita,2015,-,Consorzio POLI.Design,ITA,Milano,-,-,-,-,LOMBARDIES. A unique territory with multiple identities,"Expo Milano 2015, Lombardia, agroalimentare, produzione, innovazione",07.06 Mostra,info:eu-repo/semantics/openAccess,2,"PARENTE, MARINA;SIMONELLI, GIULIANO"
07 ALTRO::07.06 Mostra,http://hdl.handle.net/11311/979666,eng;ita,2015,-,Triennale di Milano,ITA,-,-,-,-,-,Il Nuovo Vocabolario della Moda Italiana,-,07.06 Mostra,info:eu-repo/semantics/openAccess,2,"BERTOLA, PAOLA;LINFANTE, VITTORIO"
07 ALTRO::07.12 Altro,http://hdl.handle.net/11311/1019087,-,2015,-,-,-,-,-,-,-,-,Design to feed the world,"Nutrizione, Design, Sostenibilità",07.12 Altro,info:eu-repo/semantics/closedAccess,1,"CAMOCINI, BARBARA"
07 ALTRO::07.12 Altro,http://hdl.handle.net/11311/1019547,-,2015,internazionale,-,-,-,-,-,-,-,SIMPACT Project. Deliverable 4.1. Part I. SI Processes and Business Models,-,07.12 Altro,info:eu-repo/semantics/openAccess,3,"Rizo, F.;KOMATSU, TAMAMI TIFFANY;DESERTI, ALESSANDRO"
07 ALTRO::07.12 Altro,http://hdl.handle.net/11311/1019549,-,2015,internazionale,-,-,-,-,-,-,-,SIMPACT Project. Deliverable 4.1. Part II. Existing Forms of SI. Dynamics & Features influencing SI Processes and Business Models,-,07.12 Altro,info:eu-repo/semantics/openAccess,3,"CELI, MANUELA;DESERTI, ALESSANDRO;Rizzo, F."
07 ALTRO::07.12 Altro,http://hdl.handle.net/11311/1019553,-,2015,internazionale,-,-,-,-,-,-,-,SIMPACT Project. Deliverable 3.2. Comparative Report on Social Innovation across Europe,-,07.12 Altro,info:eu-repo/semantics/openAccess,4,"Terstriep, J.;Kleverbeck, M.;DESERTI, ALESSANDRO;Rizzo, F."
07 ALTRO::07.12 Altro,http://hdl.handle.net/11311/1019564,-,2015,internazionale,-,-,-,-,-,-,-,My Neighbourhood | My City Project. Deliverable 6.5. Scalability Implementation and Assessment Report,-,07.12 Altro,info:eu-repo/semantics/closedAccess,7,"Oliveira, A.;DESERTI, ALESSANDRO;CONCILIO, GRAZIA;MOLINARI, FRANCESCO;Rizzo, F;Morelli, N.;Akbar, F."
07 ALTRO::07.12 Altro,http://hdl.handle.net/11311/988152,-,2015,nazionale,-,-,-,-,-,-,-,Etica e progettualità,"Etica, progettualità, Design Thinking",07.12 Altro,info:eu-repo/semantics/closedAccess,1,"BOSONI, GIAMPIERO"
07 ALTRO::07.12 Altro,http://hdl.handle.net/11311/988153,-,2015,internazionale,-,-,-,-,-,-,-,Bakground week 3  day 3,"Architettura, Open City, Summer School",07.12 Altro,info:eu-repo/semantics/closedAccess,1,"BOSONI, GIAMPIERO"
07 ALTRO::07.12 Altro,http://hdl.handle.net/11311/989384,-,2015,nazionale,-,-,-,-,-,-,-,"Hacking Public Services: come riprogettare i servizi pubblici, con i cittadini.",#servicedesign #socialinnovation #civicactivism #sharingeconomy,07.12 Altro,none,1,"SELLONI, DANIELA"
07 ALTRO::07.12 Altro,http://hdl.handle.net/11311/989391,-,2015,nazionale,-,-,-,-,-,-,-,Ezio Manzini: design per l’innovazione sociale.,#designforsocialinnovation #culturadelprogetto #designthinking,07.12 Altro,info:eu-repo/semantics/openAccess,1,"SELLONI, DANIELA"
07 ALTRO::07.12 Altro,http://hdl.handle.net/11311/989392,-,2015,internazionale,-,-,-,-,-,-,-,Interviewed: Ezio Manzini on Design When Everybody Designs.,#designforsocialinnovation #sharingeconomy #designthinking,07.12 Altro,none,1,"SELLONI, DANIELA"
07 ALTRO::07.13 Progetti,http://hdl.handle.net/11311/1018896,eng;ita,2015,-,Class Editori e Laureate International Universities,-,-,-,STAMPA,Milano,Class Expo Pavilion Heritage Awards,Miglior Cluster Zone Aride. Agricoltura e Nutrizione.,"Zone Aride, Cultura Materiale, Risorse Idriche, Desertificazione, Design, Water Footprint.",07.13 Progetti,info:eu-repo/semantics/closedAccess,2,"COLLINA, LUISA MARIA VIRGINIA;CAMOCINI, BARBARA"
07 ALTRO::07.13 Progetti,http://hdl.handle.net/11311/1018993,ita,2015,-,-,-,-,-,-,-,-,Padiglione Zero per Expo2015,-,07.13 Progetti,info:eu-repo/semantics/closedAccess,1,"DE LUCCHI, MICHELE"
07 ALTRO::07.13 Progetti,http://hdl.handle.net/11311/1019017,ita,2015,-,UniCredit Business Integrated Solutions Scpa,-,-,-,-,Milano,Concorso nazionale E3W,Unicredit Pavillion,-,07.13 Progetti,info:eu-repo/semantics/closedAccess,1,"DE LUCCHI, MICHELE"
07 ALTRO::07.13 Progetti,http://hdl.handle.net/11311/1019025,ita,2015,-,-,-,-,-,-,-,-,Casa del Manzoni - Milano,-,07.13 Progetti,info:eu-repo/semantics/closedAccess,1,"DE LUCCHI, MICHELE"
07 ALTRO::07.13 Progetti,http://hdl.handle.net/11311/983225,eng,2015,-,AIDI Associazione Italiana di Illuminazione - CNAPPC Consiglio Nazionale degli Architetti Pianificatori Paesaggisti e Conservatori,-,-,-,STAMPA,Roma,Urban Lightscape (concorso internazionale),"Progetto GENIUS LUCI  - Concorso internazionale ""URBAN LIGHTSCAPE"" - progetto vincitore","urban lighting, analysis,",07.13 Progetti,info:eu-repo/semantics/closedAccess,6,"Gentili, Helena;CASCIANI, DARIA;Santoro, Piero;Caggiano, Else;D'Alesio, Carlo;Di Filippo, Massimo"
07 ALTRO::07.03 Design,http://hdl.handle.net/11311/1044085,eng,2016,-,Springer,DEU,Canada,Cross-Cultural Design,STAMPA,-,-,Research Service Design Based on Online Public Service Platform — APP Design for Mutual Learning Through Sign Language Short Video,-,07.03 Design,info:eu-repo/semantics/closedAccess,1,Yin Liang
07 ALTRO::07.06 Mostra,http://hdl.handle.net/11311/1019570,ita,2016,-,-,ITA,Induno Olona,-,-,-,-,Censire la Bellezza: Liberty segreto a Induno Olona.,"Bellezza, Liberty, Varese, censimento",07.06 Mostra,info:eu-repo/semantics/closedAccess,6,"ANZANI, ANNA;BAILA, ANGELA;CARAMEL, CLAUDIA;GUARISCO, MARGHERITA;Guglielmi, E.;Niglia, D."
07 ALTRO::07.06 Mostra,http://hdl.handle.net/11311/1022057,-,2016,-,-,-,-,-,-,-,-,Quasi segreti. Cassetti tra arte e design,-,07.06 Mostra,none,1,"FINESSI, GIUSEPPE"
07 ALTRO::07.06 Mostra,http://hdl.handle.net/11311/1022096,-,2016,-,-,-,-,-,-,-,-,Dimensione domestica. Achille e Pier Giacomo Castiglioni e una strana idea di arredamento. Atto I°,-,07.06 Mostra,none,1,"FINESSI, GIUSEPPE"
07 ALTRO::07.06 Mostra,http://hdl.handle.net/11311/1022098,-,2016,-,-,-,-,-,-,-,-,STANZE. Altre filosofie dell'abitare,-,07.06 Mostra,none,1,"FINESSI, GIUSEPPE"
07 ALTRO::07.06 Mostra,http://hdl.handle.net/11311/1037542,eng;ita,2016,-,-,-,-,-,-,-,-,"Mostra ""Le vie del Compasso d'Oro - XXI Triennale Milano"", Campus Bovisa - Politecnico di Milano",Premio Compasso d'Oro ADI,07.06 Mostra,info:eu-repo/semantics/openAccess,3,M. Parente;F. Zurlo;A. Manciaracina
07 ALTRO::07.06 Mostra,http://hdl.handle.net/11311/1038409,eng;ita,2016,-,Camera Nazionale della Moda Italiana,ITA,Milano,Crafting the Future. Storie di artigianalità e innovazione.,STAMPA,-,-,"Sezione ""Un'Italia artigiana"" nella mostra ""Crafting the Future. Storie di artigianalità e innovazione""  – Mudec 22-24 Settembre 2016.",-,07.06 Mostra,info:eu-repo/semantics/closedAccess,2,P. Bertola;F. Vacca
07 ALTRO::07.06 Mostra,http://hdl.handle.net/11311/1044983,eng;ita,2016,-,-,ITA,Subalterno1,-,-,-,-,Microfacts,-,07.06 Mostra,none,4,S. Maffei;A. Gianni;P. Bolzan;M. Pirovano
07 ALTRO::07.12 Altro,http://hdl.handle.net/11311/1018796,-,2016,-,-,-,-,-,-,-,-,Ezio Manzini: idee e pratiche per una società cosmopolita,"innovazione sociale, co-design; service design",07.12 Altro,info:eu-repo/semantics/openAccess,1,"SELLONI, DANIELA"
07 ALTRO::07.12 Altro,http://hdl.handle.net/11311/1019548,-,2016,-,-,-,-,-,-,-,-,La Porta di Milano e le Dimensioni Invisibili. Relazioni tra arte e architettura nello spazio ambiente / Invisible Dimensions at the Porta di Milano. Relationships between art and architecture in ambient space,-,07.12 Altro,info:eu-repo/semantics/closedAccess,1,"Tibúrcio, Isa Helena"
07 ALTRO::07.12 Altro,http://hdl.handle.net/11311/1019969,-,2016,internazionale,-,-,-,-,-,-,-,The Social Innovation Journey Toolbox,-,07.12 Altro,info:eu-repo/semantics/openAccess,3,"CORUBOLO, MARTA;MERONI, ANNA;ROSSI, MARTINA"
07 ALTRO::07.13 Progetti,http://hdl.handle.net/11311/1019021,ita,2016,-,-,-,-,-,-,-,-,"Centro Commerciale ""il Centro"" - Arese",-,07.13 Progetti,info:eu-repo/semantics/closedAccess,1,"DE LUCCHI, MICHELE"
07 ALTRO::07.13 Progetti,http://hdl.handle.net/11311/1019071,eng,2016,-,Kantar,-,-,-,-,Londra,Kantar Information is Beautiful Awards,The Missing Migrants Map,-,07.13 Progetti,none,2,"PELLEGRINI, VALERIO;MAURI, MICHELE"
07 ALTRO::07.13 Progetti,http://hdl.handle.net/11311/1041126,eng;ita,2016,-,ADI Associazione per il Disegno Industriale,-,-,-,-,Milano,ADI Design Index 2016,Treni Leonardo per ATM Milano - ADI Design Index 2016,-,07.13 Progetti,info:eu-repo/semantics/closedAccess,2,"A. Dominoni;QUAQUARO, BENEDETTO"
07 ALTRO::07.13 Progetti,http://hdl.handle.net/11311/1041134,ita,2016,-,Regione Lombardia,-,-,-,-,Milano,Eccellenze della Lombardia,Treni Leonardo per ATM Milano - Premio Eccellenze della Lombardia 2016,"treni leonardo, atm, transportation design",07.13 Progetti,info:eu-repo/semantics/closedAccess,2,A. Dominoni;B. Quaquaro
07 ALTRO::07.05 Esposizione,http://hdl.handle.net/11311/1050076,ita,2017,-,-,-,-,I Celti di Golasecca,-,-,-,I Celti di Golasecca,-,07.05 Esposizione,none,1,Davide Bruno
07 ALTRO::07.06 Mostra,http://hdl.handle.net/11311/1022094,-,2017,-,-,-,-,-,-,-,-,SaloneSatellite. 20 anni di nuova creatività,-,07.06 Mostra,none,1,"FINESSI, GIUSEPPE"
07 ALTRO::07.06 Mostra,http://hdl.handle.net/11311/1022095,-,2017,-,-,-,-,-,-,-,-,Dimensione domestica. Achille e Pier Giacomo Castiglioni e una strana idea di arredamento. Atto II,-,07.06 Mostra,none,1,"FINESSI, GIUSEPPE"
07 ALTRO::07.12 Altro,http://hdl.handle.net/11311/1020016,-,2017,internazionale,-,-,-,-,-,-,-,Social Innovation Community EU Project. Deliverable 4.1. Report on SIC learning principles and processes,-,07.12 Altro,info:eu-repo/semantics/openAccess,3,"Rizzo, F.;DESERTI, ALESSANDRO;de Pous, M."
07 ALTRO::07.12 Altro,http://hdl.handle.net/11311/1020020,-,2017,-,-,-,-,-,-,-,-,CIMULACT (Citizen and Multi-Actor Consultation on Horizon 2020): first draft of social needs based research programme scenarios. An illustrated proposal for the set of research programmes addressing the overarching social needs derived from the citizens’ visions.,-,07.12 Altro,info:eu-repo/semantics/closedAccess,3,"MERONI, ANNA;ROSSI, MARTINA;SELLONI, DANIELA"
07 ALTRO::07.13 Progetti,http://hdl.handle.net/11311/1041173,eng;ita,2017,-,ADI Associazione per il Disegno Industriale,-,-,-,-,Milano,ADI Design Index 2017,Couture in Orbit - ADI Design Index 2017,-,07.13 Progetti,info:eu-repo/semantics/closedAccess,1,A. Dominoni
07 ALTRO::07.13 Progetti,http://hdl.handle.net/11311/1041174,ita,2017,-,Regione Lombardia,-,-,-,-,Milano,Eccellenze della Lombardia,Couture in Orbit - Premio Eccellenze della Lombardia 2017,-,07.13 Progetti,info:eu-repo/semantics/closedAccess,1,A. Dominoni
07 ALTRO::07.03 Design,http://hdl.handle.net/11311/1053286,eng;ita,2018,-,Silvana Editoriale,ITA,"Cinisello Balsamo, Milano",-,STAMPA,-,-,"Maglia, Punto. Quarant'anni di tesori nascosti dell'archivio MF1",-,07.03 Design,info:eu-repo/semantics/closedAccess,1,R. Gaddi
07 ALTRO::07.06 Mostra,http://hdl.handle.net/11311/1052994,-,2018,-,-,-,-,-,-,-,-,"Maglia, Punto. Quarant'anni di tesori nascosti nella storia dell'archivio MF1",-,07.06 Mostra,info:eu-repo/semantics/closedAccess,3,G. M. Conti;R. Gaddi;M. Motta
