dc.type.full,dc.identifier.uri,dc.language.iso,dc.date.issued,dc.type.referee,dc.type.circulation,dc.publisher.name,dc.publisher.country,dc.publisher.place,dc.relation.ispartofbook,item.journal.title,dc.relation.medium,dc.title,dc.subject.keywords,item.collection,item.openaireRights,dc.description.numberofauthors,dc.authority.people
06 CURATELA::06.1 Curatela,http://hdl.handle.net/11311/660207,ita,1989,-,-,Tranchida,-,Milano,-,-,-,Proiezioni urbane. La realtà dell'immaginario,città; cinema; immaginario; scenari urbani; sguardo; percezione; esperienza,06.1 Curatela,none,1,"GALBIATI, MARIA LUISA"
06 CURATELA::06.1 Curatela,http://hdl.handle.net/11311/564075,ita,1990,-,-,Franco Angeli,ITA,Milano,-,-,-,Nuove vie del design in Giappone.,Design; Significati; Funzione; Linguaggi; Industria giapponese.,06.1 Curatela,none,3,"L. Migliore;PICCINNO, GIOVANNA;M. Servetto"
06 CURATELA::06.1 Curatela,http://hdl.handle.net/11311/660210,ita,1991,-,-,Tranchida,-,Milano,-,-,-,Alessandro Mendini. La poltrona di proust,mendini; filosofia del progetto; poltrona di Proust,06.1 Curatela,none,1,"GALBIATI, MARIA LUISA"
06 CURATELA::06.1 Curatela,http://hdl.handle.net/11311/660626,ita,1991,-,-,Tranchida Editori,-,Milano,-,-,-,Lo sguardo discreto. habitat e fotografia,fotografia; territorio; rappresentazione; città; sguardo; percezione,06.1 Curatela,none,1,"GALBIATI, MARIA LUISA"
06 CURATELA::06.1 Curatela,http://hdl.handle.net/11311/570619,ita,1992,-,nazionale,Il Mulino,ITA,-,-,-,-,I trasporti e l'industria,-,06.1 Curatela,none,1,"PONTI, MARCO GUIDO"
06 CURATELA::06.1 Curatela,http://hdl.handle.net/11311/660214,ita,1992,-,-,Tranchida,-,Milano,-,-,-,Soglie urbane. Uno sguardo fotografico sul territorio,fotografia; territorio; sguardo; città; percezione; soglia; abitare,06.1 Curatela,none,1,"GALBIATI, MARIA LUISA"
06 CURATELA::06.1 Curatela,http://hdl.handle.net/11311/504083,ita,1995,-,nazionale,Vita e Pensiero,-,MILANO,-,-,-,Erich Przywara. Analogia entis,-,06.1 Curatela,none,1,"VOLONTE', PAOLO GAETANO"
06 CURATELA::06.1 Curatela,http://hdl.handle.net/11311/660156,arp,1996,-,-,Guerini e Associati,ITA,Milano,-,-,-,Fotografia e paesaggio. La rappresentazione fotografica del territorio,Fotografia; paesaggio; territorio; immagine; rappresentazione,06.1 Curatela,none,3,"GALBIATI, MARIA LUISA;P. Pozzi;R. Signorini"
06 CURATELA::06.1 Curatela,http://hdl.handle.net/11311/504078,ita,1997,-,nazionale,Rusconi,-,MILANO,-,-,-,Max Weber. La scienza come professione,-,06.1 Curatela,none,1,"VOLONTE', PAOLO GAETANO"
06 CURATELA::06.1 Curatela,http://hdl.handle.net/11311/532644,-,1997,-,-,edizioni Bruno Mondadori,ITA,MILANO,-,-,-,"L’architettura moderna del Novecento (Modern Architecture since 1900),",-,06.1 Curatela,info:eu-repo/semantics/closedAccess,2,"BARBARA, ANNA;RODRIQUEZ C."
06 CURATELA::06.1 Curatela,http://hdl.handle.net/11311/562603,ita,1997,-,-,Guerini,-,Milano,-,-,-,Luciano Baldessari nelle carte del suo archivio,Archivi di architettura e design; disegno di progetto; catalogazione; Luciano Baldessari; architettura italiana XX secolo; futurismo; razionalismo; Milano; Rovereto,06.1 Curatela,none,1,"CIAGA', GRAZIELLA LEYLA"
06 CURATELA::06.1 Curatela,http://hdl.handle.net/11311/532728,ita,1998,-,nazionale,Guerini,ITA,MILANO,Progetto processo prodotto. variabili di innovazione,-,-,"Progetto, processo, prodotto. Variabili di innovazione",-,06.1 Curatela,none,2,"PENATI, ANTONELLA VALERIA;SEASSARO A."
06 CURATELA::06.1 Curatela,http://hdl.handle.net/11311/693611,eng,1998,-,-,CHARTA,ITA,Milano,-,-,-,Niki de Saint Phalle the Tarot Garden,arte ambientale; installazione architettonica; nuovo realismo; ready made,06.1 Curatela,none,1,"MAZZANTI, ANNA"
06 CURATELA::06.1 Curatela,http://hdl.handle.net/11311/504076,ita,1999,-,nazionale,La Nuova Italia,-,SCANDICCI,-,-,-,Max Weber. L'etica della responsabilità,-,06.1 Curatela,none,1,"VOLONTE', PAOLO GAETANO"
06 CURATELA::06.1 Curatela,http://hdl.handle.net/11311/532384,-,1999,-,nazionale,Moretti&Vitali,ITA,BERGAMO,-,-,-,Auditorium di Milano. Una casa per la musica,-,06.1 Curatela,none,1,"ZINGALE, SALVATORE"
06 CURATELA::06.1 Curatela,http://hdl.handle.net/11311/532856,-,2000,-,nazionale,Soprintendenza archeologica di Pompei,ITA,NAPOLI,-,-,-,"12 Progetti per Pompei. Un sistema d'identità visiva per la Soprintendenza archeologica, Catalogo della mostra, Napoli - Palazzo Reale 10-28 nov., Soprintendenza archeologica di Pompei,",-,06.1 Curatela,none,1,"RICCO', DINA"
06 CURATELA::06.1 Curatela,http://hdl.handle.net/11311/558159,eng,2000,-,internazionale,-,-,Milano,-,-,-,Design Plus Research: proceedings of the Politecnico di Milano conference,Design research,06.1 Curatela,none,3,"PIZZOCARO, SILVIA LUISA;A. Arruda;D. De Moraes"
06 CURATELA::06.1 Curatela,http://hdl.handle.net/11311/558164,ita,2000,-,internazionale,Poli.Design,-,Milano,Didattica&Design,-,-,Didattica&design. Processi e prodotti formativi nell'università che cambia,-,06.1 Curatela,none,2,"PENATI, ANTONELLA VALERIA;SEASSARO, ALBERTO"
06 CURATELA::06.1 Curatela,http://hdl.handle.net/11311/558165,-,2000,-,internazionale,Poli.Design,-,Milano,-,-,-,Il design per i Distretti industriali,-,06.1 Curatela,none,2,"MAFFEI, STEFANO;SIMONELLI, GIULIANO"
06 CURATELA::06.1 Curatela,http://hdl.handle.net/11311/255146,eng;ita,2001,-,internazionale,Edizioni Poli.Design,-,Milano,-,-,-,"Un progetto pilota.DxD-Design dor District, Progetti per un distretto, Prodotto, Comunicazione strategica",-,06.1 Curatela,none,3,"CELASCHI, FLAVIANO;COLLINA, LUISA MARIA VIRGINIA;SIMONELLI, GIULIANO"
06 CURATELA::06.1 Curatela,http://hdl.handle.net/11311/270178,eng;ita,2001,-,internazionale,Edizioni Poli.Design,-,Milano,-,-,-,The themes of designing designers 2001,-,06.1 Curatela,none,2,"COLLINA, LUISA MARIA VIRGINIA;SIMONELLI, GIULIANO"
06 CURATELA::06.1 Curatela,http://hdl.handle.net/11311/561513,ita,2001,-,-,Edizioni POLI.design,-,Milano,-,-,-,MDM. Museo design Milano: il museo in rete per la rete dei musei,-,06.1 Curatela,none,3,"D. Moretti;J. Pallabazzer;REBAGLIO, AGNESE"
06 CURATELA::06.1 Curatela,http://hdl.handle.net/11311/692962,ita,2001,-,-,GAI edizioni,-,-,-,-,-,Progettare il marchio. Identità del gai,-,06.1 Curatela,none,1,"PIAZZA, MARIO"
06 CURATELA::06.1 Curatela,http://hdl.handle.net/11311/242676,-,2002,-,nazionale,Edizioni Poli.Design,-,Milano,-,-,-,Il design dell'ospitalità: la sala delle feste dell'Hotel Hilton Milan,-,06.1 Curatela,none,3,"COLLINA, LUISA MARIA VIRGINIA;CRESPI, LUCIANO;F. Reinhart"
06 CURATELA::06.1 Curatela,http://hdl.handle.net/11311/264497,ita;eng,2002,-,internazionale,Silvana Editoriale,-,Milano,-,-,-,"Design for working places. Environment, energy, new technologies",-,06.1 Curatela,none,1,"INGARAMO, MATTEO ORESTE"
06 CURATELA::06.1 Curatela,http://hdl.handle.net/11311/267750,-,2002,-,nazionale,Edizioni Poli.Design,-,Milano,-,-,-,Movie Design per la comunicazione aziendale: Il Caso Mangiameli,-,06.1 Curatela,none,1,"GALBIATI, MARIA LUISA"
06 CURATELA::06.1 Curatela,http://hdl.handle.net/11311/504754,ita;eng,2002,-,-,POLIdesign,ITA,MILANO,-,-,-,DesignNet. Knowledge e Information Management per il design,design knowledge; interfacce,06.1 Curatela,none,2,"CIUCCARELLI, PAOLO;INNOCENTI, PERLA"
06 CURATELA::06.1 Curatela,http://hdl.handle.net/11311/532321,ita,2002,-,-,Edizioni Libria,ITA,MELFI (PZ),-,-,-,Rinnovare la tradizione: il design per il comparto ceramico di Cerreto Sannita e San Lorenzello.,design per lo sviluppo locale; product design; communication design,06.1 Curatela,none,3,"V. CRISTALLO;A. MORONE;PARENTE, MARINA"
06 CURATELA::06.1 Curatela,http://hdl.handle.net/11311/532385,-,2002,-,-,M&B Publishing,ITA,MILANO,-,-,-,Almanacco Tikkun 2002-2003,-,06.1 Curatela,none,3,"ZINGALE, SALVATORE;BONFANTINI M. A;S.T.O.C.C.H.I. G."
06 CURATELA::06.1 Curatela,http://hdl.handle.net/11311/532420,ita,2002,-,internazionale,Il Sole 24 Ore Edizioni,ITA,MILANO,-,-,-,I territori del design. Made in Italy e Sistemi Produttivi Locali,-,06.1 Curatela,none,2,"MAFFEI, STEFANO;SIMONELLI, GIULIANO"
06 CURATELA::06.1 Curatela,http://hdl.handle.net/11311/557131,-,2002,-,internazionale,Il Sole 24 Ore,-,Milano,-,-,-,"Milano distretto del Design: un sistema di luoghi, attori e relazioni al servizio dell’innovazione",-,06.1 Curatela,none,3,"BERTOLA, PAOLA;SANGIORGI, DANIELA;SIMONELLI, GIULIANO"
06 CURATELA::06.1 Curatela,http://hdl.handle.net/11311/557135,ita,2002,-,nazionale,Esselibri,-,Napoli,-,-,-,Edilizia sostenibile: 44 progetti dimostrativi,-,06.1 Curatela,none,2,"PIARDI, SILVIA ELVIRA MARIA;SCUDO, GIOVANNI"
06 CURATELA::06.1 Curatela,http://hdl.handle.net/11311/568593,-,2002,-,nazionale,Soprintendenza archeologica di Pompei,-,Napoli,-,-,-,Il design della comunicazione. L'esperienza della Soprintendenza archeologica di Pompei,-,06.1 Curatela,none,1,"RICCO', DINA"
06 CURATELA::06.1 Curatela,http://hdl.handle.net/11311/692920,ita,2002,-,-,-,-,-,-,-,-,"Italic 1.0
Il disegno dei caratteri contemporaneo in Italia",-,06.1 Curatela,none,3,"P. Lenarduzzi;PIAZZA, MARIO;S. Sfligiotti"
06 CURATELA::06.1 Curatela,http://hdl.handle.net/11311/989812,ita,2002,-,-,Clup,-,-,-,-,-,Diritto d’Autori,-,06.1 Curatela,info:eu-repo/semantics/closedAccess,2,"CRIPPA, DAVIDE;DI PRETE, BARBARA"
06 CURATELA::06.1 Curatela,http://hdl.handle.net/11311/242611,ita,2003,-,internazionale,Liguori Editore,-,Napoli,-,-,-,Nuove specie di spazi,-,06.1 Curatela,none,2,"FARE', IDA MARIA LUISA;PIARDI, SILVIA ELVIRA MARIA"
06 CURATELA::06.1 Curatela,http://hdl.handle.net/11311/254410,-,2003,-,nazionale,Edizioni Poli.Design,-,Milano,-,-,-,DiLabb,-,06.1 Curatela,none,3,"DESERTI, ALESSANDRO;GALBIATI, MARIA LUISA;GALLI, FRANCESCO"
06 CURATELA::06.1 Curatela,http://hdl.handle.net/11311/262254,-,2003,-,nazionale,Libreria Clup,-,Milano,-,-,-,Progettare e costruire imbarcazioni da diporto,-,06.1 Curatela,none,2,"PIARDI, SILVIA ELVIRA MARIA;RATTI, ANDREA"
06 CURATELA::06.1 Curatela,http://hdl.handle.net/11311/264969,-,2003,-,internazionale,Edizioni Poli.Design,-,Milano,-,-,-,CimbalImage. Il movie design per la comunicazione d'impresa. Un progetto per il gruppo Cimbali-Faema,-,06.1 Curatela,none,2,"GALBIATI, MARIA LUISA;TERRANOVA, ANDREA"
06 CURATELA::06.1 Curatela,http://hdl.handle.net/11311/532240,ita,2003,-,-,FrancoAngeli,ITA,MILANO,-,-,-,La creatività diffusa. Culture e mestieri della moda oggi,-,06.1 Curatela,none,1,"VOLONTE', PAOLO GAETANO"
06 CURATELA::06.1 Curatela,http://hdl.handle.net/11311/532322,ita,2003,-,-,edizioni CLEAN,ITA,NAPOLI,-,-,-,Design e sistema-prodotto alimentare. Un'esperienza territoriale di ricerca azione.,food design; ricerca-azione; design per lo sviluppo locale,06.1 Curatela,none,4,"V. CRISTALLO;E. GUIDA;A. MORONE;PARENTE, MARINA"
06 CURATELA::06.1 Curatela,http://hdl.handle.net/11311/532345,-,2003,-,internazionale,poli.design,ITA,MILANO,-,-,-,Designing Designers: Design for a local global world,-,06.1 Curatela,none,2,"COLLINA, LUISA MARIA VIRGINIA;SIMONELLI, GIULIANO"
06 CURATELA::06.1 Curatela,http://hdl.handle.net/11311/532386,-,2003,-,nazionale,Moretti&Vitali,ITA,BERGAMO,-,-,-,Un edificio per il terziario. La nuova sede ABB Italia a Sesto San Giovanni,-,06.1 Curatela,none,1,"ZINGALE, SALVATORE"
06 CURATELA::06.1 Curatela,http://hdl.handle.net/11311/532511,ita,2003,-,nazionale,Polidesign,ITA,MILANO,-,-,-,Ricerca design e sperimentazione per l’innovazione di prodotto nel settore dell’accessorio moda: il caso Mangiameli,-,06.1 Curatela,none,1,"BERTOLA, PAOLA"
06 CURATELA::06.1 Curatela,http://hdl.handle.net/11311/532576,ita,2003,-,nazionale,Clup,ITA,MILANO,-,-,-,Progettare e costruire imbarcazioni da diporto,-,06.1 Curatela,none,2,"RATTI, ANDREA;PIARDI, SILVIA ELVIRA MARIA"
06 CURATELA::06.1 Curatela,http://hdl.handle.net/11311/547790,ita,2003,-,-,Poli.design,ITA,Milano,-,-,-,STAR | Sistema Topologico Argomentativo della Ricerca | Costruire l’organizzazione della conoscenza |Il caso ME.Design,-,06.1 Curatela,none,2,"CASTELLI, ANTONELLA;VILLARI, BEATRICE"
06 CURATELA::06.1 Curatela,http://hdl.handle.net/11311/570243,eng,2003,-,internazionale,CHARTA,ITA,Milano,-,-,-,Acqua-da-bere,-,06.1 Curatela,info:eu-repo/semantics/closedAccess,1,"BARBARA, ANNA"
06 CURATELA::06.1 Curatela,http://hdl.handle.net/11311/666015,ita,2003,-,-,Alinea,-,Firenze,-,-,-,16 tisaniere,-,06.1 Curatela,none,1,"TONELLI, MARIA CRISTINA"
06 CURATELA::06.1 Curatela,http://hdl.handle.net/11311/690865,ita,2003,-,-,Gli Ori,ITA,Prato,-,-,-,Il Giardino di Daniel Spoerri,arte ambientale; arte ambientata; ready made,06.1 Curatela,none,1,"MAZZANTI, ANNA"
06 CURATELA::06.1 Curatela,http://hdl.handle.net/11311/693207,ita,2003,-,nazionale,"CASVA, Centro di Alti Studi sulle Arti Visive, Comune di Milano",-,Milano,-,-,-,Gli archivi di architettura in Lombardia. Censimento delle fonti,-,06.1 Curatela,none,1,"CIAGA', GRAZIELLA LEYLA"
06 CURATELA::06.1 Curatela,http://hdl.handle.net/11311/242853,ita,2004,-,nazionale,Casa Editrice Charta,-,Milano,Come comete. Annunci e messaggi nella grafica della Triennale,-,-,Come Comete. Annunci e messaggi nella grafica della Triennale,Storia del design della comunicazione; Triennale di Milano; grafica; Milano; anni trenta; anni quaranta; anni cinquanta; anni settanta; anni ottanta; anni novanta,06.1 Curatela,info:eu-repo/semantics/closedAccess,2,"S. Annicchiarico;PIAZZA, MARIO"
06 CURATELA::06.1 Curatela,http://hdl.handle.net/11311/244604,-,2004,-,internazionale,Edizioni Poli.Design,-,Milano,-,-,-,Design Multiverso. Appunti di Fenomenologia del Design,-,06.1 Curatela,none,2,"BERTOLA, PAOLA;MANZINI, EZIO"
06 CURATELA::06.1 Curatela,http://hdl.handle.net/11311/247158,ita;eng,2004,-,nazionale,Edizioni Poli.Design,ITA,Milano,design at work 2004,-,-,Design at work 2004,-,06.1 Curatela,none,1,"PALMIERI, STEFANIA"
06 CURATELA::06.1 Curatela,http://hdl.handle.net/11311/250135,-,2004,-,nazionale,Clup,-,Milano,-,-,-,Costruire imbarcazioni da diporto,-,06.1 Curatela,none,2,"PIARDI, SILVIA ELVIRA MARIA;RATTI, ANDREA"
06 CURATELA::06.1 Curatela,http://hdl.handle.net/11311/255226,ita,2004,-,nazionale,Edizioni Poli.Design,ITA,Milano,-,-,-,Il corpo delle cose,-,06.1 Curatela,none,1,"COLLINA, LUISA MARIA VIRGINIA"
06 CURATELA::06.1 Curatela,http://hdl.handle.net/11311/263492,ita,2004,-,nazionale,Moretti&Vitali,-,Milano,-,-,-,L'usabilità dei prodotti industriali,Usabilità; User centred design; qualità d'uso,06.1 Curatela,none,2,"ANSELMI, LAURA;TOSI, FRANCESCA"
06 CURATELA::06.1 Curatela,http://hdl.handle.net/11311/532245,ita;ger,2004,-,-,Bompiani,-,MILANO,-,-,-,Edmund Husserl. Fenomenologia e teoria della conoscenza,-,06.1 Curatela,none,1,"VOLONTE', PAOLO GAETANO"
06 CURATELA::06.1 Curatela,http://hdl.handle.net/11311/532346,-,2004,-,internazionale,Cranfield University,-,-,-,-,-,Solution oriented partnership. How to design industrialised sustainable solutions,-,06.1 Curatela,none,3,"MANZINI, EZIO;COLLINA, LUISA MARIA VIRGINIA;STEVE EVANS"
06 CURATELA::06.1 Curatela,http://hdl.handle.net/11311/532533,ita,2004,-,internazionale,-,-,-,-,-,-,Progetto giovane,-,06.1 Curatela,none,2,"SIMONELLI, GIULIANO;BARONI D."
06 CURATELA::06.1 Curatela,http://hdl.handle.net/11311/532706,ita,2004,-,nazionale,FrancoAngeli,ITA,MILANO,-,-,-,Design della comunicazione ed esperienze di acquisto,-,06.1 Curatela,none,1,"BUCCHETTI, VALERIA LUISA"
06 CURATELA::06.1 Curatela,http://hdl.handle.net/11311/554612,ita,2004,-,nazionale,Edizioni POLI.Design,ITA,Milano,-,-,-,"Sapere, immaginare, fare: il design d’innovazione per l’elettrodomestico. Formazione post-lauream per il design dei prodotti a media complessità",-,06.1 Curatela,info:eu-repo/semantics/closedAccess,1,"RAMPINO, LUCIA ROSA ELENA"
06 CURATELA::06.1 Curatela,http://hdl.handle.net/11311/554653,-,2004,-,nazionale,La rivista del colore,-,Vimercate (MI),-,-,-,Design e finitura dei compositi derivati dal legno,-,06.1 Curatela,none,1,"INGARAMO, MATTEO ORESTE"
06 CURATELA::06.1 Curatela,http://hdl.handle.net/11311/563132,ita,2004,-,-,Apogeo,ITA,MILANO,-,-,-,Interaction Design,-,06.1 Curatela,none,1,"RIZZO, FRANCESCA"
06 CURATELA::06.1 Curatela,http://hdl.handle.net/11311/641735,ita,2004,-,-,Maschietto Editore,ITA,Firenze,-,-,-,“SENTIERI NELL’ARTE”. Il contemporaneo nel paesaggio toscano,arte ambientale; site specific; environment art; scultura all'aperto; scultura ambientata; land art,06.1 Curatela,info:eu-repo/semantics/closedAccess,1,"MAZZANTI, ANNA"
06 CURATELA::06.1 Curatela,http://hdl.handle.net/11311/243592,ita,2005,-,nazionale,Clup Ed.,-,Milano,-,-,-,Gesticolando. cenni sulla diversità,-,06.1 Curatela,info:eu-repo/semantics/closedAccess,2,"CRIPPA, DAVIDE;DI PRETE, BARBARA"
06 CURATELA::06.1 Curatela,http://hdl.handle.net/11311/251057,ita,2005,-,nazionale,Franco Angeli,-,Milano,-,-,-,Packaging design,-,06.1 Curatela,none,1,"BUCCHETTI, VALERIA LUISA"
06 CURATELA::06.1 Curatela,http://hdl.handle.net/11311/261995,eng,2005,-,internazionale,Edizioni Poli.Design,-,Milano,-,-,-,"Designing Designers: Designing Hospitality- Visions, scenarios, systems, services, spaces and products",Hospitality design; Ospitalità,06.1 Curatela,none,2,"COLLINA, LUISA MARIA VIRGINIA;SCULLICA, FRANCESCO"
06 CURATELA::06.1 Curatela,http://hdl.handle.net/11311/266768,-,2005,-,nazionale,Edizioni Poli.Design,-,Milano,-,-,-,ManteroMood. Moviedesign for the silk concepì store La Tessitura_Como,-,06.1 Curatela,none,2,"GALBIATI, MARIA LUISA;PIREDDA, FRANCESCA"
06 CURATELA::06.1 Curatela,http://hdl.handle.net/11311/268961,eng,2005,-,internazionale,Van Gorcum,NLD,Assen,-,-,-,"Methodology for Product Service System. How to develop clean, clever and competitive strategies in companies",-,06.1 Curatela,none,3,"C. Van Halen;VEZZOLI, CARLO ARNALDO;R. Wimmer"
06 CURATELA::06.1 Curatela,http://hdl.handle.net/11311/274162,-,2005,-,nazionale,Edizioni Poli.Design,-,Milano,-,-,-,Performance. Designing for a cultural challange,-,06.1 Curatela,none,3,"CRESPI, LUCIANO;PICCINNO, GIOVANNA;REBAGLIO, AGNESE"
06 CURATELA::06.1 Curatela,http://hdl.handle.net/11311/532294,-,2005,-,nazionale,LibreriaClup,ITA,MILANO,-,-,-,Costruire imbarcazioni da diporto. Esperienze in cantiere,-,06.1 Curatela,none,3,"PIARDI, SILVIA ELVIRA MARIA;RATTI, ANDREA;MAGGIULLI F."
06 CURATELA::06.1 Curatela,http://hdl.handle.net/11311/532316,ita,2005,-,nazionale,CEA,ITA,MILANO,-,-,-,Materiali e Design,-,06.1 Curatela,none,4,"ROGNOLI, VALENTINA;PEDEFERRI, MARIAPIA;DEL CURTO, BARBARA;LEVI, MARINELLA"
06 CURATELA::06.1 Curatela,http://hdl.handle.net/11311/532352,ita,2005,-,internazionale,POLI.design,ITA,MILANO,-,-,-,"Design, imprese, distretti. Un approccio all'innovazione",-,06.1 Curatela,none,3,"ARQUILLA, VENANZIO;VIGNATI, ARIANNA;SIMONELLI, GIULIANO"
06 CURATELA::06.1 Curatela,http://hdl.handle.net/11311/532388,-,2005,-,nazionale,Moretti Honegger,ITA,BERGAMO,-,-,-,La semiotica e le arti utili in undici dialoghi,-,06.1 Curatela,none,1,"ZINGALE, SALVATORE"
06 CURATELA::06.1 Curatela,http://hdl.handle.net/11311/532437,ita,2005,-,nazionale,Aracne Editrice,ITA,ROMA,-,-,-,Il progetto in Biodesign. La costruzione di un percorso,-,06.1 Curatela,none,2,"CANINA, MARIA RITA;VICENTINI, FEDERICO"
06 CURATELA::06.1 Curatela,http://hdl.handle.net/11311/532543,-,2005,-,nazionale,-,-,-,-,-,-,"KIWI, Knowledge Interaction Web Instruction",-,06.1 Curatela,none,1,"COLORNI VITALE, ALBERTO"
06 CURATELA::06.1 Curatela,http://hdl.handle.net/11311/532575,ita,2005,-,nazionale,Clup,ITA,MILANO,-,-,-,Costruire imbarcazioni da diporto - Esperienze in cantiere,-,06.1 Curatela,none,3,"PIARDI, SILVIA ELVIRA MARIA;RATTI, ANDREA;F. MAGGIULLI"
06 CURATELA::06.1 Curatela,http://hdl.handle.net/11311/532707,ita,2005,-,nazionale,Silvia Editrice,-,MILANO,-,-,-,La coda della Q. 50 marchi per la Fondazione Quarta,-,06.1 Curatela,none,2,"BUCCHETTI, VALERIA LUISA;MINOGGIO, MAURIZIO"
06 CURATELA::06.1 Curatela,http://hdl.handle.net/11311/553865,-,2005,-,nazionale,Aracne,-,Roma,-,-,-,"Hard Design. Il Product Design oggi, tra innovazione e creatività",-,06.1 Curatela,none,1,"INGARAMO, MATTEO ORESTE"
06 CURATELA::06.1 Curatela,http://hdl.handle.net/11311/662196,eng;ita,2005,-,-,Polidesign,-,Milano,-,-,-,ManteroMood. Movie design for the silk concept La Tessitura_Como,movie design; comunicazione d'impresa; Mantero; videoinstallazioni; strategie di comunicazione,06.1 Curatela,none,2,"GALBIATI, MARIA LUISA;PIREDDA, FRANCESCA"
06 CURATELA::06.1 Curatela,http://hdl.handle.net/11311/691044,ita,2005,-,-,Electa,-,Milano,-,-,-,Le case nella Triennale. Dal Parco al QT8,-,06.1 Curatela,none,2,"CIAGA', GRAZIELLA LEYLA;TONON, GRAZIELLA"
06 CURATELA::06.1 Curatela,http://hdl.handle.net/11311/691292,ita,2005,-,-,Moretti&Vitali,ITA,Bergamo,-,-,-,La semiotica e le arti utili in undici dialoghi,Semitica; Arti; Design; Oggetti; Architettura; Spazi; Città,06.1 Curatela,info:eu-repo/semantics/closedAccess,1,"ZINGALE, SALVATORE"
06 CURATELA::06.1 Curatela,http://hdl.handle.net/11311/692782,ita,2005,Nessuno,-,"CASVA, Centro di Alti Studi sulle Arti Visive, Comune di Milano",-,Milano,-,-,-,Luciano Baldessari e Milano. Progetti e realizzazioni in Lombardia,-,06.1 Curatela,info:eu-repo/semantics/closedAccess,1,"CIAGA', GRAZIELLA LEYLA"
06 CURATELA::06.1 Curatela,http://hdl.handle.net/11311/694273,ita,2005,-,-,CEA,-,-,-,-,-,Materiali e Design,-,06.1 Curatela,none,4,"LEVI, MARINELLA;PEDEFERRI, MARIAPIA;DEL CURTO, BARBARA;ROGNOLI, VALENTINA"
06 CURATELA::06.1 Curatela,http://hdl.handle.net/11311/242885,-,2006,-,internazionale,Aracne Editrice,-,Roma,-,-,-,La luce come strumento di progetto,-,06.1 Curatela,none,2,"ROSSI, MAURIZIO;SEASSARO, ALBERTO"
06 CURATELA::06.1 Curatela,http://hdl.handle.net/11311/269198,-,2006,-,nazionale,Politecnico di Milano,-,Milano,-,-,-,"KIWI, Knowledge Interaction Web Instruction",-,06.1 Curatela,none,1,"COLORNI VITALE, ALBERTO"
06 CURATELA::06.1 Curatela,http://hdl.handle.net/11311/532241,ita,2006,-,-,FrancoAngeli,ITA,MILANO,-,-,-,Comunicare le identità. Percorsi della soggettività nell'età contemporanea,-,06.1 Curatela,none,2,"L. BOVONE;VOLONTE', PAOLO GAETANO"
06 CURATELA::06.1 Curatela,http://hdl.handle.net/11311/532273,eng,2006,-,internazionale,Libreria Clup,ITA,MILANO,-,-,-,Books. The future of reading?,-,06.1 Curatela,none,3,"CRESPI, LUCIANO;PICCINNO, GIOVANNA;REBAGLIO, AGNESE"
06 CURATELA::06.1 Curatela,http://hdl.handle.net/11311/532312,ita,2006,-,-,Aracne,-,Roma,-,-,-,ergonomia e aspetti psicosociali - nuove competenze nella prevenzione dei rischi lavorativi,-,06.1 Curatela,none,1,"FIGIANI, MAURIZIO"
06 CURATELA::06.1 Curatela,http://hdl.handle.net/11311/532323,ita,2006,-,-,Clean,ITA,NAPOLI,-,-,-,"Design, territorio e patrimonio culturale",design per il territorio; design per i beni culturali; design per lo sviluppo locale,06.1 Curatela,none,4,"V. CRISTALLO;E. GUIDA;A. MORONE;PARENTE, MARINA"
06 CURATELA::06.1 Curatela,http://hdl.handle.net/11311/532324,ita,2006,-,nazionale,Poli.design,ITA,-,-,-,-,Il design per la valorizzazione dei beni culturali. Le premesse fondative della ricerca d.Cult,design per i beni culturali,06.1 Curatela,info:eu-repo/semantics/closedAccess,3,"MAFFEI, STEFANO;PARENTE, MARINA;VILLARI, BEATRICE"
06 CURATELA::06.1 Curatela,http://hdl.handle.net/11311/532349,ita,2006,-,internazionale,POLI.design,ITA,MILANO,-,-,-,Design e Imprese Artigiane. Un modello per l'innovazione.,-,06.1 Curatela,none,1,"ARQUILLA, VENANZIO"
06 CURATELA::06.1 Curatela,http://hdl.handle.net/11311/532418,ita,2006,-,nazionale,Motta,ITA,MILANO,-,-,-,Living room design,-,06.1 Curatela,none,3,"MAFFEI, STEFANO;PARINI B;ARQUILLA, VENANZIO"
06 CURATELA::06.1 Curatela,http://hdl.handle.net/11311/532513,ita,2006,-,nazionale,Polidesign,ITA,MILANO,-,-,-,Moda e Design. Cross fertilization per l'innovazione,-,06.1 Curatela,none,2,"BERTOLA, PAOLA;CONTI, GIOVANNI MARIA"
06 CURATELA::06.1 Curatela,http://hdl.handle.net/11311/552831,-,2006,-,nazionale,Franco Angeli,-,Milano,-,-,-,Design degli interni,-,06.1 Curatela,none,1,"GUERRINI, LUCA"
06 CURATELA::06.1 Curatela,http://hdl.handle.net/11311/552839,-,2006,-,internazionale,Clup,-,Milano,-,-,-,Books. The future of reading?,-,06.1 Curatela,none,3,"CRESPI, LUCIANO;PICCINNO, GIOVANNA;REBAGLIO, AGNESE"
06 CURATELA::06.1 Curatela,http://hdl.handle.net/11311/552855,-,2006,-,nazionale,Moretti Honegger,-,Bergamo,-,-,-,L’inventiva. Psòmega vent’anni dopo,-,06.1 Curatela,none,2,"ZINGALE, SALVATORE;BONFANTINI M. A."
06 CURATELA::06.1 Curatela,http://hdl.handle.net/11311/552861,-,2006,-,internazionale,Actes Sud,-,Arles Cedex,-,-,-,Salons,-,06.1 Curatela,none,3,"ARQUILLA, VENANZIO;MAFFEI, STEFANO;B. Parini"
06 CURATELA::06.1 Curatela,http://hdl.handle.net/11311/552867,-,2006,-,nazionale,MusArc,-,Ferrara,-,-,-,Premio Biagio Rossetti 2005,-,06.1 Curatela,none,2,"GUERRINI, LUCA;VENTURA, NICOLA"
06 CURATELA::06.1 Curatela,http://hdl.handle.net/11311/552868,-,2006,-,nazionale,Virus Edizioni,-,Milano,-,-,-,Advanced Living Scenarios. Contemporary Trends in European Housing,-,06.1 Curatela,none,3,"BOSONI, GIAMPIERO;MANFREDINI, MANFREDO;PIARDI, SILVIA ELVIRA MARIA"
06 CURATELA::06.1 Curatela,http://hdl.handle.net/11311/552960,-,2006,-,nazionale,Federico Motta Editore,-,Milano,-,-,-,Salotti d'autore,-,06.1 Curatela,none,3,"ARQUILLA, VENANZIO;MAFFEI, STEFANO;B. Parini"
06 CURATELA::06.1 Curatela,http://hdl.handle.net/11311/640323,ita,2006,-,-,Edizioni POLI.design,ITA,Milano,-,-,-,"Designing Designers: Design Evolution by east and west. New ambients, new products, new designers",italian design; design; chinese design; design professionals scenario; east-west design relations.,06.1 Curatela,none,2,"COLLINA, LUISA MARIA VIRGINIA;SCULLICA, FRANCESCO"
06 CURATELA::06.1 Curatela,http://hdl.handle.net/11311/642126,ita,2006,-,-,Silvana,ITA,Cinisello Balsamo,-,-,-,Arte in Maremma nella prima metà del Novecento,storicismo; verismo; realismo storico; realismo; sindacali fasciste; scultura simbolista; scultura funebre; macchiaioli; arte sociale; fotografia; archivi fotografici; arte e architettura fra le due guerre; arte decorativa; riviste,06.1 Curatela,none,3,"E. Crispolti;MAZZANTI, ANNA;L. Quattrocchi"
06 CURATELA::06.1 Curatela,http://hdl.handle.net/11311/881657,ita,2006,Nessuno,-,"CASVA - Centro di Alti Studi sulle Arti Visive, Comune di Milano",ITA,Milano,-,-,-,L'archivio dell'architetto Mario Terzaghi presso il Casva,Augusto Magaghi; Mario Terzaghi; archivi del design; archivi di architettura,06.1 Curatela,info:eu-repo/semantics/closedAccess,1,"FERABOLI, MARIA TERESA"
06 CURATELA::06.1 Curatela,http://hdl.handle.net/11311/989810,ita,2006,-,-,Clup,-,-,-,-,-,Corpi arredativi,-,06.1 Curatela,info:eu-repo/semantics/closedAccess,4,"Guerriero, Alessandro;Bobbioni, Mariapia;CRIPPA, DAVIDE;DI PRETE, BARBARA"
06 CURATELA::06.1 Curatela,http://hdl.handle.net/11311/246819,ita,2007,-,nazionale,Libreria Clup,ITA,Milano,-,-,-,"Design per la sostenibilità. Strumenti e strategie per la decade ""Educazione per lo sviluppo sostenibile"" Nazioni Unite (2005-2014)",-,06.1 Curatela,none,2,"P. Tamborrini;VEZZOLI, CARLO ARNALDO"
06 CURATELA::06.1 Curatela,http://hdl.handle.net/11311/250929,-,2007,-,nazionale,Arti Grafiche Meroni,-,Lissone,-,-,-,Playing Design,-,06.1 Curatela,none,2,"L. Cavadini;DELL'ACQUA BELLAVITIS, ARTURO"
06 CURATELA::06.1 Curatela,http://hdl.handle.net/11311/251168,ita,2007,-,nazionale,Dativo Editore,-,Milano,-,-,-,Packaging controverso,-,06.1 Curatela,none,1,"BUCCHETTI, VALERIA LUISA"
06 CURATELA::06.1 Curatela,http://hdl.handle.net/11311/257240,eng,2007,-,internazionale,Poli.Design,ITA,Milano,"Designing Designers: unbranded design for new youser expectations, in east and west",-,-,Designing Designers: Unbranded design for new user expectations,Unbranded design,06.1 Curatela,none,2,"COLLINA, LUISA MARIA VIRGINIA;SCULLICA, FRANCESCO"
06 CURATELA::06.1 Curatela,http://hdl.handle.net/11311/258844,-,2007,-,nazionale,Clup,-,Milano,-,-,-,Movie Design for Experience Project. Visual scenarios for Illy concept store,-,06.1 Curatela,none,2,"GALBIATI, MARIA LUISA;GALLI, FRANCESCO"
06 CURATELA::06.1 Curatela,http://hdl.handle.net/11311/269762,ita,2007,Comitato scientifico,nazionale,Gangemi,ITA,Roma,-,-,STAMPA,"Sole vento acqua vegetazione e tecnologie avanzate: matrici di un nuovo approccio progettuale al territorio, architettura e design strategico.",-,06.1 Curatela,info:eu-repo/semantics/closedAccess,3,"BLASI, CESARE;NEBULONI, ATTILIO;PADOVANO, GABRIELLA"
06 CURATELA::06.1 Curatela,http://hdl.handle.net/11311/269994,ita,2007,-,nazionale,Poli.Design,-,Milano,-,-,-,La Moda e il Design. Il trasferimento di conoscenza a servizio dell'innovazione,-,06.1 Curatela,info:eu-repo/semantics/closedAccess,2,"BERTOLA, PAOLA;CONTI, GIOVANNI MARIA"
06 CURATELA::06.1 Curatela,http://hdl.handle.net/11311/274057,ita,2007,-,nazionale,Poli.Design,-,Milano,-,-,-,Culture visive,-,06.1 Curatela,none,1,"BUCCHETTI, VALERIA LUISA"
06 CURATELA::06.1 Curatela,http://hdl.handle.net/11311/274058,ita,2007,-,nazionale,Poli.Design,-,Milano,-,-,-,Packaging: tra vista e tatto,-,06.1 Curatela,none,1,"BUCCHETTI, VALERIA LUISA"
06 CURATELA::06.1 Curatela,http://hdl.handle.net/11311/532286,eng,2007,-,internazionale,Edizioni Polidesign,ITA,MILANO,-,-,-,Creative Communities. People inventing sustainable ways of living.,"Sustainability - Design Research
Social Innovation
Service Design",06.1 Curatela,info:eu-repo/semantics/closedAccess,1,"MERONI, ANNA"
06 CURATELA::06.1 Curatela,http://hdl.handle.net/11311/532713,ita;eng,2007,-,-,Gangemi,ITA,ROMA,-,-,-,"Abitare la complessità: Branson Coates, Coop Himmelblau, Daniel Libeskind, M&M, Mecanoo, Naga Studio, NL Architects, ODBC, R&Sie, RUR, SMAQ architects, Tomorrow, UNStudio. Serie: Complessità e Sostenibilità: il territorio e l'architettura - Rivista bimestrale digitale di pianificazione e progettazione, n° 01",-,06.1 Curatela,none,5,"G. PADOVANO;C. BLASI;NEBULONI, ATTILIO;I. ANASTASIO;V. ARRIGONI"
06 CURATELA::06.1 Curatela,http://hdl.handle.net/11311/532714,ita;eng,2007,-,-,Gangemi,ITA,ROMA,-,-,-,"Architetture sostenibili: Behnisch & Partner, Mario Cucinella, FOA, Zaha Hadid, LAB Architecture, Manfredi Nicoletti, ODBC, Petzinka-Pink, R&Sie, Samyn and Partners, Synthesis & Research. Serie: Complessità e Sostenibilità: il territorio e l'architettura - Rivista bimestrale digitale di pianificazione e progettazione, n° 02",-,06.1 Curatela,none,5,"G. PADOVANO;C. BLASI;NEBULONI, ATTILIO;I. ANASTASIO;V. ARRIGONI"
06 CURATELA::06.1 Curatela,http://hdl.handle.net/11311/532715,eng;ita,2007,-,-,Gangemi,ITA,ROMA,-,-,-,"Europa, Oceania e Far-East: strategie di pianificazione per i territori. Testi di G. Padovano, J. Peyrony, L. Porsche, K. Serranos, E. Gianniris, M. Zifou, M. Carta, D. Ronsivalle, F. Vescovi, M. Vliet, J. Goedman, C. Anderton, D. Ciesielska, M. Lasocki, D. Blaganje, M. Benabent, P. McFarland, M. Gunder, R. Lizhi, X. Fei, Y. Jing, K. Moriyasu, Y. Pandya, R. Nair, L. Meng, K. Ong, K. Peng. Serie: Complessità e Sostenibilità: il territorio e l'architettura - Rivista bimestrale digitale di pianificazione e progettazione, n° 03-04",-,06.1 Curatela,none,5,"G. PADOVANO;C. BLASI;NEBULONI, ATTILIO;I. ANASTASIO;V. ARRIGONI"
06 CURATELA::06.1 Curatela,http://hdl.handle.net/11311/548046,ita,2007,-,-,Edizioni POLI.design,-,-,-,-,-,Ricerca e design per il prodotto moda,-,06.1 Curatela,info:eu-repo/semantics/closedAccess,2,"BERTOLA, PAOLA;COLOMBI, CHIARA"
06 CURATELA::06.1 Curatela,http://hdl.handle.net/11311/551602,-,2007,-,internazionale,Electa,-,Milano,-,-,-,Leonardo. Dagli studi di proporzioni al Trattato della Pittura,-,06.1 Curatela,none,2,"M. Fiorio;MARANI, PIETRO"
06 CURATELA::06.1 Curatela,http://hdl.handle.net/11311/551625,ita;spa;eng,2007,-,-,Poli.Design,-,Milano,-,-,-,MuVi. Video and moving image on synesthesia and visual music,-,06.1 Curatela,info:eu-repo/semantics/closedAccess,2,"M. De Cordoba;RICCO', DINA"
06 CURATELA::06.1 Curatela,http://hdl.handle.net/11311/551626,ita,2007,-,nazionale,Poli.Design,-,Milano,-,-,-,Fashion Plus. Un'azione di valorizzazione guidata dal design per le PMI del territorio regionale e miliano,-,06.1 Curatela,none,2,"BERTOLA, PAOLA;MAFFEI, STEFANO"
06 CURATELA::06.1 Curatela,http://hdl.handle.net/11311/551633,-,2007,-,internazionale,Libreria Clup,ITA,MILANO,-,-,-,The new generation. The design role in the new generation world,-,06.1 Curatela,none,3,"CRESPI, LUCIANO;PICCINNO, GIOVANNA;REBAGLIO A."
06 CURATELA::06.1 Curatela,http://hdl.handle.net/11311/561919,eng;ita,2007,-,-,Libreria Clup,-,Milano,-,-,-,The new generation: the design role in the new generation world,-,06.1 Curatela,none,3,"CRESPI, LUCIANO;PICCINNO, GIOVANNA;REBAGLIO, AGNESE"
06 CURATELA::06.1 Curatela,http://hdl.handle.net/11311/692927,ita,2007,-,-,SKIRA,-,-,-,-,-,In pubblico. Azioni e idee degli anni settanta in Italia,-,06.1 Curatela,none,3,"M. Fochessati;PIAZZA, MARIO;S. Solimano"
06 CURATELA::06.1 Curatela,http://hdl.handle.net/11311/693436,eng;ita,2007,-,-,Edizioni PoliDesign,-,-,-,-,-,That’s Poli. Polimi at That’s Design,-,06.1 Curatela,none,2,"PIAZZA, MARIO;M. Pelizzari"
06 CURATELA::06.1 Curatela,http://hdl.handle.net/11311/881651,ita;eng,2007,Nessuno,-,Electa Triennale,ITA,Milano,-,-,-,Renzo Piano. Le città visibili,Renzo Piano; Architettura contemporanea,06.1 Curatela,info:eu-repo/semantics/closedAccess,2,"IRACE, FULVIO;FERABOLI, MARIA TERESA"
06 CURATELA::06.1 Curatela,http://hdl.handle.net/11311/989815,eng;ita,2007,-,-,Corraini,-,mantova,-,-,-,Investigations into Decor and Decus / Indagini tra Decor e Decus,-,06.1 Curatela,info:eu-repo/semantics/closedAccess,2,"CRIPPA, DAVIDE;DI PRETE, BARBARA"
06 CURATELA::06.1 Curatela,http://hdl.handle.net/11311/532242,ita;eng,2008,-,nazionale,Bozen-Bolzano University Press,ITA,BOLZANO,-,-,-,La creatività nelle professioni,-,06.1 Curatela,none,2,"VOLONTE', PAOLO GAETANO;PEDRONI, MARCO LUCA"
06 CURATELA::06.1 Curatela,http://hdl.handle.net/11311/532243,ita,2008,-,nazionale,FrancoAngeli,-,MILANO,-,-,-,La creatività diffusa. Culture e mestieri della moda oggi,-,06.1 Curatela,none,1,"VOLONTE', PAOLO GAETANO"
06 CURATELA::06.1 Curatela,http://hdl.handle.net/11311/532244,ita;ger,2008,-,nazionale,Bompiani,-,MILANO,-,-,-,Max Weber. La scienza come professione,-,06.1 Curatela,none,1,"VOLONTE', PAOLO GAETANO"
06 CURATELA::06.1 Curatela,http://hdl.handle.net/11311/532416,eng;ita,2008,-,internazionale,Poli.design,ITA,MILANO,-,-,-,"Design, Research, Maps. Prospettive della ricerca universitaria in design in Italia. 2003-2007",-,06.1 Curatela,none,2,"MAFFEI, STEFANO;BERTOLA, PAOLA"
06 CURATELA::06.1 Curatela,http://hdl.handle.net/11311/532726,ita,2008,-,-,McGraw Hill,ITA,-,-,-,-,L'impresa di successo. Il Design e la competitività,-,06.1 Curatela,none,1,"RAMPINO, LUCIA ROSA ELENA"
06 CURATELA::06.1 Curatela,http://hdl.handle.net/11311/532782,eng,2008,-,internazionale,Greenleaf Publishing,GBR,SHEFFIELD,-,-,-,System Innovation for Sustainability 1. Perspectives on Radical Changes to Sustainable Consumption and Production,-,06.1 Curatela,none,5,"VEZZOLI, CARLO ARNALDO;A. TUKKER;M. CHARTER;E. STØ;M. M. ANDERSEN"
06 CURATELA::06.1 Curatela,http://hdl.handle.net/11311/532787,ita,2008,-,-,FrancoAngeli,ITA,MILANO,-,-,-,Argomenti di ergonomia. Un glossario. Vol. I,-,06.1 Curatela,info:eu-repo/semantics/closedAccess,2,"PIZZOCARO, SILVIA LUISA;FIGIANI, MAURIZIO"
06 CURATELA::06.1 Curatela,http://hdl.handle.net/11311/545230,chi;eng,2008,-,-,China Water Power Press,CHN,Beijing,-,-,-,Housing in Europe and in China,Housing; interior design; new scenarios,06.1 Curatela,none,3,"PIARDI, SILVIA ELVIRA MARIA;MANFREDINI, MANFREDO;BOSONI, GIAMPIERO"
06 CURATELA::06.1 Curatela,http://hdl.handle.net/11311/547653,eng,2008,-,-,Franco Angeli Editore,ITA,Milano,-,-,-,"Place and Themes of Interiors, Contemporary Research Studies",-,06.1 Curatela,none,4,"BASSO PERESSUT, GIAN LUCA;FORINO, IMMACOLATA CONCEZIONE;POSTIGLIONE, GENNARO;SCULLICA, FRANCESCO"
06 CURATELA::06.1 Curatela,http://hdl.handle.net/11311/547668,eng;ita,2008,-,-,Maggioli Editore,ITA,Sant’Arcangelo di Romagna (Rimini),-,-,-,The Hospitable city,-,06.1 Curatela,none,2,"FASSI, DAVIDE;SCULLICA, FRANCESCO"
06 CURATELA::06.1 Curatela,http://hdl.handle.net/11311/549670,ita,2008,-,-,Silvana Editoriale,ITA,Cinisello Balsamo (MI),-,-,-,Bruno Munari,-,06.1 Curatela,none,2,"FINESSI, GIUSEPPE;M. Meneguzzo"
06 CURATELA::06.1 Curatela,http://hdl.handle.net/11311/549834,ita,2008,-,-,Maggioli Editore,ITA,Rimini,-,-,-,Progetti per lo sviluppo del territorio. Marketing strategico dell'Oltrepò Mantovano,Marketing territoriale; valorizzazione beni culturali; distretti culturali; brand territoriale,06.1 Curatela,info:eu-repo/semantics/closedAccess,3,"CASONI, GIORGIO;FANZINI, DANIELE;TROCCHIANESI, RAFFAELLA"
06 CURATELA::06.1 Curatela,http://hdl.handle.net/11311/550371,ita,2008,-,-,POLIdesign,-,-,-,-,-,Brand reset. Il caso Framesi,-,06.1 Curatela,none,3,"COLLINA, LUISA MARIA VIRGINIA;MANCIARACINA, ANDREA GIUSEPPE;TOLINO, UMBERTO"
06 CURATELA::06.1 Curatela,http://hdl.handle.net/11311/881646,ita,2008,Nessuno,-,ELECTA MONDADORI,ITA,Milano,-,-,-,Casa per tutti. Abitare la città globale,case  prefabbricate; prefabbricazione leggera,06.1 Curatela,info:eu-repo/semantics/closedAccess,2,"IRACE, FULVIO;FERABOLI, MARIA TERESA"
06 CURATELA::06.1 Curatela,http://hdl.handle.net/11311/504231,ita,2009,-,-,Franco Angeli,ITA,MILANO,-,-,-,HELL PARADISE SHOPPING,shopping; consumi.,06.1 Curatela,none,1,"CAUTELA, CABIRIO"
06 CURATELA::06.1 Curatela,http://hdl.handle.net/11311/532729,eng;ita,2009,-,internazionale,Editrice Compositori,-,-,-,-,-,Designing Connected places,design; local development; territorial and cultural asset,06.1 Curatela,none,2,"LUPO, ELEONORA;C. Campagnaro"
06 CURATELA::06.1 Curatela,http://hdl.handle.net/11311/544080,ita,2009,-,internazionale,Alinea,ITA,FIRENZE,-,-,-,Design Follows Materials,materiali; design; ricerca sui materiali; sperimentazione progettuale; innovazione,06.1 Curatela,info:eu-repo/semantics/closedAccess,2,"FERRARA, MARIA RITA;S. LUCIBELLO"
06 CURATELA::06.1 Curatela,http://hdl.handle.net/11311/546441,eng;ita,2009,-,-,Gangemi,ITA,Roma,-,-,-,"Master in Territorio e Architettura Sostenibili: Seminari Internazionali e progetti dei gruppi di ricerca. Serie: Complessità e Sostenibilità: il territorio e l'architettura - Rivista bimestrale digitale di pianificazione e progettazione, n° 10",-,06.1 Curatela,none,5,"PADOVANO G;BLASI C;NEBULONI, ATTILIO;ANASTASIO I;ARRIGONI V."
06 CURATELA::06.1 Curatela,http://hdl.handle.net/11311/547903,ita,2009,-,-,Bruno Mondadori,ITA,Milano,-,-,-,Biografie di oggetti | Storie di cose,biography of the objects; cultural production; cultural consumption,06.1 Curatela,none,4,"A. Burtscher;D. Lupo;A. Mattozzi;VOLONTE', PAOLO GAETANO"
06 CURATELA::06.1 Curatela,http://hdl.handle.net/11311/561410,ita,2009,-,-,NEW PRESS EDIZIONI,ITA,Como,-,-,-,Design a Como. L'impatto del sistema design politecnico nel distretto comasco,design; didattica; ricerca; sistemi produttivi locali; distretti industriali; formazione; legno arredo; tessile; disegno industriale; creatività; innovazione,06.1 Curatela,info:eu-repo/semantics/closedAccess,1,"DE PAOLIS, ROBERTO"
06 CURATELA::06.1 Curatela,http://hdl.handle.net/11311/561522,eng,2009,-,-,Maggioli,ITA,Bologna,-,-,-,Designing Designers: Where Does Light Move To? Lighting Design Innovation Scenarios.,Design; Lighting; Products,06.1 Curatela,none,1,"ROSSI, MAURIZIO"
06 CURATELA::06.1 Curatela,http://hdl.handle.net/11311/562688,ita,2009,-,-,edizioni Poli.design,ITA,Milano,-,-,-,Il Sistema Design Italia per la valorizzazione dei beni culturali,-,06.1 Curatela,none,2,"PARENTE, MARINA;LUPO, ELEONORA"
06 CURATELA::06.1 Curatela,http://hdl.handle.net/11311/562762,ita,2009,-,-,Maggioli,ITA,Rimini,-,-,-,Design Research Maps. Prospettive della ricerca universitaria in design in Italia,Design e Ricerca; Innovazione; Nuovo Made in Italy; PhD Design; Design,06.1 Curatela,none,2,"BERTOLA, PAOLA;MAFFEI, STEFANO"
06 CURATELA::06.1 Curatela,http://hdl.handle.net/11311/563222,ita,2009,-,-,MAGGIOLI EDITORE,-,SANTARCANGELO DI ROMAGNA (RN),-,-,-,DESIGN E CONTINUITA' COMPETITIVA. Creatività e strategia per affrontare il passaggio generazionale,DESIGN; PMI; CONTINUITA' COMPETITIVA; PASSAGGIO GENERAZIONALE; STRATEGIA; SCENARI; NUOVO MADE IN ITALY; TRAIETTORIE DI INNOVAZIONE,06.1 Curatela,none,1,"VIGNATI, ARIANNA"
06 CURATELA::06.1 Curatela,http://hdl.handle.net/11311/563400,ita,2009,Comitato scientifico,-,Alinea Edizioni,ITA,Firenze,-,-,-,Pratiche sostenibili. Itinerari del design nella ricerca italiana,-,06.1 Curatela,none,2,"VEZZOLI, CARLO ARNALDO;Veneziano R."
06 CURATELA::06.1 Curatela,http://hdl.handle.net/11311/563448,ita;eng,2009,-,-,Designpress,ITA,Roma,-,-,-,Another Med_Another Design,-,06.1 Curatela,none,2,"A. Can Ozcan;FERRARA, MARIA RITA"
06 CURATELA::06.1 Curatela,http://hdl.handle.net/11311/563652,eng;ita,2009,-,-,Maggioli,-,Milano,-,-,-,Sustainable mobility,-,06.1 Curatela,none,3,"FASSI, DAVIDE;GIUNTA, ELENA ENRICA;REBAGLIO, AGNESE"
06 CURATELA::06.1 Curatela,http://hdl.handle.net/11311/563656,ita,2009,"Sì, ma tipo non specificato",-,Maggioli,ITA,Milano,-,-,STAMPA,La didattica del disegno nei corsi di laurea in design. Giornata di studio. 27 maggio 2009.,Didattica del disegno; Disegno; Design; Dipartimento INDACO; Corsi di Studio; Facoltà del Design; Università.,06.1 Curatela,info:eu-repo/semantics/closedAccess,8,"AMORUSO, GIUSEPPE;BISTAGNINO, ENRICA;BREVI, FAUSTO;CECONELLO, MAURO ATTILIO;COCCHIARELLA, LUIGI;GUIDI, GABRIELE;PIERLUISI, GABRIELE;ROSSI, MICHELA"
06 CURATELA::06.1 Curatela,http://hdl.handle.net/11311/563672,ita,2009,-,-,Polipress - Politecnico di Milano,ITA,Milano,-,-,-,AD HONOREM,-,06.1 Curatela,none,1,"GALBIATI, MARIA LUISA"
06 CURATELA::06.1 Curatela,http://hdl.handle.net/11311/563711,ita,2009,-,-,Chartusia,ITA,Milano,-,-,-,Giardino comanda color,arte ambientale; parchi di scultura; arte e bambini; arte e paesaggio,06.1 Curatela,none,1,"MAZZANTI, ANNA"
06 CURATELA::06.1 Curatela,http://hdl.handle.net/11311/563723,ita,2009,-,-,Grafiche Sigem srl,-,-,-,-,-,"Mobili e Collaborativi. Telefoni mobili, servizi digitali, e dinamizzazione socioculturale.",-,06.1 Curatela,none,4,"MANZINI, EZIO;PILLAN, MARGHERITA;BUGANZA, TOMMASO;G. Ferri;BIANCHINI, MASSIMO"
06 CURATELA::06.1 Curatela,http://hdl.handle.net/11311/563857,eng,2009,-,-,edizioni Polidesign,-,Milano,-,-,-,Designing Designers: Office and  Workplaces for Knowledge workers,-,06.1 Curatela,none,2,"SCULLICA, FRANCESCO;SCHOONBRODT, ANNE HUBERT EUGENIE"
06 CURATELA::06.1 Curatela,http://hdl.handle.net/11311/564066,ita;eng,2009,-,-,Edizioni POLI.design,-,Milano,-,-,-,Opening Soon,-,06.1 Curatela,none,2,"COLLINA, LUISA MARIA VIRGINIA;L. Pollini"
06 CURATELA::06.1 Curatela,http://hdl.handle.net/11311/564221,fra,2009,-,-,Skira editore,ITA,Milano - Ginevra,-,-,-,Made in Cassina (ed. fr.),Design; italian design; furniture design; Gio Ponti; transatlantici; Carlo De Carli; Vico Magistretti; Gianfranco Frattini; Ico Parisi; Mario Bellini; Gaetano Pesce; Philippe Starck; Paolo Deganello..,06.1 Curatela,none,1,"BOSONI, GIAMPIERO"
06 CURATELA::06.1 Curatela,http://hdl.handle.net/11311/564563,ita,2009,-,-,AIAP,-,Milano,-,-,-,"Nullaosta. Grafica, confini, relazioni",-,06.1 Curatela,none,4,"GUIDA, FRANCESCO ERMANNO;G. CHIA;L. ROSCINI;M. SIGNORILE"
06 CURATELA::06.1 Curatela,http://hdl.handle.net/11311/568386,ita;eng,2009,-,-,Corraini,-,Mantova,-,-,-,Mendini,-,06.1 Curatela,none,1,"FINESSI, GIUSEPPE"
06 CURATELA::06.1 Curatela,http://hdl.handle.net/11311/568390,ita;eng,2009,-,-,Corraini,-,Mantova,-,-,-,Angelo Mangiarotti. Scolpire/Costruire,-,06.1 Curatela,info:eu-repo/semantics/closedAccess,1,"FINESSI, GIUSEPPE"
06 CURATELA::06.1 Curatela,http://hdl.handle.net/11311/691257,eng;spa,2009,-,-,Ediciones Fundación Internacional Artecittà,ESP,Granada,-,-,-,"III Congreso Internacional de Sinestesia, Ciencia y Arte",Synesthesia; Perception; Creativity; Neuroscience,06.1 Curatela,none,4,"M. J. De Córdoba;E. M. Hubbard;RICCO', DINA;S. A. Day"
06 CURATELA::06.1 Curatela,http://hdl.handle.net/11311/563379,ita,2010,-,-,FrancoAngeli,-,Milano,-,-,-,IndossaME. Il design e le tecnologie indossabili,-,06.1 Curatela,none,1,"CANINA, MARIA RITA"
06 CURATELA::06.1 Curatela,http://hdl.handle.net/11311/573359,ita,2010,-,-,FrancoAngeli,ITA,Milano,-,-,-,Argomenti di ergonomia. Un glossario (Vol. 2),Studi sull'utente; Studi di ergonomia; Design antropo-centrico,06.1 Curatela,info:eu-repo/semantics/closedAccess,2,"PIZZOCARO, SILVIA LUISA;FIGIANI, MAURIZIO"
06 CURATELA::06.1 Curatela,http://hdl.handle.net/11311/574067,ita,2010,-,-,Mc. Graw Hill,ITA,Milano,-,-,-,"AdvanceDesign. Visioni, percorsi e strumenti per predisporsi all'innovazione continua.",-,06.1 Curatela,info:eu-repo/semantics/closedAccess,1,"CELI, MANUELA"
06 CURATELA::06.1 Curatela,http://hdl.handle.net/11311/574885,ita,2010,-,-,Maggioli Editore,ITA,Sant'Arcangelo di Romagna (RN),-,-,-,MetaModa. Percorsi di ricerca per il design del prodotto moda,-,06.1 Curatela,info:eu-repo/semantics/closedAccess,2,"BERTOLA, PAOLA;COLOMBI, CHIARA"
06 CURATELA::06.1 Curatela,http://hdl.handle.net/11311/574951,eng,2010,-,-,Franco Angeli,ITA,Milano,-,-,-,Notes on Doctoral Research in Design. Contributions from the Politecnico di Milano,Design Research,06.1 Curatela,info:eu-repo/semantics/closedAccess,1,"GUERRINI, LUCA"
06 CURATELA::06.1 Curatela,http://hdl.handle.net/11311/575286,eng;ita,2010,-,-,De Agostini,ITA,Novara,-,-,-,Codex Atlanticus. Macchine per l'architettura e il territorio. Disegni di Leonardo dal Codice Atlantico,Leonardo da Vinci; disegni; tecnologia; architettura; macchine,06.1 Curatela,none,2,"MARANI, PIETRO;CORDERA, PAOLA"
06 CURATELA::06.1 Curatela,http://hdl.handle.net/11311/575288,ita,2010,-,-,Silvana Editoriale-Amilcare Pizzi,ITA,Cinisello Balsamo-Milano,-,-,-,Leonardo da Vinci. Il Musico,Leonardo; dipinti; Ambrosiana; musica,06.1 Curatela,none,1,"MARANI, PIETRO"
06 CURATELA::06.1 Curatela,http://hdl.handle.net/11311/578005,eng,2010,Esperti anonimi,-,Greenleaf Publishing,GBR,Sheffield,-,-,-,"Sustainability in design: now! Challenges and opportunities for design research, education and practice in the XXI century.",-,06.1 Curatela,info:eu-repo/semantics/closedAccess,3,"CESCHIN, FABRIZIO;VEZZOLI, CARLO ARNALDO;J. Zhang"
06 CURATELA::06.1 Curatela,http://hdl.handle.net/11311/578301,ita,2010,-,-,Maggioli,-,-,-,-,-,Colore e colorimetria contributi multidisciplinari Vol VI,-,06.1 Curatela,info:eu-repo/semantics/closedAccess,1,"ROSSI, MAURIZIO"
06 CURATELA::06.1 Curatela,http://hdl.handle.net/11311/578522,eng,2010,-,-,IDC Colour Centre,ITA,Milano,-,-,-,Colore. quaderni di cultura e progetto del colore / notes on colour culture and design,-,06.1 Curatela,none,1,"BOERI, CRISTINA"
06 CURATELA::06.1 Curatela,http://hdl.handle.net/11311/579241,ita;eng,2010,-,-,Edizioni Dativo,ITA,Milano,-,-,-,Innovazione nel packaging design. Riflessioni e strumenti.,-,06.1 Curatela,none,2,"BUCCHETTI, VALERIA LUISA;CIRAVEGNA, ERIK"
06 CURATELA::06.1 Curatela,http://hdl.handle.net/11311/580803,ita,2010,-,-,De Pedrini,ITA,Milano,-,-,-,Latitudine 45°40'80'' - Longitudine 9°15'20''. Milanofiori Nord,-,06.1 Curatela,info:eu-repo/semantics/closedAccess,3,"BARBARA, ANNA;L. Molinari"
06 CURATELA::06.1 Curatela,http://hdl.handle.net/11311/582065,eng;ita,2010,-,-,Silvana Editoriale,ITA,Cinisello Balsamo,-,-,STAMPA,Luigi Ferrario. Paesaggi costruiti,Architettura contemporanea; Luigi Ferrario,06.1 Curatela,info:eu-repo/semantics/closedAccess,2,"CIAGA', GRAZIELLA LEYLA;FERABOLI, MARIA TERESA"
06 CURATELA::06.1 Curatela,http://hdl.handle.net/11311/582693,ita,2010,-,-,Franco Angeli,ITA,Milano,-,-,-,"La semiotica e il progetto 2. Spazi, oggetti, interfacce",-,06.1 Curatela,none,3,"C. Bianchi;F. Montanari;ZINGALE, SALVATORE"
06 CURATELA::06.1 Curatela,http://hdl.handle.net/11311/583474,ita,2010,-,-,Pagliai,-,Firenze,-,-,-,"Novecento Sedotto, il fascino del Seicento fra le due guerre",-,06.1 Curatela,none,3,"MAZZANTI, ANNA;L. Mannini;V. Gensini"
06 CURATELA::06.1 Curatela,http://hdl.handle.net/11311/583494,ita;eng,2010,-,-,Corraini Edizioni,-,-,-,-,-,"Ospiti Inaspettati. Case di ieri, design di oggi",-,06.1 Curatela,none,1,"FINESSI, GIUSEPPE"
06 CURATELA::06.1 Curatela,http://hdl.handle.net/11311/583495,eng;ita,2010,-,-,Corraini Edizioni,-,-,-,-,-,Inventario 01,-,06.1 Curatela,none,1,"FINESSI, GIUSEPPE"
06 CURATELA::06.1 Curatela,http://hdl.handle.net/11311/692776,ita;eng,2010,-,-,Silvana Editoriale,-,Cinisello Balsamo,-,-,STAMPA,Luigi Ferrario. Paesaggi costruiti,-,06.1 Curatela,info:eu-repo/semantics/closedAccess,2,"CIAGA', GRAZIELLA LEYLA;FERABOLI, MARIA TERESA"
06 CURATELA::06.1 Curatela,http://hdl.handle.net/11311/572638,eng,2011,Comitato scientifico,-,Gower Publishing Limited,GBR,-,-,-,-,Design for Services,Service Design; Design for Services; Design for Sustainability; Strategic Design; Product Service System Design,06.1 Curatela,info:eu-repo/semantics/closedAccess,2,"MERONI, ANNA;SANGIORGI, DANIELA"
06 CURATELA::06.1 Curatela,http://hdl.handle.net/11311/576680,ita;eng,2011,-,-,Aiap Edizioni,ITA,Milano,-,-,-,"On the road. Bob Noorda, il grafico del viaggio (titolo inglese ""On the road. Bob Noorda: travelling with a graphic designer"").",Design della comunicazione; progetto grafico; identità visiva; editoria.,06.1 Curatela,info:eu-repo/semantics/closedAccess,2,"GUIDA, FRANCESCO ERMANNO;FERRARA, CINZIA"
06 CURATELA::06.1 Curatela,http://hdl.handle.net/11311/579322,ita,2011,-,-,Maggioli Editore,ITA,-,-,-,-,La ricerca nel disegno di design. giornata di studio 20 ottobre 2010,Disegno; Rappresentazione; Design del Prodotto; Design della Moda; Design della Comunicazione; Design degli Interni; Design dei Beni culturali,06.1 Curatela,info:eu-repo/semantics/closedAccess,8,"AMORUSO, GIUSEPPE;BISTAGNINO, ENRICA;BREVI, FAUSTO;CECONELLO, MAURO ATTILIO;GUIDI, GABRIELE;PIERLUISI, GABRIELE;ROSSI, MICHELA;RUSSO, MICHELE"
06 CURATELA::06.1 Curatela,http://hdl.handle.net/11311/580903,ita;eng,2011,-,-,Aiap Edizioni,-,Milano,-,-,-,"Il segno continuo. Simonetta Ferrante.Grafica tra arte, calligrafia e design",-,06.1 Curatela,info:eu-repo/semantics/closedAccess,2,"GUIDA, FRANCESCO ERMANNO;Lorenzo Grazzani"
06 CURATELA::06.1 Curatela,http://hdl.handle.net/11311/580905,ita,2011,-,-,Franco Angeli,-,Milano,-,-,-,Type Design. Esperienze progettuali tra teoria e prassi.,-,06.1 Curatela,info:eu-repo/semantics/closedAccess,2,"GUIDA, FRANCESCO ERMANNO;ILIPRANDI, GIANCARLO"
06 CURATELA::06.1 Curatela,http://hdl.handle.net/11311/583875,ita,2011,-,-,Franco Angeli,-,-,-,-,-,Comunicazione a misura d'uomo,-,06.1 Curatela,info:eu-repo/semantics/closedAccess,1,"PILLAN, MARGHERITA"
06 CURATELA::06.1 Curatela,http://hdl.handle.net/11311/604685,ita,2011,-,-,Maggioli,ITA,Santarcangelo di Romagna,-,-,STAMPA,"Realtà, simulazione e progetto. Il ruolo del modello",modello; modellazione digitale; modelli del colore; disegno; reverse modeling; virtual prototyping,06.1 Curatela,info:eu-repo/semantics/closedAccess,7,"AMORUSO, GIUSEPPE;Enica Bistagnino;BREVI, FAUSTO;Mauro Cecconello;PIERLUISI, GABRIELE;ROSSI, MICHELA;RUSSO, MICHELE"
06 CURATELA::06.1 Curatela,http://hdl.handle.net/11311/605680,ita,2011,-,-,Maggioli Editore,-,Milano,-,-,-,"Realtà, simulazione e progetto. Il ruolo del modello",disegno; modello; design.,06.1 Curatela,info:eu-repo/semantics/closedAccess,7,"AMORUSO, GIUSEPPE;Enica Bistagnino;BREVI, FAUSTO;Mauro Cecconello;PIERLUISI, GABRIELE;ROSSI, MICHELA;RUSSO, MICHELE"
06 CURATELA::06.1 Curatela,http://hdl.handle.net/11311/608307,ita,2011,-,-,24 ore Cultura,-,Milano,-,-,-,Franco Albini,Albini; design; interior design; mobili; architettura d'interni; Helg; Cassina; Poggi; Arflex,06.1 Curatela,info:eu-repo/semantics/closedAccess,1,"BOSONI, GIAMPIERO"
06 CURATELA::06.1 Curatela,http://hdl.handle.net/11311/608399,eng,2011,-,-,Maggioli,-,-,-,-,-,Color and Colorimetry Multidisciplinary Contributions,-,06.1 Curatela,info:eu-repo/semantics/closedAccess,1,"ROSSI, MAURIZIO"
06 CURATELA::06.1 Curatela,http://hdl.handle.net/11311/608400,ita,2011,-,-,Maggoli,-,-,-,-,-,Colore e colorimetria contributi multidisciplinari,-,06.1 Curatela,info:eu-repo/semantics/closedAccess,1,"ROSSI, MAURIZIO"
06 CURATELA::06.1 Curatela,http://hdl.handle.net/11311/609276,ita;eng,2011,-,-,Corraini Edizioni,ITA,Mantova,-,-,-,Cruciale,-,06.1 Curatela,none,1,"FINESSI, GIUSEPPE"
06 CURATELA::06.1 Curatela,http://hdl.handle.net/11311/609277,ita;eng,2011,-,-,Corraini Edizioni,ITA,Mantova,-,-,-,Di vaso in fiore,-,06.1 Curatela,none,1,"FINESSI, GIUSEPPE"
06 CURATELA::06.1 Curatela,http://hdl.handle.net/11311/609278,ita;eng,2011,-,-,Corraini Edizioni,ITA,Mantova,-,-,-,Inventario 02,-,06.1 Curatela,none,1,"FINESSI, GIUSEPPE"
06 CURATELA::06.1 Curatela,http://hdl.handle.net/11311/609279,ita;eng,2011,-,-,Corraini Edizioni,ITA,Mantova,-,-,-,Inventario 03,-,06.1 Curatela,none,1,"FINESSI, GIUSEPPE"
06 CURATELA::06.1 Curatela,http://hdl.handle.net/11311/614714,ita,2011,-,-,"Comune di Milano, CASVA, Biblioteca d'Arte",ITA,Milano,-,-,-,"Per l’esposizione, mi raccomando…!Milano e l’Esposizione internazionale del Sempione del 1906 nei documenti del Castello Sforzesco.",Esposizioni; Milano; 1906,06.1 Curatela,none,2,"RICCI, GIULIANA;CORDERA, PAOLA"
06 CURATELA::06.1 Curatela,http://hdl.handle.net/11311/630994,ita,2011,-,-,Silvana Editoriale,ITA,Cinisello Balsamo Milano,-,-,-,Leonardo: il Genio il Mito,Leonardo; Mito; Disegni; Pittura; Fortuna,06.1 Curatela,none,5,"MARANI, PIETRO;PEDRETTI, C.;SALVI, P.;VITULO, C.;BARILLI, R."
06 CURATELA::06.1 Curatela,http://hdl.handle.net/11311/635446,ita,2011,-,-,FrancoAngeli,ITA,Milano,-,-,-,Altre figure. Intorno alle figure di argomentazione,-,06.1 Curatela,none,1,"BUCCHETTI, VALERIA LUISA"
06 CURATELA::06.1 Curatela,http://hdl.handle.net/11311/639706,ita,2011,-,-,Liguori,ITA,Napoli,-,-,-,L’oggetto nell’arte contemporanea. Uso e riuso,oggetto; ready made; oggettori; riuso; estetica dell'oggetto; object trouvé,06.1 Curatela,none,2,"E. Crispolti;MAZZANTI, ANNA"
06 CURATELA::06.1 Curatela,http://hdl.handle.net/11311/642133,ita,2011,-,-,MAGGIOLI EDITORE,ITA,-,-,-,-,PROGETTARE UN GIOCO NON E' UN GIOCO,-,06.1 Curatela,info:eu-repo/semantics/closedAccess,2,"FOIS, LUCA;VIGNATI, ARIANNA"
06 CURATELA::06.1 Curatela,http://hdl.handle.net/11311/643730,eng;ita,2011,Comitato scientifico,-,SKIRA EDITORE SPA,ITA,MILANO,-,-,STAMPA,"COMUNICARE IN MOVIMENTO, COMMUNICATION IN MOTION",-,06.1 Curatela,info:eu-repo/semantics/closedAccess,1,"BRUNO, DAVIDE MARIA"
06 CURATELA::06.1 Curatela,http://hdl.handle.net/11311/645146,ita,2011,-,-,Rizzoli,ITA,Milano,-,-,-,"Abitare. 50 anni di design: case, architetture, oggetti, fotografie, mode, design, viaggi – 1961-2011",-,06.1 Curatela,info:eu-repo/semantics/closedAccess,1,"PIAZZA, MARIO"
06 CURATELA::06.1 Curatela,http://hdl.handle.net/11311/662385,ita,2011,-,-,Maggioli Editore,ITA,Santarcangelo di Romagna,-,-,STAMPA,"Realtà, simulazione e progetto. Il ruolo del modello",Disegno; modello; progetto; colore; rappresentazione,06.1 Curatela,info:eu-repo/semantics/closedAccess,7,"AMORUSO, GIUSEPPE;BISTAGNINO, ENRICA;BREVI, FAUSTO;CECONELLO, MAURO ATTILIO;PIERLUISI, GABRIELE;ROSSI, MICHELA;RUSSO, MICHELE"
06 CURATELA::06.1 Curatela,http://hdl.handle.net/11311/666304,eng;ita,2011,-,-,Corraini Edizioni,ITA,Mantova,-,-,-,Inventario 04,-,06.1 Curatela,none,1,"FINESSI, GIUSEPPE"
06 CURATELA::06.1 Curatela,http://hdl.handle.net/11311/688715,ita;eng,2011,-,-,Maggioli Editore,ITA,Sant'Arcangelo di Romagna (RN),-,-,-,Design for innovative communities,GIDE; design; communities; innovazione; internazionale,06.1 Curatela,none,2,"FASSI, DAVIDE;REBAGLIO, AGNESE"
06 CURATELA::06.1 Curatela,http://hdl.handle.net/11311/731991,spa,2011,Nessuno,-,Museo Reina Sofia,ESP,Madrid,-,-,-,Emilio Ambasz.Invenciones: arquitectura y Diseno,Catalogo della mostra al Museo Nacional  de Arte Reina Sofia; Madrid; dicembre 2011,06.1 Curatela,none,1,"IRACE, FULVIO"
06 CURATELA::06.1 Curatela,http://hdl.handle.net/11311/632812,spa;eng;ita,2012,-,-,Ediciones Fundación Internacional Artecittà,ESP,Granada,-,-,-,MuVi3. Video and moving image on synesthesia and visual music / MuVi3. Vídeo e imagen en movimiento sobre sinestesia y música visual,-,06.1 Curatela,info:eu-repo/semantics/closedAccess,2,"RICCO', DINA;M. J. De Córdoba"
06 CURATELA::06.1 Curatela,http://hdl.handle.net/11311/657540,eng;ita,2012,-,-,Maggioli Editore,ITA,Santarcangelo di Romagna,-,-,-,Milano Maths in the city. A mathematical tour of Milanese Architecture - itinerario matematico dell'architettura milanese.,"Architettura e matematica; architecture and mathematics
disegno; drawing
proporzioni; proportions",06.1 Curatela,info:eu-repo/semantics/closedAccess,3,"ROSSI, MICHELA;Sylvie Duvernoy;Giampiero Mele"
06 CURATELA::06.1 Curatela,http://hdl.handle.net/11311/657544,eng,2012,-,-,McGraw-Hill Education,ITA,Milano,-,-,-,Nexus Ph.D. Day. Relationschip between Architecture and Mathematics,design and mathematics; design theory and analysis; design grammars; Harmony and Architecture; parametric design; digital models; archeoastronomy,06.1 Curatela,info:eu-repo/semantics/closedAccess,1,"ROSSI, MICHELA"
06 CURATELA::06.1 Curatela,http://hdl.handle.net/11311/662224,eng,2012,-,-,ACM,USA,New York,-,-,-,DPPI11. Designing Pleasurable Products and Interfaces. Proceedings,-,06.1 Curatela,none,4,"CAUTELA, CABIRIO;DESERTI, ALESSANDRO;RIZZO, FRANCESCA;ZURLO, FRANCESCO"
06 CURATELA::06.1 Curatela,http://hdl.handle.net/11311/664557,ita,2012,Comitato scientifico,-,FrancoAngeli,-,Milano,-,-,-,Moda e arte,-,06.1 Curatela,info:eu-repo/semantics/closedAccess,2,"PEDRONI, MARCO LUCA;VOLONTE', PAOLO GAETANO"
06 CURATELA::06.1 Curatela,http://hdl.handle.net/11311/666284,eng,2012,Nessuno,-,Maggioli,-,-,-,-,-,Color and colorimetry Multidisciplinary contribution - Vol VIIIb,-,06.1 Curatela,info:eu-repo/semantics/closedAccess,1,"ROSSI, MAURIZIO"
06 CURATELA::06.1 Curatela,http://hdl.handle.net/11311/666288,ita,2012,Nessuno,-,Maggioli,-,-,-,-,-,Colore e colorimetria Contributi Multidisciplinari Vol VIIIa,-,06.1 Curatela,info:eu-repo/semantics/closedAccess,2,"ROSSI, MAURIZIO;SINISCALCO, ANDREA"
06 CURATELA::06.1 Curatela,http://hdl.handle.net/11311/666945,eng;ita,2012,-,-,Corraini Edizioni,ITA,Mantova,-,-,-,Fare Lume,Candela; Arte; Design,06.1 Curatela,none,1,"FINESSI, GIUSEPPE"
06 CURATELA::06.1 Curatela,http://hdl.handle.net/11311/668544,eng,2012,-,-,Editore Franco Angeli,ITA,Milano,-,-,-,Design Research: Between Scientific Method and Project Praxis. Notes on Doctoral Research in Design 2012,-,06.1 Curatela,info:eu-repo/semantics/closedAccess,1,"RAMPINO, LUCIA ROSA ELENA"
06 CURATELA::06.1 Curatela,http://hdl.handle.net/11311/685510,ita;eng,2012,-,-,Corraini,ITA,Mantova,-,-,-,Inventario 05,-,06.1 Curatela,none,1,"FINESSI, GIUSEPPE"
06 CURATELA::06.1 Curatela,http://hdl.handle.net/11311/686839,eng;ita,2012,Nessuno,-,FrancoAngeli,-,milano,-,-,-,Giulio Iaccheti Research Experiences in Design,-,06.1 Curatela,none,1,"BIAMONTI, ALESSANDRO"
06 CURATELA::06.1 Curatela,http://hdl.handle.net/11311/686857,eng,2012,-,-,MAGGIOLI EDITORE,ITA,Sant'Arcangelo di Romagna (RN),-,-,-,Exhibit,-,06.1 Curatela,none,3,"FASSI, DAVIDE;REBAGLIO, AGNESE;I. Vegni"
06 CURATELA::06.1 Curatela,http://hdl.handle.net/11311/686921,ita;eng,2012,-,-,Mondadori Education,-,MILANO,-,-,-,Il gioiello utile:Ornamenti RFID le nuove frontiere dell'ornamento,jewellery; design; technology; rfid; innovation; fashion design,06.1 Curatela,none,3,"CAPPELLIERI, ALBA;L. Tenuta;V. Vecchi"
06 CURATELA::06.1 Curatela,http://hdl.handle.net/11311/686977,eng,2012,-,-,McGraw-Hill,USA,Milano,-,-,-,"Descriptive Geometry and Digital Rrepresentation: 
Memory and Innovation",-,06.1 Curatela,info:eu-repo/semantics/closedAccess,1,"ROSSI, MICHELA"
06 CURATELA::06.1 Curatela,http://hdl.handle.net/11311/688067,ita,2012,-,-,Mondadori Università,-,-,-,-,-,Design della Maglieria. Appunti su metodi progettuali e lavorazioni,-,06.1 Curatela,info:eu-repo/semantics/closedAccess,1,"CONTI, GIOVANNI MARIA"
06 CURATELA::06.1 Curatela,http://hdl.handle.net/11311/690076,eng,2012,-,-,DPA Politecnico di Milano,ITA,Milano,-,-,-,Representing Museum Technologies,"Museum technologies, Design for Cultural Heritage",06.1 Curatela,info:eu-repo/semantics/closedAccess,2,"J. Allen;LUPO, ELEONORA"
06 CURATELA::06.1 Curatela,http://hdl.handle.net/11311/690135,ita,2012,-,-,Franco Angeli,ITA,Milano,-,-,-,Anticorpi comunicativi.Progettare per la comunicazione di genere,stereotipi comunicativi; progetto; culture di genere; design critico,06.1 Curatela,none,2,"BAULE, GIOVANNI;BUCCHETTI, VALERIA LUISA"
06 CURATELA::06.1 Curatela,http://hdl.handle.net/11311/690713,ita,2012,Comitato scientifico,-,"CASVA, Centro di Alti Studi sulle Arti Visive, Comune di Milano",ITA,Milano,-,-,STAMPA,"Gli archivi di architettura, design e grafica in Lombardia. Censimento delle fonti",Archivi di architettura e design; Storia dell'architettura e del design; Archivi; fondi; collezioni; raccolte; Censimento; Italia/Lombardia,06.1 Curatela,info:eu-repo/semantics/closedAccess,1,"CIAGA', GRAZIELLA LEYLA"
06 CURATELA::06.1 Curatela,http://hdl.handle.net/11311/692932,ita;eng,2012,-,-,Aiap Edizioni,-,-,-,-,-,Grafica del made in Italy / Made in Italy graphic design,-,06.1 Curatela,none,1,"PIAZZA, MARIO"
06 CURATELA::06.1 Curatela,http://hdl.handle.net/11311/692937,ita;eng,2012,-,-,Corraini Edizioni,-,-,-,-,-,TDM 5: Grafica italiana,-,06.1 Curatela,none,3,"G. Camuffo;PIAZZA, MARIO;C. Vinti"
06 CURATELA::06.1 Curatela,http://hdl.handle.net/11311/692964,ita,2012,-,-,Rizzoli,-,-,-,-,-,"Poltrona Frau.
L'intelligenza delle mani",-,06.1 Curatela,none,1,"PIAZZA, MARIO"
06 CURATELA::06.1 Curatela,http://hdl.handle.net/11311/692966,eng,2012,-,-,Rizzoli International,-,-,-,-,-,Poltrona Frau: Intelligence in Our Hands,-,06.1 Curatela,none,1,"PIAZZA, MARIO"
06 CURATELA::06.1 Curatela,http://hdl.handle.net/11311/694018,eng,2012,-,-,Abitare,ITA,Milano,-,-,-,The Contemporary Interior Landscape,-,06.1 Curatela,none,3,"BOSONI, GIAMPIERO;REBAGLIO, AGNESE;SCULLICA, FRANCESCO;REBAGLIO AGNESE"
06 CURATELA::06.1 Curatela,http://hdl.handle.net/11311/694021,ita;eng,2012,-,-,Abitare,-,Milano,-,-,-,The Contemporary Interior Landscape,-,06.1 Curatela,none,3,"BOSONI, GIAMPIERO;REBAGLIO, AGNESE;SCULLICA, FRANCESCO"
06 CURATELA::06.1 Curatela,http://hdl.handle.net/11311/732594,ita,2012,Nessuno,-,Edizioni Dativo,ITA,Milano,-,-,STAMPA,Packaging design e pubblica utilità. Sperimentazioni in cartone per comunicare la sicurezza domestica,-,06.1 Curatela,info:eu-repo/semantics/closedAccess,2,"CIRAVEGNA, ERIK;TOLINO, UMBERTO"
06 CURATELA::06.1 Curatela,http://hdl.handle.net/11311/768889,ita;eng,2012,Nessuno,-,Corraini Edizioni,ITA,Mantova,-,-,-,Inventario 06,-,06.1 Curatela,none,1,"FINESSI, GIUSEPPE"
06 CURATELA::06.1 Curatela,http://hdl.handle.net/11311/1054875,ita,2013,Nessuno,-,Maggioli Editore,ITA,Santarcangelo di Romagna,-,-,STAMPA,Esperienza e formazione,"colore, design, environmental",06.1 Curatela,info:eu-repo/semantics/closedAccess,1,mario bisson
06 CURATELA::06.1 Curatela,http://hdl.handle.net/11311/720345,ita,2013,-,-,Maggioli editore,ITA,Santarcangelo di Romagna,-,-,-,Verso l'era postdigitale. Disegnare il progetto tra design e architettura.,disegno digitale; rendering; progetto,06.1 Curatela,info:eu-repo/semantics/closedAccess,7,"UdRD Design Representation;AMORUSO, GIUSEPPE;BREVI, FAUSTO;Mauro Ceconello;PIERLUISI, GABRIELE;ROSSI, MICHELA;RUSSO, MICHELE"
06 CURATELA::06.1 Curatela,http://hdl.handle.net/11311/720347,ita,2013,-,-,Maggioli Editore,ITA,Santarcangelo di Romagna,-,-,-,"Geometria, spazio, colore. Ricerche per la rappresentazione e il progetto",colore; rappresentazione; progetto,06.1 Curatela,info:eu-repo/semantics/closedAccess,1,"ROSSI, MICHELA"
06 CURATELA::06.1 Curatela,http://hdl.handle.net/11311/739371,eng,2013,Nessuno,-,Maggioli,ITA,-,-,-,-,Colour and Colorimetry Multidisciplinary Contributions Vol. IXb,-,06.1 Curatela,info:eu-repo/semantics/closedAccess,1,"ROSSI, MAURIZIO"
06 CURATELA::06.1 Curatela,http://hdl.handle.net/11311/739372,ita,2013,Nessuno,-,Maggioli,-,-,-,-,-,Colore e colorimetria contributi multidisciplinari Vol IXa,-,06.1 Curatela,info:eu-repo/semantics/closedAccess,2,"ROSSI, MAURIZIO;SINISCALCO, ANDREA"
06 CURATELA::06.1 Curatela,http://hdl.handle.net/11311/751616,ita;eng,2013,-,-,Corraini,-,Mantova,-,-,-,Made in slums. Mathare Nairobi,-,06.1 Curatela,info:eu-repo/semantics/closedAccess,1,"IRACE, FULVIO"
06 CURATELA::06.1 Curatela,http://hdl.handle.net/11311/758444,eng,2013,-,-,Maggioli editore,ITA,Sant'Arcangelo di Romagna,-,-,-,Creativity for local enterprises,enterprises; creativity; spatial; interior,06.1 Curatela,none,2,"FASSI, DAVIDE;REBAGLIO, AGNESE"
06 CURATELA::06.1 Curatela,http://hdl.handle.net/11311/758930,ita,2013,Comitato scientifico,-,Mimesis Edizioni,ITA,Milano,-,-,-,E' il design una narrazione? Design e narrazioni,design e metanarrazioni; design e narrazioni tangibili; design e comunità testuali,06.1 Curatela,info:eu-repo/semantics/closedAccess,1,"PENATI, ANTONELLA VALERIA"
06 CURATELA::06.1 Curatela,http://hdl.handle.net/11311/758932,ita,2013,Comitato scientifico,-,Mimesis Edizioni,-,Milano,-,-,-,Il design costruisce mondi. Design e narrazioni,design; narrazioni visive; innovazione,06.1 Curatela,info:eu-repo/semantics/closedAccess,1,"PENATI, ANTONELLA VALERIA"
06 CURATELA::06.1 Curatela,http://hdl.handle.net/11311/758933,ita,2013,Comitato scientifico,-,Mimesis Edizioni,ITA,Milano,-,-,-,Il design vive di oggetti-discorso. Design e narrazioni.,design; narrazioni; oggetti; cultura materiale,06.1 Curatela,info:eu-repo/semantics/closedAccess,1,"PENATI, ANTONELLA VALERIA"
06 CURATELA::06.1 Curatela,http://hdl.handle.net/11311/764761,eng;ita,2013,Nessuno,-,ELECTA,ITA,Milano,-,-,STAMPA,Design & Cultural Heritage. Archivio animato,-,06.1 Curatela,info:eu-repo/semantics/closedAccess,2,"IRACE, FULVIO;CIAGA', GRAZIELLA LEYLA"
06 CURATELA::06.1 Curatela,http://hdl.handle.net/11311/768890,ita;eng,2013,Nessuno,-,Corraini Edizioni,ITA,Mantova,-,-,-,Inventario 07,-,06.1 Curatela,info:eu-repo/semantics/closedAccess,1,"FINESSI, GIUSEPPE"
06 CURATELA::06.1 Curatela,http://hdl.handle.net/11311/768891,ita;eng,2013,Nessuno,-,Corraini edizioni,-,Mantova,-,-,-,Inventario 08,-,06.1 Curatela,info:eu-repo/semantics/closedAccess,1,"FINESSI, GIUSEPPE"
06 CURATELA::06.1 Curatela,http://hdl.handle.net/11311/769058,ita,2013,Nessuno,-,ELECTA,-,-,-,-,-,Progetto Cibo. La Forma del Gusto,-,06.1 Curatela,none,1,"FINESSI, GIUSEPPE"
06 CURATELA::06.1 Curatela,http://hdl.handle.net/11311/769060,ita;eng,2013,Nessuno,-,Corraini Edizioni,-,-,-,-,-,Intorno al libro,-,06.1 Curatela,info:eu-repo/semantics/closedAccess,1,"FINESSI, GIUSEPPE"
06 CURATELA::06.1 Curatela,http://hdl.handle.net/11311/804936,ita;eng,2013,"Sì, ma tipo non specificato",-,ELECTA,ITA,Milano,-,-,-,"Design e memoria del Temporaneo/Design 
and memory of the Ephemeral",Cultural design; temporaneo; allestimento; digital heritage,06.1 Curatela,none,2,"LUPO, ELEONORA;TROCCHIANESI, RAFFAELLA"
06 CURATELA::06.1 Curatela,http://hdl.handle.net/11311/861818,ita;eng,2013,Nessuno,-,ELECTA MONDADORI,ITA,Milano,-,-,STAMPA,"Immateriale, virtuale, interattivo",archivio; heritage materiale e immateriale,06.1 Curatela,info:eu-repo/semantics/closedAccess,1,"IRACE, FULVIO"
06 CURATELA::06.1 Curatela,http://hdl.handle.net/11311/974893,ita,2013,-,-,Maggioli Editore,ITA,Milano,-,-,STAMPA,Autentico Contemporaneo. Design e Attivazione dei saperi tipici e maestri artigiani milanesi,"Design for Cultural Heritage, Craft, Cultural intensive artefact",06.1 Curatela,info:eu-repo/semantics/closedAccess,1,"LUPO, ELEONORA"
06 CURATELA::06.1 Curatela,http://hdl.handle.net/11311/989802,eng;ita,2013,-,-,Corraini,-,Mantova,-,-,-,(1:13). The thirteen chairs that were never painted in Leonardo's Last Supper / (1:13). Le tredici sedie mai dipinte nell´Ultima cena di Leonardo,-,06.1 Curatela,info:eu-repo/semantics/closedAccess,2,"CRIPPA, DAVIDE;DI PRETE, BARBARA"
06 CURATELA::06.1 Curatela,http://hdl.handle.net/11311/1029970,ita,2014,-,-,FrancoAngeli,-,-,-,-,-,Overfashion. Nuove prospettive per la moda nella società che ingrassa,-,06.1 Curatela,info:eu-repo/semantics/closedAccess,2,"CANINA, MARIA RITA;VOLONTE', PAOLO GAETANO"
06 CURATELA::06.1 Curatela,http://hdl.handle.net/11311/796926,eng;ita,2014,Nessuno,-,Corraini Edizioni,ITA,Mantova,-,-,-,Il Design Italiano Oltre le Crisi,-,06.1 Curatela,none,1,"FINESSI, GIUSEPPE"
06 CURATELA::06.1 Curatela,http://hdl.handle.net/11311/815123,eng;ita,2014,Nessuno,-,SILVANA EDITORIALE,ITA,Cinisello Balsamo,-,-,-,Agostino Arrivabene. Vesperbild,arte contemporanea,06.1 Curatela,none,1,"MARANI, PIETRO"
06 CURATELA::06.1 Curatela,http://hdl.handle.net/11311/848734,eng;ita,2014,Esperti anonimi,-,Maggioli,ITA,Santarcangelo di Romagna,-,-,STAMPA,Ripensare il disegno/rethinking design (introduzione).,progettazione digitale; digital prototyping; dynamic response,06.1 Curatela,info:eu-repo/semantics/openAccess,-,"ROSSI, MICHELA;Andrea Casale;a. cura di"
06 CURATELA::06.1 Curatela,http://hdl.handle.net/11311/862572,eng;ita,2014,Nessuno,-,Corraini,-,Mantova,-,-,-,Dove vivono gli architetti,interior design; exhibition design,06.1 Curatela,info:eu-repo/semantics/closedAccess,3,"IRACE, FULVIO;MOLTENI, FRANCESCA BIANCA MARIA;Pizzigoni D."
06 CURATELA::06.1 Curatela,http://hdl.handle.net/11311/869980,eng,2014,Nessuno,-,Butterworth-Heinemann: Elsevier,-,-,-,-,STAMPA,"Materials Experience: Fundamentals of
Materials and Design",-,06.1 Curatela,none,3,"Elvin Karana;Owain Pegley;ROGNOLI, VALENTINA"
06 CURATELA::06.1 Curatela,http://hdl.handle.net/11311/872756,ita;eng,2014,Nessuno,-,Corraini edizioni,ITA,Mantova,-,-,STAMPA,INVENTARIO 09,-,06.1 Curatela,none,1,"FINESSI, GIUSEPPE"
06 CURATELA::06.1 Curatela,http://hdl.handle.net/11311/880557,ita;eng,2014,Nessuno,-,Silvana Editoriale,-,Milano,-,-,-,"TEXTILE VIVANT.
Percorsi, esperienze e ricerche del textile design.
Tracks, experiences and Researches in textile design",-,06.1 Curatela,info:eu-repo/semantics/closedAccess,4,"CONTI, GIOVANNI MARIA;DEL CURTO, BARBARA;FIORANI, ELEONORA;SOLDATI, MARIA GRAZIA"
06 CURATELA::06.1 Curatela,http://hdl.handle.net/11311/924155,eng,2014,Esperti anonimi,-,STS Italia Publishing,ITA,-,-,-,ELETTRONICO,"A Matter of Design: Making Society trough Science and Technology
Proceedings of the 5th STS Italia Conference",-,06.1 Curatela,none,6,"C. Coletta;COLOMBO, SARA;P. Magaudda;A. Mattozzi;L. Parolin;RAMPINO, LUCIA ROSA ELENA"
06 CURATELA::06.1 Curatela,http://hdl.handle.net/11311/935762,ita,2014,Esperti anonimi,-,Franco Angeli,ITA,milano,-,-,STAMPA,Overfashion. Nuove prospettive per la moda nella società che ingrassa,-,06.1 Curatela,info:eu-repo/semantics/closedAccess,2,"CANINA, MARIA RITA;VOLONTE', PAOLO GAETANO"
06 CURATELA::06.1 Curatela,http://hdl.handle.net/11311/935991,ita;eng,2014,Nessuno,-,Corraini Edizioni,ITA,Mantova,-,-,STAMPA,INVENTARIO 10,-,06.1 Curatela,none,1,"FINESSI, GIUSEPPE"
06 CURATELA::06.1 Curatela,http://hdl.handle.net/11311/941559,ita,2014,Comitato scientifico,-,"""MAGGIOLI EDITORE"", Gruppo del colore",-,-,-,-,-,Colore e colorimetria contributi multidisciplinari Vol Xa,-,06.1 Curatela,info:eu-repo/semantics/closedAccess,2,"ROSSI, MAURIZIO;Veronica Marchiafava"
06 CURATELA::06.1 Curatela,http://hdl.handle.net/11311/942187,eng,2014,Nessuno,-,"""MAGGIOLI EDITORE"", Gruppo del colore",-,-,-,-,-,Colour and Colorimetry Multidisciplinary Contributions Vol. Xb,-,06.1 Curatela,info:eu-repo/semantics/closedAccess,1,"ROSSI, MAURIZIO"
06 CURATELA::06.1 Curatela,http://hdl.handle.net/11311/956158,eng,2014,Comitato scientifico,-,Bloomsbury Publishing Plc (now Taylor and Francis),GBR,London,-,-,STAMPA,Fashion Made in Italy. Special Issue,-,06.1 Curatela,info:eu-repo/semantics/closedAccess,2,"BERTOLA, PAOLA;COLOMBI, CHIARA"
06 CURATELA::06.1 Curatela,http://hdl.handle.net/11311/956761,por;ita;eng;spa,2014,Nessuno,-,Politecnico di Milano,-,-,-,-,-,"CIMODE 2014
2° Congresso internazionale di Moda e Design
2° International Fashion and Design Congress",-,06.1 Curatela,info:eu-repo/semantics/openAccess,3,"GADDI, ROSSANA;CAPPELLIERI, ALBA;DELL'ACQUA BELLAVITIS, ARTURO"
06 CURATELA::06.1 Curatela,http://hdl.handle.net/11311/965932,eng,2014,-,-,Lancaster University,GBR,-,-,-,-,SERVICE DESIGN RESEARCH UK NETWORK Mapping and developing Service Design Research in the UK,-,06.1 Curatela,info:eu-repo/semantics/openAccess,3,"SANGIORGI, DANIELA;Prendiville, Alison;Ricketts, Amy"
06 CURATELA::06.1 Curatela,http://hdl.handle.net/11311/965937,eng,2014,Esperti anonimi,-,Linköping Electronic Conference Proceedings,SWE,-,-,-,ELETTRONICO,"ServDes.2014 Service Future, Proceedings of the fourth Service Design and Service Innovation Conference",-,06.1 Curatela,info:eu-repo/semantics/openAccess,3,"SANGIORGI, DANIELA;Murphy, Emma;Hands, David"
06 CURATELA::06.1 Curatela,http://hdl.handle.net/11311/970615,eng;ita,2014,-,-,Associazione italiana storici del design,ITA,Milano,-,-,ELETTRONICO,Italian material design: imparando dalla storia,"design culture, design driven innovation, Design history, Italian Culture of Materials Design, material, technological innovation",06.1 Curatela,info:eu-repo/semantics/openAccess,2,"BOSONI, GIAMPIERO;FERRARA, MARIA RITA"
06 CURATELA::06.1 Curatela,http://hdl.handle.net/11311/975705,eng,2014,-,-,Spurbuchverlag,DEU,Baunach,-,-,-,Design research on temporary homes,-,06.1 Curatela,info:eu-repo/semantics/closedAccess,2,"GIUNTA, ELENA ENRICA;REBAGLIO, AGNESE"
06 CURATELA::06.1 Curatela,http://hdl.handle.net/11311/1018215,eng,2015,Comitato scientifico,-,Gruppo del Colore – Associazione Italiana Colore,ITA,MILANO,-,-,ELETTRONICO,Colour and Colorimetry Multidisciplinary Contributions Vol. XIb,-,06.1 Curatela,info:eu-repo/semantics/openAccess,2,"ROSSI, MAURIZIO;CASCIANI, DARIA"
06 CURATELA::06.1 Curatela,http://hdl.handle.net/11311/1018276,ita,2015,Comitato scientifico,-,"Gruppo del Colore – Associazione Italiana Colore, Milano",ITA,Milano,-,-,ELETTRONICO,Colore e colorimetria contributi multidisciplinari Vol XIa,"Colore, illuminazione, percezione visiva, design, comunicazione",06.1 Curatela,info:eu-repo/semantics/openAccess,2,"ROSSI, MAURIZIO;Marchiafava, Veronica"
06 CURATELA::06.1 Curatela,http://hdl.handle.net/11311/1019707,eng;ita,2015,Comitato scientifico,-,Marsilio,ITA,Venezia,-,-,STAMPA,"Bellezza divina. Fra Van Gogh, Chagall e Fontana","arte sacra, simbolismo, classicismo, arte del XIX secolo, arte del XX secolo",06.1 Curatela,none,4,"MAZZANTI, ANNA;Mannini, Lucia;Sisi, Carlo;Sebregondi, Ludovica"
06 CURATELA::06.1 Curatela,http://hdl.handle.net/11311/930955,ita,2015,Nessuno,-,Maggioli Editore,-,-,-,-,-,ColtivAzioni Sociali Urbane. Innovazione sociale di quartiere,-,06.1 Curatela,info:eu-repo/semantics/openAccess,1,"VILLARI, BEATRICE"
06 CURATELA::06.1 Curatela,http://hdl.handle.net/11311/935990,ita;eng,2015,Nessuno,-,Corraini edizioni,ITA,Mantova,-,-,STAMPA,GEOGRAFIE,-,06.1 Curatela,none,1,"FINESSI, GIUSEPPE"
06 CURATELA::06.1 Curatela,http://hdl.handle.net/11311/943765,ita,2015,Comitato scientifico,-,"CASVA, Comune di Milano",ITA,Milano,-,-,-,Cose d'archivio. I modelli di design e architettura presso il CASVA,modelli di design; modelli di architettura; De Pas - D'Urbino - Lomazzi; Vittorio Gregotti; Luciano Baldessari; Francesco Gnecchi-Ruscone; Giovanni Sacchi,06.1 Curatela,info:eu-repo/semantics/closedAccess,1,"FERABOLI, MARIA TERESA"
06 CURATELA::06.1 Curatela,http://hdl.handle.net/11311/943785,ita,2015,Comitato scientifico,-,24Ore Cultura,ITA,Milano,-,-,-,Mondi a Milano,-,06.1 Curatela,none,6,"IRACE, FULVIO;MAZZANTI, ANNA;Negri A.;Orsini C.;Pugliese M.;SELVAFOLTA, ORNELLA"
06 CURATELA::06.1 Curatela,http://hdl.handle.net/11311/958189,eng,2015,Esperti anonimi,-,Springer international publishing,CHE,-,-,-,STAMPA,"Advanced Design Culture, Long-Term Perspective and Continuous Innovation",Advanced Design; design driven innovation; design research; product design,06.1 Curatela,info:eu-repo/semantics/closedAccess,1,"CELI, MANUELA"
06 CURATELA::06.1 Curatela,http://hdl.handle.net/11311/960392,eng;ita,2015,Nessuno,-,24Ore Cultura,ITA,Milano,-,-,STAMPA,Mondi a Milano,orientalismo; esposizioni; arte coloniale; esotismo,06.1 Curatela,info:eu-repo/semantics/closedAccess,5,"IRACE, FULVIO;MAZZANTI, ANNA;M. G. Messina;C. Orsini;SELVAFOLTA, ORNELLA"
06 CURATELA::06.1 Curatela,http://hdl.handle.net/11311/971299,ita,2015,-,-,Lupetti Editore,-,-,-,-,-,Textile Vivant. Scenari dell'innovazione del tessile,-,06.1 Curatela,info:eu-repo/semantics/closedAccess,5,"CONTI, GIOVANNI MARIA;DEL CURTO, BARBARA;Fiorani, Eleonora;GADDI, ROSSANA;SOLDATI, MARIA GRAZIA"
06 CURATELA::06.1 Curatela,http://hdl.handle.net/11311/971911,eng,2015,-,-,McGraw-Hill Education,ITA,Milano,-,-,ELETTRONICO,Proceedings of the Cumulus Milano 2015 Conference – The Virtuous Circle. Design Culture and Experimentation,Design Culture; Design Experimentation.,06.1 Curatela,info:eu-repo/semantics/closedAccess,3,"COLLINA, LUISA MARIA VIRGINIA;GALLUZZO, LAURA;MERONI, ANNA"
06 CURATELA::06.1 Curatela,http://hdl.handle.net/11311/971930,eng;ita;spa,2015,Comitato scientifico,-,Fundación Internacional Artecittà,ESP,-,-,-,STAMPA,MuVi4. Video and moving image on synesthesia and visual music / MuVi4. Vídeo e imagen en movimiento sobre sinestesia y música visual,"Synesthesia, Visual Music, Motion graphics",06.1 Curatela,info:eu-repo/semantics/closedAccess,45,"RICCO', DINA;María José de Córdoba"
06 CURATELA::06.1 Curatela,http://hdl.handle.net/11311/971931,eng;spa,2015,Comitato scientifico,-,Instituto de Estudio Giennenses,ESP,-,-,-,STAMPA,Actas V Congreso Internacional de Sinestesia: Ciencia y Arte,"Sinestesia, Arte, Scienza",06.1 Curatela,info:eu-repo/semantics/closedAccess,63,"RICCO', DINA;M. José De Córdoba Serrano;Sean A. Day;Julia López de la Torre;Joerg Jewansky"
06 CURATELA::06.1 Curatela,http://hdl.handle.net/11311/972804,ita,2015,Esperti anonimi,-,Franco Angeli editore,ITA,Milano,-,-,STAMPA,Curarsi Lontano da Casa,"Ospitalità, case di accoglienza, turismo sanitario, mobilità sanitaria, interior design, ospedali, case di cura, poli di ricerca medico-scientifica, progettazione accessibile, design for all",06.1 Curatela,info:eu-repo/semantics/closedAccess,3,"SCULLICA, FRANCESCO;Giovanni Del Zanna;Roberta Co"
06 CURATELA::06.1 Curatela,http://hdl.handle.net/11311/973605,eng,2015,-,-,Poliscript - Politecnico di Milano,ITA,Milano,-,-,STAMPA,"DeSForM 2015 – Aesthetics of Interaction: Dynamic, Multisensory, Wise",-,06.1 Curatela,info:eu-repo/semantics/openAccess,8,"Chen, L.;Djajadiningrat, T.;Feijs, L.;Hu, J.;Kyffin, S.;RAMPINO, LUCIA ROSA ELENA;Rodriguez, E.;Steffen, D."
06 CURATELA::06.1 Curatela,http://hdl.handle.net/11311/979647,ita,2015,-,-,Mandragora,ITA,Firenze,-,-,-,Il Nuovo vocabolario della moda italiana,-,06.1 Curatela,info:eu-repo/semantics/closedAccess,2,"BERTOLA, PAOLA;LINFANTE, VITTORIO"
06 CURATELA::06.1 Curatela,http://hdl.handle.net/11311/980210,ita,2015,-,-,Carocci,ITA,Roma,-,-,STAMPA,Storie di interni. L'architettura dello spazio domestico moderno,abitare moderno; abitare contemporaneo,06.1 Curatela,info:eu-repo/semantics/closedAccess,1,"IRACE, FULVIO"
06 CURATELA::06.1 Curatela,http://hdl.handle.net/11311/984690,eng,2015,Comitato scientifico,-,SALT,TUR,Istanbul,-,-,ELETTRONICO,Global Tools 1973-1975,"education, ecology, industry, survivalism, marginality, communication, body, failure, community, theory, construction, technology, handcraft",06.1 Curatela,info:eu-repo/semantics/openAccess,2,"FRANCESCHINI, SILVIA"
06 CURATELA::06.1 Curatela,http://hdl.handle.net/11311/985756,eng,2015,Esperti anonimi,-,LED edizioni universitarie,ITA,Milano,-,INTERNATIONAL JOURNAL OF TRANSMEDIA LITERACY,STAMPA,From Storytelling to Intercreativity in the Era of Distributed Authorship,"Transmedia Literacy, Media Studies, Cultural Studies",06.1 Curatela,info:eu-repo/semantics/openAccess,2,"CIASTELLARDI, MATTEO;Di Rosario, Giovanna"
06 CURATELA::06.1 Curatela,http://hdl.handle.net/11311/986587,eng;ita,2015,-,-,Maggioli Editore,ITA,-,-,-,STAMPA,Nutrendo Anima e corpo. Itinerari di delizia tra le Ville Del Sacro Monte Sopra Varese/Feeding body and soul. Delightful journeys among villas in Sacro Monte above Varese,"Liberty, Varese, bellezza, itinerari, cibo",06.1 Curatela,info:eu-repo/semantics/closedAccess,3,"BAILA, ANGELA;ANZANI, ANNA;CARAMEL, CLAUDIA"
06 CURATELA::06.1 Curatela,http://hdl.handle.net/11311/1001967,ita,2016,-,-,Maggioli,-,Santarcangelo di Romagna,-,-,-,Interni inclusivi. Dialoghi trasversali,-,06.1 Curatela,none,1,"BARBARA, ANNA;Ceresoli, J.;CHIODO, SIMONA"
06 CURATELA::06.1 Curatela,http://hdl.handle.net/11311/1017992,ita,2016,-,-,maggioli editore,-,-,-,-,-,Interni Inclusivi. Dialoghi trasversali,-,06.1 Curatela,info:eu-repo/semantics/openAccess,3,"CHIODO, SIMONA;BARBARA, ANNA;Ceresoli, Jacqueine"
06 CURATELA::06.1 Curatela,http://hdl.handle.net/11311/1018728,eng,2016,Esperti anonimi,-,LetteraVentidue Edizioni S.r.l.,ITA,-,-,PAD,ELETTRONICO,Pad#13 Design for Territories,-,06.1 Curatela,info:eu-repo/semantics/openAccess,2,"PARENTE, MARINA;SEDINI, CARLA"
06 CURATELA::06.1 Curatela,http://hdl.handle.net/11311/1020345,eng,2016,Esperti anonimi,-,Springer,-,Heidelberg,-,-,-,Human Smart Cities. Rethinking the interplay between Design and Planning,-,06.1 Curatela,none,2,"CONCILIO, GRAZIA;RIZZO, FRANCESCA"
06 CURATELA::06.1 Curatela,http://hdl.handle.net/11311/1022046,eng;ita,2016,-,-,Corraini Edizioni,-,-,-,-,-,INVENTARIO 12,-,06.1 Curatela,info:eu-repo/semantics/closedAccess,1,"FINESSI, GIUSEPPE"
06 CURATELA::06.1 Curatela,http://hdl.handle.net/11311/1022052,eng;fra;ita;nld,2016,-,-,Istituto Italiano di Cultura di Bruxelles,BEL,Bruxelles,-,CARTADITALIA,-,Cartaditalia n.2. Il design italiano. Unità e pluralità,-,06.1 Curatela,info:eu-repo/semantics/closedAccess,1,"FINESSI, GIUSEPPE"
06 CURATELA::06.1 Curatela,http://hdl.handle.net/11311/1022056,eng;ita,2016,-,-,Corraini Edizioni,ITA,Mantova,-,-,STAMPA,Quasi segreti,-,06.1 Curatela,info:eu-repo/semantics/closedAccess,1,"FINESSI, GIUSEPPE"
06 CURATELA::06.1 Curatela,http://hdl.handle.net/11311/1022206,eng;ita,2016,-,-,Marsilio,ITA,Venezia,-,-,STAMPA,Stanze. Altre filosofie dell'abitare - Rooms. Novel Living Concepts,-,06.1 Curatela,info:eu-repo/semantics/closedAccess,1,"FINESSI, GIUSEPPE"
06 CURATELA::06.1 Curatela,http://hdl.handle.net/11311/1027333,ita,2016,Comitato scientifico,-,"Quinlan-CASVA, Comune di Milano",ITA,Milano,-,-,STAMPA,Umanesimo contemporaneo. Gli archivi di Gregotti-Meneghetti-Stoppino e della società Gregotti Associati conservati presso il CASVA,"Gregotti Associati, Gregotti-Meneghetti-Stoppino",06.1 Curatela,info:eu-repo/semantics/closedAccess,1,"FERABOLI, MARIA TERESA"
06 CURATELA::06.1 Curatela,http://hdl.handle.net/11311/1034524,eng;heb,2016,Comitato scientifico,-,Mandragora,ITA,Firenze,-,-,STAMPA,INTERDISCIPLINARY RESEARCH AND EDUCATION AGENDA. A DESIGN DRIVEN PERSPECTIVE,-,06.1 Curatela,info:eu-repo/semantics/closedAccess,1,"VACCA, FEDERICA;Warshavski T."
06 CURATELA::06.1 Curatela,http://hdl.handle.net/11311/1036271,eng,2016,"Sì, ma tipo non specificato",-,"Politecnico di Milano, Department of Design",ITA,Milano,-,-,STAMPA,"DESIGNING MULTIVOCAL MUSEUMS. Intercultural Practices at Museo Diocesano, Milano",-,06.1 Curatela,info:eu-repo/semantics/closedAccess,2,R. Capurro;E. Lupo
06 CURATELA::06.1 Curatela,http://hdl.handle.net/11311/1039135,ita,2016,-,-,Zanichelli Editore spa,-,-,-,-,-,"Design management. Gestire strategie, processi e implementazione",-,06.1 Curatela,info:eu-repo/semantics/closedAccess,1,F. Zurlo
06 CURATELA::06.1 Curatela,http://hdl.handle.net/11311/1041528,ita,2016,-,-,FrancoAngeli,ITA,Milano,-,-,STAMPA,"Boardgame Interior Design. Ricerca, progetto e comunicazione per lo spazio del gioco nella contemporaneità",Interior design,06.1 Curatela,info:eu-repo/semantics/closedAccess,3,R. Zamporri;F. Scullica;M. Bertolo
06 CURATELA::06.1 Curatela,http://hdl.handle.net/11311/1050659,ita,2016,-,-,MCGraw-Hill Editore,-,-,-,-,-,"La gestione delle risorse, dei cantieri e degli immobili",-,06.1 Curatela,info:eu-repo/semantics/closedAccess,3,Massimo Bonechi;Davide Bruno;Masimo Cartone
06 CURATELA::06.1 Curatela,http://hdl.handle.net/11311/978765,eng;ita,2016,-,-,Silvana Editoriale,-,-,-,-,-,Maglieria Made in Italy. Knitwear stories and knit talks,-,06.1 Curatela,info:eu-repo/semantics/closedAccess,3,"CONTI, GIOVANNI MARIA;POLETTI, FEDERICO;RINALDI, COSTANZA CHIARA FRANCESCA"
06 CURATELA::06.1 Curatela,http://hdl.handle.net/11311/994993,ita,2016,-,-,Edizioni UNICOPLI srl,ITA,Milano,-,-,STAMPA,Artefatti concreti. Temi di fondamento per il design di prodotto,"design, artefatti, teoria del design",06.1 Curatela,info:eu-repo/semantics/closedAccess,1,"PIZZOCARO, SILVIA LUISA"
06 CURATELA::06.1 Curatela,http://hdl.handle.net/11311/995591,eng;fra;ita,2016,-,-,Nomos,ITA,Busto Arsizio,-,-,-,Leonardo da Vinci. Metodi e tecniche per la costruzione della conoscenza,Leonardo da Vinci / Arte / Scienza/ Tecnica,06.1 Curatela,info:eu-repo/semantics/closedAccess,2,"MARANI, PIETRO;MAFFEIS, RODOLFO"
06 CURATELA::06.1 Curatela,http://hdl.handle.net/11311/999106,ita,2016,-,-,Franco Angeli,ITA,Milano,-,-,STAMPA,Design è traduzione. Il paradigma traduttivo per la cultura del progetto,-,06.1 Curatela,info:eu-repo/semantics/closedAccess,2,"BAULE, GIOVANNI;CARATTI, ELENA"
06 CURATELA::06.1 Curatela,http://hdl.handle.net/11311/1010369,eng,2017,-,-,Franco Angeli,ITA,Milano,-,-,ELETTRONICO,Polimi Design PhD_017,-,06.1 Curatela,info:eu-repo/semantics/openAccess,2,"BIAMONTI, ALESSANDRO;GUERRINI, LUCA"
06 CURATELA::06.1 Curatela,http://hdl.handle.net/11311/1014755,ita,2017,-,-,Silvana Editoriale,ITA,"Cinisello Balsamo, Milano",-,-,-,"Archeologia del Cenacolo. Ricostruzioni e fortuna dell'icona leonardesca: disegni, incisioni, fotografie","Leonardo, Ultima Cena, Copie, Incisioni, Fotografie",06.1 Curatela,info:eu-repo/semantics/closedAccess,2,"MARANI, PIETRO;Mori, G."
06 CURATELA::06.1 Curatela,http://hdl.handle.net/11311/1022049,eng;ita,2017,-,-,Corraini Edizioni,ITA,Mantova,-,-,-,Fare Luce,-,06.1 Curatela,none,1,"FINESSI, GIUSEPPE"
06 CURATELA::06.1 Curatela,http://hdl.handle.net/11311/1025426,ita,2017,-,-,Edizioni UNICOPLI,ITA,Milano,-,-,STAMPA,Eccedenze. Tra innovazione e culture del design,culture del design,06.1 Curatela,info:eu-repo/semantics/closedAccess,1,"PIZZOCARO, SILVIA LUISA"
06 CURATELA::06.1 Curatela,http://hdl.handle.net/11311/1029039,eng,2017,Comitato scientifico,-,Franco Angeli,-,Milano,-,-,ELETTRONICO,"Design is translation. The translation paradigm for design culture. ""Design and translation"": a Manifesto",-,06.1 Curatela,info:eu-repo/semantics/closedAccess,2,"BAULE, GIOVANNI;CARATTI, ELENA"
06 CURATELA::06.1 Curatela,http://hdl.handle.net/11311/1029705,ita,2017,-,-,"D4T Design for Territories - Dipartimento di Design, Politecnico di Milano",ITA,-,-,-,ELETTRONICO,Teoria/Pratica. Dialoghi sul Design per i Territori 01,Design per i Territori,06.1 Curatela,info:eu-repo/semantics/openAccess,3,"PARENTE, MARINA;LUPO, ELEONORA;SEDINI, CARLA"
06 CURATELA::06.1 Curatela,http://hdl.handle.net/11311/1030921,ita,2017,-,-,MAGGIOLI EDITORE,ITA,Santarcangelo di Romagna,-,-,STAMPA,"Memoria, Bellezza e Transdisciplinarità - riflessioni sull’attualità di Roberto Pane","Tempo, bellezza, psiche, luoghi, spazio, memoria",06.1 Curatela,info:eu-repo/semantics/closedAccess,1,"ANZANI, ANNA"
06 CURATELA::06.1 Curatela,http://hdl.handle.net/11311/1032566,ita,2017,Nessuno,-,Polistampa,ITA,Firenze,-,-,-,Una chimera del Novecento Il leone di Monterosso di Arturo Martini,"scultura fra le due guerre, Etruschi, etruschi del Novecento, pop art",06.1 Curatela,info:eu-repo/semantics/closedAccess,4,"MAZZANTI, ANNA;Mannini, L.;Lucchesi, S.;Gensini, V."
06 CURATELA::06.1 Curatela,http://hdl.handle.net/11311/1032568,ita,2017,Comitato scientifico,-,Silvana Editoriale,ITA,Cinisello Balsamo,-,-,STAMPA,art/tapes/22 Le origini della videoarte,"video arte, performance, body arte, arte concettuale, sperimentazione, poesia visiva, video installazione",06.1 Curatela,info:eu-repo/semantics/closedAccess,vari,"MAZZANTI, ANNA"
06 CURATELA::06.1 Curatela,http://hdl.handle.net/11311/1034704,ita,2017,Comitato scientifico,-,NOMOS,ITA,Busto Arsizio,-,-,-,"Santa Maria di Piazza in Busto Arsizio. ""Chiesa di moltissima divotione, et fabrica non meno bella che vaga""","Architettura lombarda, scultura, pittura, restauro",06.1 Curatela,info:eu-repo/semantics/closedAccess,1,"MARANI, PIETRO CESARE"
06 CURATELA::06.1 Curatela,http://hdl.handle.net/11311/1037549,eng,2017,Esperti anonimi,-,Franco Angeli,ITA,-,-,-,ELETTRONICO,In the neighbourhood. Spatial Design and Urban Activation,"Neighbourhood, Urban Activation, Temporary Reuse, Spatial Design",06.1 Curatela,info:eu-repo/semantics/closedAccess,2,B. Camocini;D. Fassi
06 CURATELA::06.1 Curatela,http://hdl.handle.net/11311/1038612,eng,2017,Esperti anonimi,-,Springer Nature,CHE,Cham,-,-,ELETTRONICO,Computational Morphologies. Design Rules between Organic Models and Responsive Architecture,-,06.1 Curatela,info:eu-repo/semantics/closedAccess,2,M. Rossi;G. Buratti
06 CURATELA::06.1 Curatela,http://hdl.handle.net/11311/1043448,ita,2017,-,-,Egea,ITA,Milano,-,-,-,"Un nuovo individualismo? Individualizzazione, soggettività e legame sociale",-,06.1 Curatela,info:eu-repo/semantics/closedAccess,2,p. volonte;c. leccardi
06 CURATELA::06.1 Curatela,http://hdl.handle.net/11311/1044119,eng,2017,Comitato scientifico,-,Sts Italia Publishing,ITA,Milano,-,-,ELETTRONICO,Sociotechnical Environments: Proceedings of the 6th STS ITALIA CONFERENCE,-,06.1 Curatela,info:eu-repo/semantics/openAccess,4,"CRABU, STEFANO;P. Giardullo;F. Miele;M. Turrini"
06 CURATELA::06.1 Curatela,http://hdl.handle.net/11311/1044733,ita,2017,-,-,Edizioni Poli.design,ITA,Milano,-,-,-,NAUTICA +++. Additive Manufacturing in campo Navale e Nautico,-,06.1 Curatela,info:eu-repo/semantics/openAccess,2,A. Bionda;A. Ratti
06 CURATELA::06.1 Curatela,http://hdl.handle.net/11311/1045991,eng;ita,2017,Esperti anonimi,-,DELETTERA PUBLISHER,ITA,MILANO,-,-,STAMPA,ENVIRONMENTAL DESIGN - 2^  International Conference on Environmental Design,"ENVIRONMENTAL, DESIGN",06.1 Curatela,info:eu-repo/semantics/closedAccess,1,M. BISSON
06 CURATELA::06.1 Curatela,http://hdl.handle.net/11311/1047664,eng,2017,Esperti anonimi,-,Bloomsbury Publishing Plc,GBR,London,-,-,STAMPA,Designing for Service. Key Issues and New Directions,-,06.1 Curatela,info:eu-repo/semantics/closedAccess,2,"SANGIORGI, DANIELA;Prendiville, Alison"
06 CURATELA::06.1 Curatela,http://hdl.handle.net/11311/1050387,ita,2017,-,-,"D4T Design for Territories - Dipartimento di Design, Politecnico di Milano",-,-,-,-,-,Tangibile/Intangibile. Dialoghi sul Design per i Territori 02,Design per I territori,06.1 Curatela,info:eu-repo/semantics/openAccess,3,M. Parente;E. Lupo;C. Sedini
06 CURATELA::06.1 Curatela,http://hdl.handle.net/11311/1050922,eng,2017,-,-,Springer,-,-,-,-,-,Electric Vehicle Sharing Services for Smarter Cities,-,06.1 Curatela,info:eu-repo/semantics/closedAccess,6,"BIGNAMI, DANIELE FABRIZIO;COLORNI VITALE, ALBERTO;LUE', ALESSANDRO;NOCERINO, ROBERTO;ROSSI, MATTEO GIOVANNI;S. M. Savaresi"
06 CURATELA::06.1 Curatela,http://hdl.handle.net/11311/1051658,eng,2017,Esperti anonimi,-,Springer,-,-,-,-,STAMPA,"Wireless Mobile Communication and Healthcare. 6.th International Conference, MobiHealth 2016 Milan, Italy, November 14–16, 2016 Proceedings.",-,06.1 Curatela,info:eu-repo/semantics/closedAccess,3,P. Perego;G. Andreoni;G. Rizzo
06 CURATELA::06.1 Curatela,http://hdl.handle.net/11311/1047158,eng,2018,Nessuno,-,EGEA SPA,ITA,Milano,-,-,STAMPA,WHAT'S FASHION IT'S METHOD,"Fashion, Method, Luxury; University; Milano Fashion Institute, Politecnico di Milano; Design",06.1 Curatela,info:eu-repo/semantics/closedAccess,3,C. Lunghi;F. R. Rinaldi;M. Turinetto
06 CURATELA::06.1 Curatela,http://hdl.handle.net/11311/1049919,eng,2018,"Sì, ma tipo non specificato",-,Springer,-,-,-,-,-,Multidisciplinary Design of Sharing Services,-,06.1 Curatela,none,1,M. Bruglieri
06 CURATELA::06.1 Curatela,http://hdl.handle.net/11311/1050322,eng;ita;spa,2018,Comitato scientifico,-,International Foundation Artecittà Publishing,ESP,Granada,-,-,ELETTRONICO,MuVi5. Video and moving image on synesthesia and visual music / MuVi5. Vídeo e imagen en movimiento sobre sinestesia y música visual,-,06.1 Curatela,info:eu-repo/semantics/closedAccess,2,"Riccò, Dina;De Córdoba, María José"
06 CURATELA::06.1 Curatela,http://hdl.handle.net/11311/1052991,eng;ita,2018,-,-,Silvana Editoriale,-,-,-,-,-,"Maglia, punto. Quarant'anni di tesori nascosti nell'archivio MF1",-,06.1 Curatela,info:eu-repo/semantics/closedAccess,1,"Conti, Giovanni Maria"
06 CURATELA::06.1 Curatela,http://hdl.handle.net/11311/1060909,eng,2018,Esperti anonimi,-,Franco Angeli,ITA,Milano,-,-,ELETTRONICO,Polimi Design PhD_018. 9 PhD Theses on Design as we do in Polimi,-,06.1 Curatela,info:eu-repo/semantics/openAccess,3,A. Biamonti;L. Guerrini;I. Mariani
06 CURATELA::06.1 Curatela,http://hdl.handle.net/11311/1063176,eng,2018,Esperti anonimi,-,FrancoAngeli,ITA,Milano,-,-,ELETTRONICO,Dialogues on Design. Notes on Doctoral Research in Design 2018,-,06.1 Curatela,info:eu-repo/semantics/openAccess,2,L. Guerrini;P. Volonté
06 CURATELA::06.1 Curatela,http://hdl.handle.net/11311/1065156,ita,2018,Comitato scientifico,-,MCGraw-Hill Editore 2018.,ITA,Milano,-,-,STAMPA,Sharing design sustainable. Innovazione sociale: il flusso dei mezzi di trasporto sostenibile nelle aree metropolitane del futuro.,-,06.1 Curatela,info:eu-repo/semantics/closedAccess,2,D. Bruno;G. Crivellaro
