dc.subject.keywordsita,item.openaireRights,dc.subject.keywords,dc.identifier.uri,dc.type.referee,dc.publisher.name,dc.title,dc.publisher.place,dc.language.iso,item.journal.title,dc.description.allpeople,dc.relation.ispartofbook,dc.relation.medium,dc.date.issued,dc.type.circulation,dc.type.full,item.collection,dc.publisher.country,dc.description.numberofauthors
-0,-0,città; cinema; immaginario; scenari urbani; sguardo; percezione; esperienza,http://hdl.handle.net/11311/660207,-0,Tranchida,Proiezioni urbane. La realtà dell'immaginario,Milano,ita,-0,M. Galbiati,-0,-0,1989,-0,06 CURATELA::06.1 Curatela,06.1 Curatela,-0,1
-0,none,Design; Significati; Funzione; Linguaggi; Industria giapponese.,http://hdl.handle.net/11311/564075,-0,Franco Angeli,Nuove vie del design in Giappone.,Milano,ita,-0,L. Migliore; G. Piccinno; M. Servetto,-0,-0,1990,-0,06 CURATELA::06.1 Curatela,-0,ITA,3
-0,none,mendini; filosofia del progetto; poltrona di Proust,http://hdl.handle.net/11311/660210,-0,Tranchida,Alessandro Mendini. La poltrona di proust,Milano,ita,-0,M. Galbiati,-0,-0,1991,-0,06 CURATELA::06.1 Curatela,-0,-0,1
-0,none,fotografia; territorio; rappresentazione; città; sguardo; percezione,http://hdl.handle.net/11311/660626,-0,Tranchida Editori,Lo sguardo discreto. habitat e fotografia,Milano,ita,-0,M. Galbiati,-0,-0,1991,-0,06 CURATELA::06.1 Curatela,-0,-0,1
-0,-0,-0,http://hdl.handle.net/11311/570619,-0,Il Mulino,I trasporti e l'industria,-0,ita,-0,M. Ponti,-0,-0,1992,nazionale,06 CURATELA::06.1 Curatela,06.1 Curatela,ITA,1
-0,none,fotografia; territorio; sguardo; città; percezione; soglia; abitare,http://hdl.handle.net/11311/660214,-0,Tranchida,Soglie urbane. Uno sguardo fotografico sul territorio,Milano,ita,-0,M. Galbiati,-0,-0,1992,-0,06 CURATELA::06.1 Curatela,-0,-0,1
-0,none,-0,http://hdl.handle.net/11311/504083,-0,Vita e Pensiero,Erich Przywara. Analogia entis,MILANO,ita,-0,P. VOLONTE',-0,-0,1995,nazionale,06 CURATELA::06.1 Curatela,-0,-0,1
-0,none,Fotografia; paesaggio; territorio; immagine; rappresentazione,http://hdl.handle.net/11311/660156,-0,Guerini e Associati,Fotografia e paesaggio. La rappresentazione fotografica del territorio,Milano,arp,-0,M. Galbiati; P. Pozzi; R. Signorini,-0,-0,1996,-0,06 CURATELA::06.1 Curatela,-0,ITA,3
-0,none,-0,http://hdl.handle.net/11311/504078,-0,Rusconi,Max Weber. La scienza come professione,MILANO,ita,-0,P. VOLONTE',-0,-0,1997,nazionale,06 CURATELA::06.1 Curatela,-0,-0,1
-0,info:eu-repo/semantics/closedAccess,-0,http://hdl.handle.net/11311/532644,-0,edizioni Bruno Mondadori,"L’architettura moderna del Novecento (Modern Architecture since 1900),",MILANO,-0,-0,A. BARBARA; RODRIQUEZ C,-0,-0,1997,-0,06 CURATELA::06.1 Curatela,06.1 Curatela,ITA,2
-0,none,Archivi di architettura e design; disegno di progetto; catalogazione; Luciano Baldessari; architettura italiana XX secolo; futurismo; razionalismo; Milano; Rovereto,http://hdl.handle.net/11311/562603,-0,Guerini,Luciano Baldessari nelle carte del suo archivio,Milano,ita,-0,G. L. Ciagà,-0,-0,1997,-0,06 CURATELA::06.1 Curatela,-0,-0,1
-0,none,-0,http://hdl.handle.net/11311/532728,-0,Guerini,"Progetto, processo, prodotto. Variabili di innovazione",MILANO,ita,-0,A. PENATI; SEASSARO A,Progetto processo prodotto. variabili di innovazione,-0,1998,nazionale,06 CURATELA::06.1 Curatela,-0,ITA,2
-0,-0,arte ambientale; installazione architettonica; nuovo realismo; ready made,http://hdl.handle.net/11311/693611,-0,CHARTA,Niki de Saint Phalle the Tarot Garden,Milano,eng,-0,A.Mazzanti,-0,-0,1998,-0,06 CURATELA::06.1 Curatela,06.1 Curatela,ITA,1
-0,-0,-0,http://hdl.handle.net/11311/504076,-0,La Nuova Italia,Max Weber. L'etica della responsabilità,SCANDICCI,ita,-0,P. VOLONTE',-0,-0,1999,nazionale,06 CURATELA::06.1 Curatela,06.1 Curatela,-0,1
-0,-0,-0,http://hdl.handle.net/11311/532384,-0,Moretti&Vitali,Auditorium di Milano. Una casa per la musica,BERGAMO,-0,-0,S. ZINGALE,-0,-0,1999,nazionale,06 CURATELA::06.1 Curatela,06.1 Curatela,ITA,1
-0,none,-0,http://hdl.handle.net/11311/532856,-0,Soprintendenza archeologica di Pompei,"12 Progetti per Pompei. Un sistema d'identità visiva per la Soprintendenza archeologica, Catalogo della mostra, Napoli - Palazzo Reale 10-28 nov., Soprintendenza archeologica di Pompei,",NAPOLI,-0,-0,D. RICCO',-0,-0,2000,nazionale,06 CURATELA::06.1 Curatela,-0,ITA,1
-0,-0,Design research,http://hdl.handle.net/11311/558159,-0,-0,Design Plus Research: proceedings of the Politecnico di Milano conference,Milano,eng,-0,S. Pizzocaro; A. Arruda; D. De Moraes;,-0,-0,2000,internazionale,06 CURATELA::06.1 Curatela,06.1 Curatela,-0,3
-0,none,-0,http://hdl.handle.net/11311/558164,-0,Poli.Design,Didattica&design. Processi e prodotti formativi nell'università che cambia,Milano,ita,-0,A. Penati; A. Seassaro,Didattica&Design,-0,2000,internazionale,06 CURATELA::06.1 Curatela,06.1 Curatela,-0,2
-0,none,-0,http://hdl.handle.net/11311/558165,-0,Poli.Design,Il design per i Distretti industriali,Milano,-0,-0,S. Maffei; G. Simonelli,-0,-0,2000,internazionale,06 CURATELA::06.1 Curatela,06.1 Curatela,-0,2
-0,none,-0,http://hdl.handle.net/11311/255146,-0,Edizioni Poli.Design,"Un progetto pilota.DxD-Design dor District, Progetti per un distretto, Prodotto, Comunicazione strategica",Milano,eng;ita,-0,F. Celaschi; L. Collina; G. Simonelli,-0,-0,2001,internazionale,06 CURATELA::06.1 Curatela,06.1 Curatela,-0,3
-0,none,-0,http://hdl.handle.net/11311/270178,-0,Edizioni Poli.Design,The themes of designing designers 2001,Milano,eng;ita,-0,L. Collina; G. Simonelli,-0,-0,2001,internazionale,06 CURATELA::06.1 Curatela,06.1 Curatela,-0,2
-0,none,-0,http://hdl.handle.net/11311/561513,-0,Edizioni POLI.design,MDM. Museo design Milano: il museo in rete per la rete dei musei,Milano,ita,-0,D. Moretti; J. Pallabazzer; A. Rebaglio,-0,-0,2001,-0,06 CURATELA::06.1 Curatela,-0,-0,3
-0,none,-0,http://hdl.handle.net/11311/692962,-0,GAI edizioni,Progettare il marchio. Identità del gai,-0,ita,-0,M. Piazza,-0,-0,2001,-0,06 CURATELA::06.1 Curatela,-0,-0,1
-0,-0,-0,http://hdl.handle.net/11311/242676,-0,Edizioni Poli.Design,Il design dell'ospitalità: la sala delle feste dell'Hotel Hilton Milan,Milano,-0,-0,L. Collina; L. Crespi; F. Reinhart,-0,-0,2002,nazionale,06 CURATELA::06.1 Curatela,06.1 Curatela,-0,3
-0,none,-0,http://hdl.handle.net/11311/264497,-0,Silvana Editoriale,"Design for working places. Environment, energy, new technologies",Milano,ita;eng,-0,M. Ingaramo,-0,-0,2002,internazionale,06 CURATELA::06.1 Curatela,-0,-0,1
-0,-0,-0,http://hdl.handle.net/11311/267750,-0,Edizioni Poli.Design,Movie Design per la comunicazione aziendale: Il Caso Mangiameli,Milano,-0,-0,M. Galbiati,-0,-0,2002,nazionale,06 CURATELA::06.1 Curatela,06.1 Curatela,-0,1
-0,none,design knowledge; interfacce,http://hdl.handle.net/11311/504754,-0,POLIdesign,DesignNet. Knowledge e Information Management per il design,MILANO,ita;eng,-0,P. CIUCCARELLI; INNOCENTI P.,-0,-0,2002,-0,06 CURATELA::06.1 Curatela,-0,ITA,2
-0,none,design per lo sviluppo locale; product design; communication design,http://hdl.handle.net/11311/532321,-0,Edizioni Libria,Rinnovare la tradizione: il design per il comparto ceramico di Cerreto Sannita e San Lorenzello.,MELFI (PZ),ita,-0,V. CRISTALLO; A. MORONE; M. PARENTE,-0,-0,2002,-0,06 CURATELA::06.1 Curatela,-0,ITA,3
-0,none,-0,http://hdl.handle.net/11311/532385,-0,M&B Publishing,Almanacco Tikkun 2002-2003,MILANO,-0,-0,S. ZINGALE; BONFANTINI M.A; STOCCHI. G,-0,-0,2002,-0,06 CURATELA::06.1 Curatela,-0,ITA,3
-0,none,-0,http://hdl.handle.net/11311/532420,-0,Il Sole 24 Ore Edizioni,I territori del design. Made in Italy e Sistemi Produttivi Locali,MILANO,ita,-0,S. MAFFEI; SIMONELLI G,-0,-0,2002,internazionale,06 CURATELA::06.1 Curatela,06.1 Curatela,ITA,2
-0,none,-0,http://hdl.handle.net/11311/557131,-0,Il Sole 24 Ore,"Milano distretto del Design: un sistema di luoghi, attori e relazioni al servizio dell’innovazione",Milano,-0,-0,P. Bertola; D. Sangiorgi; G. Simonelli,-0,-0,2002,internazionale,06 CURATELA::06.1 Curatela,06.1 Curatela,-0,3
-0,none,-0,http://hdl.handle.net/11311/557135,-0,Esselibri,Edilizia sostenibile: 44 progetti dimostrativi,Napoli,ita,-0,S. Piardi; G. Scudo,-0,-0,2002,nazionale,06 CURATELA::06.1 Curatela,06.1 Curatela,-0,2
-0,-0,-0,http://hdl.handle.net/11311/568593,-0,Soprintendenza archeologica di Pompei,Il design della comunicazione. L'esperienza della Soprintendenza archeologica di Pompei,Napoli,-0,-0,D. Ricco',-0,-0,2002,nazionale,06 CURATELA::06.1 Curatela,06.1 Curatela,-0,1
-0,none,-0,http://hdl.handle.net/11311/692920,-0,-0,"Italic 1.0
Il disegno dei caratteri contemporaneo in Italia",-0,ita,-0,P. Lenarduzzi; M. Piazza; S. Sfligiotti,-0,-0,2002,-0,06 CURATELA::06.1 Curatela,-0,-0,3
-0,info:eu-repo/semantics/closedAccess,-0,http://hdl.handle.net/11311/989812,-0,Clup,Diritto d’Autori,-0,ita,-0,"Crippa, Davide; Di Prete, Barbara",-0,-0,2002,-0,06 CURATELA::06.1 Curatela,06.1 Curatela,-0,2
-0,none,-0,http://hdl.handle.net/11311/242611,-0,Liguori Editore,Nuove specie di spazi,Napoli,ita,-0,I. Farè; S. Piardi,-0,-0,2003,internazionale,06 CURATELA::06.1 Curatela,-0,-0,2
-0,none,-0,http://hdl.handle.net/11311/254410,-0,Edizioni Poli.Design,DiLabb,Milano,-0,-0,A. Deserti; M. Galbiati; F. Galli,-0,-0,2003,nazionale,06 CURATELA::06.1 Curatela,06.1 Curatela,-0,3
-0,none,-0,http://hdl.handle.net/11311/262254,-0,Libreria Clup,Progettare e costruire imbarcazioni da diporto,Milano,-0,-0,S. Piardi; A. Ratti,-0,-0,2003,nazionale,06 CURATELA::06.1 Curatela,06.1 Curatela,-0,2
-0,none,-0,http://hdl.handle.net/11311/264969,-0,Edizioni Poli.Design,CimbalImage. Il movie design per la comunicazione d'impresa. Un progetto per il gruppo Cimbali-Faema,Milano,-0,-0,M. Galbiati; A. Terranova,-0,-0,2003,internazionale,06 CURATELA::06.1 Curatela,06.1 Curatela,-0,2
-0,none,-0,http://hdl.handle.net/11311/532240,-0,FrancoAngeli,La creatività diffusa. Culture e mestieri della moda oggi,MILANO,ita,-0,P. VOLONTE',-0,-0,2003,-0,06 CURATELA::06.1 Curatela,-0,ITA,1
-0,-0,food design; ricerca-azione; design per lo sviluppo locale,http://hdl.handle.net/11311/532322,-0,edizioni CLEAN,Design e sistema-prodotto alimentare. Un'esperienza territoriale di ricerca azione.,NAPOLI,ita,-0,V. CRISTALLO; E. GUIDA; A. MORONE; M. PARENTE,-0,-0,2003,-0,06 CURATELA::06.1 Curatela,06.1 Curatela,ITA,4
-0,none,-0,http://hdl.handle.net/11311/532345,-0,poli.design,Designing Designers: Design for a local global world,MILANO,-0,-0,L. COLLINA; GIULIANO SIMONELLI,-0,-0,2003,internazionale,06 CURATELA::06.1 Curatela,06.1 Curatela,ITA,2
-0,none,-0,http://hdl.handle.net/11311/532386,-0,Moretti&Vitali,Un edificio per il terziario. La nuova sede ABB Italia a Sesto San Giovanni,BERGAMO,-0,-0,S. ZINGALE,-0,-0,2003,nazionale,06 CURATELA::06.1 Curatela,-0,ITA,1
-0,-0,-0,http://hdl.handle.net/11311/532511,-0,Polidesign,Ricerca design e sperimentazione per l’innovazione di prodotto nel settore dell’accessorio moda: il caso Mangiameli,MILANO,ita,-0,P. BERTOLA,-0,-0,2003,nazionale,06 CURATELA::06.1 Curatela,06.1 Curatela,ITA,1
-0,none,-0,http://hdl.handle.net/11311/532576,-0,Clup,Progettare e costruire imbarcazioni da diporto,MILANO,ita,-0,A. RATTI; PIARDI S,-0,-0,2003,nazionale,06 CURATELA::06.1 Curatela,06.1 Curatela,ITA,2
-0,none,-0,http://hdl.handle.net/11311/547790,-0,Poli.design,STAR | Sistema Topologico Argomentativo della Ricerca | Costruire l’organizzazione della conoscenza |Il caso ME.Design,Milano,ita,-0,A. Castelli; B. Villari,-0,-0,2003,-0,06 CURATELA::06.1 Curatela,06.1 Curatela,ITA,2
-0,info:eu-repo/semantics/closedAccess,-0,http://hdl.handle.net/11311/570243,-0,CHARTA,Acqua-da-bere,Milano,eng,-0,A. BARBARA,-0,-0,2003,internazionale,06 CURATELA::06.1 Curatela,06.1 Curatela,ITA,1
-0,-0,-0,http://hdl.handle.net/11311/666015,-0,Alinea,16 tisaniere,Firenze,ita,-0,M. C. Tonelli,-0,-0,2003,-0,06 CURATELA::06.1 Curatela,06.1 Curatela,-0,1
-0,none,arte ambientale; arte ambientata; ready made,http://hdl.handle.net/11311/690865,-0,Gli Ori,Il Giardino di Daniel Spoerri,Prato,ita,-0,A.Mazzanti,-0,-0,2003,-0,06 CURATELA::06.1 Curatela,-0,ITA,1
-0,none,-0,http://hdl.handle.net/11311/693207,-0,"CASVA, Centro di Alti Studi sulle Arti Visive, Comune di Milano",Gli archivi di architettura in Lombardia. Censimento delle fonti,Milano,ita,-0,G. L. Ciagà,-0,-0,2003,nazionale,06 CURATELA::06.1 Curatela,-0,-0,1
-0,info:eu-repo/semantics/closedAccess,Storia del design della comunicazione; Triennale di Milano; grafica; Milano; anni trenta; anni quaranta; anni cinquanta; anni settanta; anni ottanta; anni novanta,http://hdl.handle.net/11311/242853,-0,Casa Editrice Charta,Come Comete. Annunci e messaggi nella grafica della Triennale,Milano,ita,-0,S. Annicchiarico; M. Piazza,Come comete. Annunci e messaggi nella grafica della Triennale,-0,2004,nazionale,06 CURATELA::06.1 Curatela,06.1 Curatela,-0,2
-0,none,-0,http://hdl.handle.net/11311/244604,-0,Edizioni Poli.Design,Design Multiverso. Appunti di Fenomenologia del Design,Milano,-0,-0,P. Bertola; E. Manzini,-0,-0,2004,internazionale,06 CURATELA::06.1 Curatela,06.1 Curatela,-0,2
-0,-0,-0,http://hdl.handle.net/11311/247158,-0,Edizioni Poli.Design,Design at work 2004,Milano,ita;eng,-0,S. Palmieri,design at work 2004,-0,2004,nazionale,06 CURATELA::06.1 Curatela,06.1 Curatela,ITA,1
-0,none,-0,http://hdl.handle.net/11311/250135,-0,Clup,Costruire imbarcazioni da diporto,Milano,-0,-0,S. Piardi; A. Ratti,-0,-0,2004,nazionale,06 CURATELA::06.1 Curatela,06.1 Curatela,-0,2
-0,none,-0,http://hdl.handle.net/11311/255226,-0,Edizioni Poli.Design,Il corpo delle cose,Milano,ita,-0,L. Collina,-0,-0,2004,nazionale,06 CURATELA::06.1 Curatela,-0,ITA,1
-0,none,Usabilità; User centred design; qualità d'uso,http://hdl.handle.net/11311/263492,-0,Moretti&Vitali,L'usabilità dei prodotti industriali,Milano,ita,-0,L. Anselmi; F. Tosi,-0,-0,2004,nazionale,06 CURATELA::06.1 Curatela,06.1 Curatela,-0,2
-0,-0,-0,http://hdl.handle.net/11311/532245,-0,Bompiani,Edmund Husserl. Fenomenologia e teoria della conoscenza,MILANO,ita;ger,-0,P. VOLONTE',-0,-0,2004,-0,06 CURATELA::06.1 Curatela,06.1 Curatela,-0,1
-0,none,-0,http://hdl.handle.net/11311/532346,-0,Cranfield University,Solution oriented partnership. How to design industrialised sustainable solutions,-0,-0,-0,EZIO MANZINI; L. COLLINA; STEVE EVANS,-0,-0,2004,internazionale,06 CURATELA::06.1 Curatela,06.1 Curatela,-0,3
-0,none,-0,http://hdl.handle.net/11311/532533,-0,-0,Progetto giovane,-0,ita,-0,G. SIMONELLI; BARONI D,-0,-0,2004,internazionale,06 CURATELA::06.1 Curatela,-0,-0,2
-0,none,-0,http://hdl.handle.net/11311/532706,-0,FrancoAngeli,Design della comunicazione ed esperienze di acquisto,MILANO,ita,-0,V. BUCCHETTI,-0,-0,2004,nazionale,06 CURATELA::06.1 Curatela,-0,ITA,1
-0,info:eu-repo/semantics/closedAccess,-0,http://hdl.handle.net/11311/554612,-0,Edizioni POLI.Design,"Sapere, immaginare, fare: il design d’innovazione per l’elettrodomestico. Formazione post-lauream per il design dei prodotti a media complessità",Milano,ita,-0,L. Rampino,-0,-0,2004,nazionale,06 CURATELA::06.1 Curatela,06.1 Curatela,ITA,1
-0,-0,-0,http://hdl.handle.net/11311/554653,-0,La rivista del colore,Design e finitura dei compositi derivati dal legno,Vimercate (MI),-0,-0,M. Ingaramo,-0,-0,2004,nazionale,06 CURATELA::06.1 Curatela,06.1 Curatela,-0,1
-0,-0,-0,http://hdl.handle.net/11311/563132,-0,Apogeo,Interaction Design,MILANO,ita,-0,F. Rizzo,-0,-0,2004,-0,06 CURATELA::06.1 Curatela,06.1 Curatela,ITA,1
-0,info:eu-repo/semantics/closedAccess,arte ambientale; site specific; environment art; scultura all'aperto; scultura ambientata; land art,http://hdl.handle.net/11311/641735,-0,Maschietto Editore,“SENTIERI NELL’ARTE”. Il contemporaneo nel paesaggio toscano,Firenze,ita,-0,A.Mazzanti,-0,-0,2004,-0,06 CURATELA::06.1 Curatela,06.1 Curatela,ITA,1
-0,info:eu-repo/semantics/closedAccess,-0,http://hdl.handle.net/11311/243592,-0,Clup Ed.,Gesticolando. cenni sulla diversità,Milano,ita,-0,"Davide, Crippa; Barbara, Di Prete",-0,-0,2005,nazionale,06 CURATELA::06.1 Curatela,06.1 Curatela,-0,2
-0,-0,-0,http://hdl.handle.net/11311/251057,-0,Franco Angeli,Packaging design,Milano,ita,-0,V. Bucchetti,-0,-0,2005,nazionale,06 CURATELA::06.1 Curatela,06.1 Curatela,-0,1
-0,none,Hospitality design; Ospitalità,http://hdl.handle.net/11311/261995,-0,Edizioni Poli.Design,"Designing Designers: Designing Hospitality- Visions, scenarios, systems, services, spaces and products",Milano,eng,-0,L. Collina; F. Scullica,-0,-0,2005,internazionale,06 CURATELA::06.1 Curatela,06.1 Curatela,-0,2
-0,none,-0,http://hdl.handle.net/11311/266768,-0,Edizioni Poli.Design,ManteroMood. Moviedesign for the silk concepì store La Tessitura_Como,Milano,-0,-0,M. Galbiati; F. Piredda,-0,-0,2005,nazionale,06 CURATELA::06.1 Curatela,06.1 Curatela,-0,2
-0,none,-0,http://hdl.handle.net/11311/268961,-0,Van Gorcum,"Methodology for Product Service System. How to develop clean, clever and competitive strategies in companies",Assen,eng,-0,C. Van Halen; C. Vezzoli; R. Wimmer,-0,-0,2005,internazionale,06 CURATELA::06.1 Curatela,-0,NLD,3
-0,none,-0,http://hdl.handle.net/11311/274162,-0,Edizioni Poli.Design,Performance. Designing for a cultural challange,Milano,-0,-0,L. Crespi; G. Piccinno; A. Rebaglio,-0,-0,2005,nazionale,06 CURATELA::06.1 Curatela,06.1 Curatela,-0,3
-0,none,-0,http://hdl.handle.net/11311/532294,-0,LibreriaClup,Costruire imbarcazioni da diporto. Esperienze in cantiere,MILANO,-0,-0,S. PIARDI; RATTI A.; MAGGIULLI F.,-0,-0,2005,nazionale,06 CURATELA::06.1 Curatela,06.1 Curatela,ITA,3
-0,none,-0,http://hdl.handle.net/11311/532316,-0,CEA,Materiali e Design,MILANO,ita,-0,V. ROGNOLI; PEDEFERRI MP; DEL CURTO B; LEVI M,-0,-0,2005,nazionale,06 CURATELA::06.1 Curatela,06.1 Curatela,ITA,4
-0,none,-0,http://hdl.handle.net/11311/532352,-0,POLI.design,"Design, imprese, distretti. Un approccio all'innovazione",MILANO,ita,-0,V. ARQUILLA; A. VIGNATI; G. SIMONELLI,-0,-0,2005,internazionale,06 CURATELA::06.1 Curatela,06.1 Curatela,ITA,3
-0,none,-0,http://hdl.handle.net/11311/532388,-0,Moretti Honegger,La semiotica e le arti utili in undici dialoghi,BERGAMO,-0,-0,S. ZINGALE,-0,-0,2005,nazionale,06 CURATELA::06.1 Curatela,-0,ITA,1
-0,none,-0,http://hdl.handle.net/11311/532437,-0,Aracne Editrice,Il progetto in Biodesign. La costruzione di un percorso,ROMA,ita,-0,M. CANINA; VICENTINI F,-0,-0,2005,nazionale,06 CURATELA::06.1 Curatela,06.1 Curatela,ITA,2
-0,-0,-0,http://hdl.handle.net/11311/532543,-0,-0,"KIWI, Knowledge Interaction Web Instruction",-0,-0,-0,A. COLORNI VITALE,-0,-0,2005,nazionale,06 CURATELA::06.1 Curatela,-0,-0,1
-0,none,-0,http://hdl.handle.net/11311/532575,-0,Clup,Costruire imbarcazioni da diporto - Esperienze in cantiere,MILANO,ita,-0,S. PIARDI; A. RATTI; F. MAGGIULLI,-0,-0,2005,nazionale,06 CURATELA::06.1 Curatela,06.1 Curatela,ITA,3
-0,none,-0,http://hdl.handle.net/11311/532707,-0,Silvia Editrice,La coda della Q. 50 marchi per la Fondazione Quarta,MILANO,ita,-0,V. BUCCHETTI;  M. MINOGGIO,-0,-0,2005,nazionale,06 CURATELA::06.1 Curatela,06.1 Curatela,-0,2
-0,-0,-0,http://hdl.handle.net/11311/553865,-0,Aracne,"Hard Design. Il Product Design oggi, tra innovazione e creatività",Roma,-0,-0,M. Ingaramo,-0,-0,2005,nazionale,06 CURATELA::06.1 Curatela,06.1 Curatela,-0,1
-0,none,movie design; comunicazione d'impresa; Mantero; videoinstallazioni; strategie di comunicazione,http://hdl.handle.net/11311/662196,-0,Polidesign,ManteroMood. Movie design for the silk concept La Tessitura_Como,Milano,eng;ita,-0,M. Galbiati; F. Piredda,-0,-0,2005,-0,06 CURATELA::06.1 Curatela,06.1 Curatela,-0,2
-0,none,-0,http://hdl.handle.net/11311/691044,-0,Electa,Le case nella Triennale. Dal Parco al QT8,Milano,ita,-0,G. L. Ciagà; G. Tonon,-0,-0,2005,-0,06 CURATELA::06.1 Curatela,06.1 Curatela,-0,2
-0,info:eu-repo/semantics/closedAccess,Semitica; Arti; Design; Oggetti; Architettura; Spazi; Città,http://hdl.handle.net/11311/691292,-0,Moretti&Vitali,La semiotica e le arti utili in undici dialoghi,Bergamo,ita,-0,S. ZINGALE,-0,-0,2005,-0,06 CURATELA::06.1 Curatela,06.1 Curatela,ITA,1
-0,info:eu-repo/semantics/closedAccess,-0,http://hdl.handle.net/11311/692782,Nessuno,"CASVA, Centro di Alti Studi sulle Arti Visive, Comune di Milano",Luciano Baldessari e Milano. Progetti e realizzazioni in Lombardia,Milano,ita,-0,G. L. Ciagà,-0,-0,2005,-0,06 CURATELA::06.1 Curatela,06.1 Curatela,-0,1
-0,none,-0,http://hdl.handle.net/11311/694273,-0,CEA,Materiali e Design,-0,ita,-0,Marinella Levi; Mariapia Pedeferri; Barbara Del Curto; Valentina Rognoli,-0,-0,2005,-0,06 CURATELA::06.1 Curatela,06.1 Curatela,-0,4
-0,none,-0,http://hdl.handle.net/11311/242885,-0,Aracne Editrice,La luce come strumento di progetto,Roma,-0,-0,M. Rossi; A. Seassaro,-0,-0,2006,internazionale,06 CURATELA::06.1 Curatela,06.1 Curatela,-0,2
-0,-0,-0,http://hdl.handle.net/11311/269198,-0,Politecnico di Milano,"KIWI, Knowledge Interaction Web Instruction",Milano,-0,-0,A. Colorni,-0,-0,2006,nazionale,06 CURATELA::06.1 Curatela,06.1 Curatela,-0,1
-0,-0,-0,http://hdl.handle.net/11311/532241,-0,FrancoAngeli,Comunicare le identità. Percorsi della soggettività nell'età contemporanea,MILANO,ita,-0,L. BOVONE; P. VOLONTE',-0,-0,2006,-0,06 CURATELA::06.1 Curatela,06.1 Curatela,ITA,2
-0,none,-0,http://hdl.handle.net/11311/532273,-0,Libreria Clup,Books. The future of reading?,MILANO,eng,-0,L. CRESPI; PICCINNO G; REBAGLIO A,-0,-0,2006,internazionale,06 CURATELA::06.1 Curatela,06.1 Curatela,ITA,3
-0,none,-0,http://hdl.handle.net/11311/532312,-0,Aracne,ergonomia e aspetti psicosociali - nuove competenze nella prevenzione dei rischi lavorativi,Roma,ita,-0,M. FIGIANI,-0,-0,2006,-0,06 CURATELA::06.1 Curatela,-0,-0,1
-0,none,design per il territorio; design per i beni culturali; design per lo sviluppo locale,http://hdl.handle.net/11311/532323,-0,Clean,"Design, territorio e patrimonio culturale",NAPOLI,ita,-0,V. CRISTALLO; E. GUIDA; A. MORONE; M. PARENTE,-0,-0,2006,-0,06 CURATELA::06.1 Curatela,-0,ITA,4
-0,info:eu-repo/semantics/closedAccess,design per i beni culturali,http://hdl.handle.net/11311/532324,-0,Poli.design,Il design per la valorizzazione dei beni culturali. Le premesse fondative della ricerca d.Cult,-0,ita,-0,MAFFEI S; M. PARENTE; VILLARI B,-0,-0,2006,nazionale,06 CURATELA::06.1 Curatela,06.1 Curatela,ITA,3
-0,-0,-0,http://hdl.handle.net/11311/532349,-0,POLI.design,Design e Imprese Artigiane. Un modello per l'innovazione.,MILANO,ita,-0,V. ARQUILLA,-0,-0,2006,internazionale,06 CURATELA::06.1 Curatela,06.1 Curatela,ITA,1
-0,none,-0,http://hdl.handle.net/11311/532418,-0,Motta,Living room design,MILANO,ita,-0,S. MAFFEI; PARINI B; ARQUILLA V,-0,-0,2006,nazionale,06 CURATELA::06.1 Curatela,06.1 Curatela,ITA,3
-0,none,-0,http://hdl.handle.net/11311/532513,-0,Polidesign,Moda e Design. Cross fertilization per l'innovazione,MILANO,ita,-0,P. BERTOLA; CONTI G,-0,-0,2006,nazionale,06 CURATELA::06.1 Curatela,06.1 Curatela,ITA,2
-0,none,-0,http://hdl.handle.net/11311/552831,-0,Franco Angeli,Design degli interni,Milano,-0,-0,L. Guerrini,-0,-0,2006,nazionale,06 CURATELA::06.1 Curatela,-0,-0,1
-0,none,-0,http://hdl.handle.net/11311/552839,-0,Clup,Books. The future of reading?,Milano,-0,-0,L. Crespi; G. Piccinno; A. Rebaglio,-0,-0,2006,internazionale,06 CURATELA::06.1 Curatela,06.1 Curatela,-0,3
-0,none,-0,http://hdl.handle.net/11311/552855,-0,Moretti Honegger,L’inventiva. Psòmega vent’anni dopo,Bergamo,-0,-0,S. ZINGALE; BONFANTINI M.A;,-0,-0,2006,nazionale,06 CURATELA::06.1 Curatela,-0,-0,2
-0,none,-0,http://hdl.handle.net/11311/552861,-0,Actes Sud,Salons,Arles Cedex,-0,-0,V. Arquilla; S. Maffei; B. Parini,-0,-0,2006,internazionale,06 CURATELA::06.1 Curatela,06.1 Curatela,-0,3
-0,none,-0,http://hdl.handle.net/11311/552867,-0,MusArc,Premio Biagio Rossetti 2005,Ferrara,-0,-0,L. Guerrini; N. Ventura,-0,-0,2006,nazionale,06 CURATELA::06.1 Curatela,06.1 Curatela,-0,2
-0,none,-0,http://hdl.handle.net/11311/552868,-0,Virus Edizioni,Advanced Living Scenarios. Contemporary Trends in European Housing,Milano,-0,-0,G. Bosoni; M. Manfredini; S. Piardi,-0,-0,2006,nazionale,06 CURATELA::06.1 Curatela,06.1 Curatela,-0,3
-0,none,-0,http://hdl.handle.net/11311/552960,-0,Federico Motta Editore,Salotti d'autore,Milano,-0,-0,V. Arquilla; S. Maffei; B. Parini,-0,-0,2006,nazionale,06 CURATELA::06.1 Curatela,06.1 Curatela,-0,3
-0,none,italian design; design; chinese design; design professionals scenario; east-west design relations.,http://hdl.handle.net/11311/640323,-0,Edizioni POLI.design,"Designing Designers: Design Evolution by east and west. New ambients, new products, new designers",Milano,ita,-0,L. Collina; F. Scullica,-0,-0,2006,-0,06 CURATELA::06.1 Curatela,06.1 Curatela,ITA,2
-0,none,storicismo; verismo; realismo storico; realismo; sindacali fasciste; scultura simbolista; scultura funebre; macchiaioli; arte sociale; fotografia; archivi fotografici; arte e architettura fra le due guerre; arte decorativa; riviste,http://hdl.handle.net/11311/642126,-0,Silvana,Arte in Maremma nella prima metà del Novecento,Cinisello Balsamo,ita,-0,E.Crispolti; A.Mazzanti; L.Quattrocchi,-0,-0,2006,-0,06 CURATELA::06.1 Curatela,-0,ITA,3
-0,info:eu-repo/semantics/closedAccess,Augusto Magaghi; Mario Terzaghi; archivi del design; archivi di architettura,http://hdl.handle.net/11311/881657,Nessuno,"CASVA - Centro di Alti Studi sulle Arti Visive, Comune di Milano",L'archivio dell'architetto Mario Terzaghi presso il Casva,Milano,ita,-0,Feraboli M.T.,-0,-0,2006,-0,06 CURATELA::06.1 Curatela,06.1 Curatela,ITA,1
-0,info:eu-repo/semantics/closedAccess,-0,http://hdl.handle.net/11311/989810,-0,Clup,Corpi arredativi,-0,ita,-0,"Guerriero, Alessandro; Bobbioni, Mariapia; Crippa, Davide; Di Prete, Barbara",-0,-0,2006,-0,06 CURATELA::06.1 Curatela,06.1 Curatela,-0,4
-0,-0,-0,http://hdl.handle.net/11311/246819,-0,Libreria Clup,"Design per la sostenibilità. Strumenti e strategie per la decade ""Educazione per lo sviluppo sostenibile"" Nazioni Unite (2005-2014)",Milano,ita,-0,P. Tamborrini; C. Vezzoli,-0,-0,2007,nazionale,06 CURATELA::06.1 Curatela,06.1 Curatela,ITA,2
-0,-0,-0,http://hdl.handle.net/11311/250929,-0,Arti Grafiche Meroni,Playing Design,Lissone,-0,-0,L. Cavadini; A. Dell'Acqua Bellavitis,-0,-0,2007,nazionale,06 CURATELA::06.1 Curatela,-0,-0,2
-0,-0,-0,http://hdl.handle.net/11311/251168,-0,Dativo Editore,Packaging controverso,Milano,ita,-0,V. Bucchetti,-0,-0,2007,nazionale,06 CURATELA::06.1 Curatela,06.1 Curatela,-0,1
-0,none,Unbranded design,http://hdl.handle.net/11311/257240,-0,Poli.Design,Designing Designers: Unbranded design for new user expectations,Milano,eng,-0,L. Collina; F. Scullica,"Designing Designers: unbranded design for new youser expectations, in east and west",-0,2007,internazionale,06 CURATELA::06.1 Curatela,06.1 Curatela,ITA,2
-0,none,-0,http://hdl.handle.net/11311/258844,-0,Clup,Movie Design for Experience Project. Visual scenarios for Illy concept store,Milano,-0,-0,M. Galbiati; F. Galli,-0,-0,2007,nazionale,06 CURATELA::06.1 Curatela,06.1 Curatela,-0,2
-0,info:eu-repo/semantics/closedAccess,-0,http://hdl.handle.net/11311/269762,Comitato scientifico,Gangemi,"Sole vento acqua vegetazione e tecnologie avanzate: matrici di un nuovo approccio progettuale al territorio, architettura e design strategico.",Roma,ita,-0,C. Blasi; A. Nebuloni; G. Padovano,-0,STAMPA,2007,nazionale,06 CURATELA::06.1 Curatela,06.1 Curatela,ITA,3
-0,info:eu-repo/semantics/closedAccess,-0,http://hdl.handle.net/11311/269994,-0,Poli.Design,La Moda e il Design. Il trasferimento di conoscenza a servizio dell'innovazione,Milano,ita,-0,P. Bertola; G. Conti,-0,-0,2007,nazionale,06 CURATELA::06.1 Curatela,06.1 Curatela,-0,2
-0,-0,-0,http://hdl.handle.net/11311/274057,-0,Poli.Design,Culture visive,Milano,ita,-0,V. Bucchetti,-0,-0,2007,nazionale,06 CURATELA::06.1 Curatela,06.1 Curatela,-0,1
-0,none,-0,http://hdl.handle.net/11311/274058,-0,Poli.Design,Packaging: tra vista e tatto,Milano,ita,-0,V. Bucchetti,-0,-0,2007,nazionale,06 CURATELA::06.1 Curatela,-0,-0,1
-0,info:eu-repo/semantics/closedAccess,"Sustainability - Design Research

Social Innovation

Service Design",http://hdl.handle.net/11311/532286,-0,Edizioni Polidesign,Creative Communities. People inventing sustainable ways of living.,MILANO,eng,-0,A. MERONI,-0,-0,2007,internazionale,06 CURATELA::06.1 Curatela,06.1 Curatela,ITA,1
-0,-0,-0,http://hdl.handle.net/11311/532713,-0,Gangemi,"Abitare la complessità: Branson Coates, Coop Himmelblau, Daniel Libeskind, M&M, Mecanoo, Naga Studio, NL Architects, ODBC, R&Sie, RUR, SMAQ architects, Tomorrow, UNStudio. Serie: Complessità e Sostenibilità: il territorio e l'architettura - Rivista bimestrale digitale di pianificazione e progettazione, n° 01",ROMA,ita;eng,-0,G. PADOVANO; C. BLASI; A. NEBULONI; I. ANASTASIO; V. ARRIGONI,-0,-0,2007,-0,06 CURATELA::06.1 Curatela,06.1 Curatela,ITA,5
-0,-0,-0,http://hdl.handle.net/11311/532714,-0,Gangemi,"Architetture sostenibili: Behnisch & Partner, Mario Cucinella, FOA, Zaha Hadid, LAB Architecture, Manfredi Nicoletti, ODBC, Petzinka-Pink, R&Sie, Samyn and Partners, Synthesis & Research. Serie: Complessità e Sostenibilità: il territorio e l'architettura - Rivista bimestrale digitale di pianificazione e progettazione, n° 02",ROMA,ita;eng,-0,G. PADOVANO; C. BLASI; A. NEBULONI; I. ANASTASIO; V. ARRIGONI,-0,-0,2007,-0,06 CURATELA::06.1 Curatela,06.1 Curatela,ITA,5
-0,none,-0,http://hdl.handle.net/11311/532715,-0,Gangemi,"Europa, Oceania e Far-East: strategie di pianificazione per i territori. Testi di G. Padovano, J. Peyrony, L. Porsche, K. Serranos, E. Gianniris, M. Zifou, M. Carta, D. Ronsivalle, F. Vescovi, M. Vliet, J. Goedman, C. Anderton, D. Ciesielska, M. Lasocki, D. Blaganje, M. Benabent, P. McFarland, M. Gunder, R. Lizhi, X. Fei, Y. Jing, K. Moriyasu, Y. Pandya, R. Nair, L. Meng, K. Ong, K. Peng. Serie: Complessità e Sostenibilità: il territorio e l'architettura - Rivista bimestrale digitale di pianificazione e progettazione, n° 03-04",ROMA,eng;ita,-0,G. PADOVANO; C. BLASI; A. NEBULONI; I. ANASTASIO; V. ARRIGONI,-0,-0,2007,-0,06 CURATELA::06.1 Curatela,-0,ITA,5
-0,info:eu-repo/semantics/closedAccess,-0,http://hdl.handle.net/11311/548046,-0,Edizioni POLI.design,Ricerca e design per il prodotto moda,-0,ita,-0,Bertola  Paola; Colombi Chiara,-0,-0,2007,-0,06 CURATELA::06.1 Curatela,06.1 Curatela,-0,2
-0,-0,-0,http://hdl.handle.net/11311/551602,-0,Electa,Leonardo. Dagli studi di proporzioni al Trattato della Pittura,Milano,-0,-0,M. Fiorio; P. Marani,-0,-0,2007,internazionale,06 CURATELA::06.1 Curatela,06.1 Curatela,-0,2
-0,info:eu-repo/semantics/closedAccess,-0,http://hdl.handle.net/11311/551625,-0,Poli.Design,MuVi. Video and moving image on synesthesia and visual music,Milano,ita;spa;eng,-0,M. De Cordoba; D. Ricco',-0,-0,2007,-0,06 CURATELA::06.1 Curatela,06.1 Curatela,-0,2
-0,none,-0,http://hdl.handle.net/11311/551626,-0,Poli.Design,Fashion Plus. Un'azione di valorizzazione guidata dal design per le PMI del territorio regionale e miliano,Milano,ita,-0,P. Bertola; S. Maffei,-0,-0,2007,nazionale,06 CURATELA::06.1 Curatela,06.1 Curatela,-0,2
-0,none,-0,http://hdl.handle.net/11311/551633,-0,Libreria Clup,The new generation. The design role in the new generation world,MILANO,-0,-0,L. CRESPI; PICCINNO G; REBAGLIO A,-0,-0,2007,internazionale,06 CURATELA::06.1 Curatela,-0,ITA,3
-0,none,-0,http://hdl.handle.net/11311/561919,-0,Libreria Clup,The new generation: the design role in the new generation world,Milano,eng;ita,-0,L. Crespi; G. Piccinno; A. Rebaglio,-0,-0,2007,-0,06 CURATELA::06.1 Curatela,06.1 Curatela,-0,3
-0,none,-0,http://hdl.handle.net/11311/692927,-0,SKIRA,In pubblico. Azioni e idee degli anni settanta in Italia,-0,ita,-0,M. Fochessati; M. Piazza; S. Solimano,-0,-0,2007,-0,06 CURATELA::06.1 Curatela,-0,-0,3
-0,none,-0,http://hdl.handle.net/11311/693436,-0,Edizioni PoliDesign,That’s Poli. Polimi at That’s Design,-0,eng;ita,-0,M. Piazza; M. Pelizzari,-0,-0,2007,-0,06 CURATELA::06.1 Curatela,-0,-0,2
-0,info:eu-repo/semantics/closedAccess,Renzo Piano; Architettura contemporanea,http://hdl.handle.net/11311/881651,Nessuno,Electa Triennale,Renzo Piano. Le città visibili,Milano,ita;eng,-0,Irace F.; Feraboli M.T.,-0,-0,2007,-0,06 CURATELA::06.1 Curatela,06.1 Curatela,ITA,2
-0,info:eu-repo/semantics/closedAccess,-0,http://hdl.handle.net/11311/989815,-0,Corraini,Investigations into Decor and Decus / Indagini tra Decor e Decus,mantova,eng;ita,-0,"Crippa, Davide; Di Prete, Barbara",-0,-0,2007,-0,06 CURATELA::06.1 Curatela,06.1 Curatela,-0,2
-0,none,-0,http://hdl.handle.net/11311/532242,-0,Bozen-Bolzano University Press,La creatività nelle professioni,BOLZANO,ita;eng,-0,P. VOLONTE'; M. PEDRONI,-0,-0,2008,nazionale,06 CURATELA::06.1 Curatela,-0,ITA,2
-0,-0,-0,http://hdl.handle.net/11311/532243,-0,FrancoAngeli,La creatività diffusa. Culture e mestieri della moda oggi,MILANO,ita,-0,P. VOLONTE',-0,-0,2008,nazionale,06 CURATELA::06.1 Curatela,06.1 Curatela,-0,1
-0,none,-0,http://hdl.handle.net/11311/532244,-0,Bompiani,Max Weber. La scienza come professione,MILANO,ita;ger,-0,P. VOLONTE',-0,-0,2008,nazionale,06 CURATELA::06.1 Curatela,-0,-0,1
-0,none,-0,http://hdl.handle.net/11311/532416,-0,Poli.design,"Design, Research, Maps. Prospettive della ricerca universitaria in design in Italia. 2003-2007",MILANO,eng;ita,-0,S. MAFFEI; BERTOLA P,-0,-0,2008,internazionale,06 CURATELA::06.1 Curatela,06.1 Curatela,ITA,2
-0,-0,-0,http://hdl.handle.net/11311/532726,-0,McGraw Hill,L'impresa di successo. Il Design e la competitività,-0,ita,-0,L. RAMPINO,-0,-0,2008,-0,06 CURATELA::06.1 Curatela,06.1 Curatela,ITA,1
-0,none,-0,http://hdl.handle.net/11311/532782,-0,Greenleaf Publishing,System Innovation for Sustainability 1. Perspectives on Radical Changes to Sustainable Consumption and Production,SHEFFIELD,eng,-0,C. VEZZOLI; A. TUKKER; M. CHARTER; E. STØ; M. M. ANDERSEN,-0,-0,2008,internazionale,06 CURATELA::06.1 Curatela,-0,GBR,5
-0,info:eu-repo/semantics/closedAccess,-0,http://hdl.handle.net/11311/532787,-0,FrancoAngeli,Argomenti di ergonomia. Un glossario. Vol. I,MILANO,ita,-0,S. PIZZOCARO; M. FIGIANI,-0,-0,2008,-0,06 CURATELA::06.1 Curatela,06.1 Curatela,ITA,2
-0,none,Housing; interior design; new scenarios,http://hdl.handle.net/11311/545230,-0,China Water Power Press,Housing in Europe and in China,Beijing,chi;eng,-0,S. Piardi; M. Manfredini; G. Bosoni,-0,-0,2008,-0,06 CURATELA::06.1 Curatela,06.1 Curatela,CHN,3
-0,none,-0,http://hdl.handle.net/11311/547653,-0,Franco Angeli Editore,"Place and Themes of Interiors, Contemporary Research Studies",Milano,eng,-0,G. L. Basso Peressut; I. Forino; G. Postiglione; F. Scullica,-0,-0,2008,-0,06 CURATELA::06.1 Curatela,06.1 Curatela,ITA,4
-0,none,-0,http://hdl.handle.net/11311/547668,-0,Maggioli Editore,The Hospitable city,Sant’Arcangelo di Romagna (Rimini),eng;ita,-0,D. Fassi; F. Scullica,-0,-0,2008,-0,06 CURATELA::06.1 Curatela,06.1 Curatela,ITA,2
-0,none,-0,http://hdl.handle.net/11311/549670,-0,Silvana Editoriale,Bruno Munari,Cinisello Balsamo (MI),ita,-0,G. Finessi; M. Meneguzzo,-0,-0,2008,-0,06 CURATELA::06.1 Curatela,-0,ITA,2
-0,info:eu-repo/semantics/closedAccess,Marketing territoriale; valorizzazione beni culturali; distretti culturali; brand territoriale,http://hdl.handle.net/11311/549834,-0,Maggioli Editore,Progetti per lo sviluppo del territorio. Marketing strategico dell'Oltrepò Mantovano,Rimini,ita,-0,G. Casoni; D. Fanzini; R. Trocchianesi,-0,-0,2008,-0,06 CURATELA::06.1 Curatela,06.1 Curatela,ITA,3
-0,none,-0,http://hdl.handle.net/11311/550371,-0,POLIdesign,Brand reset. Il caso Framesi,-0,ita,-0,L. Collina; A. Manciaracina; U. Tolino,-0,-0,2008,-0,06 CURATELA::06.1 Curatela,06.1 Curatela,-0,3
-0,info:eu-repo/semantics/closedAccess,case  prefabbricate; prefabbricazione leggera,http://hdl.handle.net/11311/881646,Nessuno,ELECTA MONDADORI,Casa per tutti. Abitare la città globale,Milano,ita,-0,Irace F.; Feraboli M.T.,-0,-0,2008,-0,06 CURATELA::06.1 Curatela,06.1 Curatela,ITA,2
-0,-0,shopping; consumi.,http://hdl.handle.net/11311/504231,-0,Franco Angeli,HELL PARADISE SHOPPING,MILANO,ita,-0,C. CAUTELA,-0,-0,2009,-0,06 CURATELA::06.1 Curatela,06.1 Curatela,ITA,1
-0,-0,design; local development; territorial and cultural asset,http://hdl.handle.net/11311/532729,-0,Editrice Compositori,Designing Connected places,-0,eng;ita,-0,E. Lupo; C. Campagnaro,-0,-0,2009,internazionale,06 CURATELA::06.1 Curatela,06.1 Curatela,-0,2
-0,info:eu-repo/semantics/closedAccess,materiali; design; ricerca sui materiali; sperimentazione progettuale; innovazione,http://hdl.handle.net/11311/544080,-0,Alinea,Design Follows Materials,FIRENZE,ita,-0,M. FERRARA; S. LUCIBELLO,-0,-0,2009,internazionale,06 CURATELA::06.1 Curatela,06.1 Curatela,ITA,2
-0,none,-0,http://hdl.handle.net/11311/546441,-0,Gangemi,"Master in Territorio e Architettura Sostenibili: Seminari Internazionali e progetti dei gruppi di ricerca. Serie: Complessità e Sostenibilità: il territorio e l'architettura - Rivista bimestrale digitale di pianificazione e progettazione, n° 10",Roma,eng;ita,-0,PADOVANO G; BLASI C; A. NEBULONI; ANASTASIO I; ARRIGONI V,-0,-0,2009,-0,06 CURATELA::06.1 Curatela,-0,ITA,5
-0,-0,biography of the objects; cultural production; cultural consumption,http://hdl.handle.net/11311/547903,-0,Bruno Mondadori,Biografie di oggetti | Storie di cose,Milano,ita,-0,A. Burtscher; D. Lupo; A. Mattozzi; P. Volonte',-0,-0,2009,-0,06 CURATELA::06.1 Curatela,06.1 Curatela,ITA,4
-0,info:eu-repo/semantics/closedAccess,design; didattica; ricerca; sistemi produttivi locali; distretti industriali; formazione; legno arredo; tessile; disegno industriale; creatività; innovazione,http://hdl.handle.net/11311/561410,-0,NEW PRESS EDIZIONI,Design a Como. L'impatto del sistema design politecnico nel distretto comasco,Como,ita,-0,R. de PAOLIS,-0,-0,2009,-0,06 CURATELA::06.1 Curatela,06.1 Curatela,ITA,1
-0,none,Design; Lighting; Products,http://hdl.handle.net/11311/561522,-0,Maggioli,Designing Designers: Where Does Light Move To? Lighting Design Innovation Scenarios.,Bologna,eng,-0,M. Rossi,-0,-0,2009,-0,06 CURATELA::06.1 Curatela,-0,ITA,1
-0,none,-0,http://hdl.handle.net/11311/562688,-0,edizioni Poli.design,Il Sistema Design Italia per la valorizzazione dei beni culturali,Milano,ita,-0,M. Parente; E. Lupo,-0,-0,2009,-0,06 CURATELA::06.1 Curatela,06.1 Curatela,ITA,2
-0,none,Design e Ricerca; Innovazione; Nuovo Made in Italy; PhD Design; Design,http://hdl.handle.net/11311/562762,-0,Maggioli,Design Research Maps. Prospettive della ricerca universitaria in design in Italia,Rimini,ita,-0,P. BERTOLA; S. MAFFEI,-0,-0,2009,-0,06 CURATELA::06.1 Curatela,06.1 Curatela,ITA,2
-0,none,DESIGN; PMI; CONTINUITA' COMPETITIVA; PASSAGGIO GENERAZIONALE; STRATEGIA; SCENARI; NUOVO MADE IN ITALY; TRAIETTORIE DI INNOVAZIONE,http://hdl.handle.net/11311/563222,-0,MAGGIOLI EDITORE,DESIGN E CONTINUITA' COMPETITIVA. Creatività e strategia per affrontare il passaggio generazionale,SANTARCANGELO DI ROMAGNA (RN),ita,-0,ARIANNA VIGNATI,-0,-0,2009,-0,06 CURATELA::06.1 Curatela,-0,-0,1
-0,-0,-0,http://hdl.handle.net/11311/563400,Comitato scientifico,Alinea Edizioni,Pratiche sostenibili. Itinerari del design nella ricerca italiana,Firenze,ita,-0,Vezzoli C.; Veneziano R.,-0,-0,2009,-0,06 CURATELA::06.1 Curatela,06.1 Curatela,ITA,2
-0,none,-0,http://hdl.handle.net/11311/563448,-0,Designpress,Another Med_Another Design,Roma,ita;eng,-0,A. Can Ozcan; M. Ferrara,-0,-0,2009,-0,06 CURATELA::06.1 Curatela,-0,ITA,2
-0,none,-0,http://hdl.handle.net/11311/563652,-0,Maggioli,Sustainable mobility,Milano,eng;ita,-0,D. Fassi; E. Giunta; A. Rebaglio,-0,-0,2009,-0,06 CURATELA::06.1 Curatela,06.1 Curatela,-0,3
Didattica del disegno; Disegno; Design; Dipartimento INDACO; Corsi di Studio; Facoltà del Design; Università.,info:eu-repo/semantics/closedAccess,-0,http://hdl.handle.net/11311/563656,"Sì, ma tipo non specificato",Maggioli,La didattica del disegno nei corsi di laurea in design. Giornata di studio. 27 maggio 2009.,Milano,ita,-0,"Amoruso, Giuseppe; Bistagnino, Enrica; Brevi, Fausto; Ceconello, MAURO ATTILIO; Cocchiarella, Luigi; Guidi, Gabriele; Pierluisi, Gabriele; Rossi, Michela",-0,STAMPA,2009,-0,06 CURATELA::06.1 Curatela,06.1 Curatela,ITA,8
-0,-0,-0,http://hdl.handle.net/11311/563672,-0,Polipress - Politecnico di Milano,AD HONOREM,Milano,ita,-0,M. GALBIATI,-0,-0,2009,-0,06 CURATELA::06.1 Curatela,06.1 Curatela,ITA,1
-0,-0,arte ambientale; parchi di scultura; arte e bambini; arte e paesaggio,http://hdl.handle.net/11311/563711,-0,Chartusia,Giardino comanda color,Milano,ita,-0,A. Mazzanti,-0,-0,2009,-0,06 CURATELA::06.1 Curatela,06.1 Curatela,ITA,1
-0,none,-0,http://hdl.handle.net/11311/563723,-0,Grafiche Sigem srl,"Mobili e Collaborativi. Telefoni mobili, servizi digitali, e dinamizzazione socioculturale.",-0,ita,-0,E. Manzini; M. Pillan; T. Buganza; G. Ferri; M. Bianchini,-0,-0,2009,-0,06 CURATELA::06.1 Curatela,06.1 Curatela,-0,4
-0,none,-0,http://hdl.handle.net/11311/563857,-0,edizioni Polidesign,Designing Designers: Office and  Workplaces for Knowledge workers,Milano,eng,-0,F. Scullica; A. Schoonbrodt,-0,-0,2009,-0,06 CURATELA::06.1 Curatela,06.1 Curatela,-0,2
-0,none,-0,http://hdl.handle.net/11311/564066,-0,Edizioni POLI.design,Opening Soon,Milano,ita;eng,-0,L. Collina; L. Pollini,-0,-0,2009,-0,06 CURATELA::06.1 Curatela,-0,-0,2
-0,none,Design; italian design; furniture design; Gio Ponti; transatlantici; Carlo De Carli; Vico Magistretti; Gianfranco Frattini; Ico Parisi; Mario Bellini; Gaetano Pesce; Philippe Starck; Paolo Deganello..,http://hdl.handle.net/11311/564221,-0,Skira editore,Made in Cassina (ed. fr.),Milano - Ginevra,fra,-0,G. Bosoni;,-0,-0,2009,-0,06 CURATELA::06.1 Curatela,-0,ITA,1
-0,none,-0,http://hdl.handle.net/11311/564563,-0,AIAP,"Nullaosta. Grafica, confini, relazioni",Milano,ita,-0,F. E. GUIDA; G. CHIA; L. ROSCINI; M. SIGNORILE,-0,-0,2009,-0,06 CURATELA::06.1 Curatela,-0,-0,4
-0,-0,-0,http://hdl.handle.net/11311/568386,-0,Corraini,Mendini,Mantova,ita;eng,-0,G. Finessi,-0,-0,2009,-0,06 CURATELA::06.1 Curatela,06.1 Curatela,-0,1
-0,info:eu-repo/semantics/closedAccess,-0,http://hdl.handle.net/11311/568390,-0,Corraini,Angelo Mangiarotti. Scolpire/Costruire,Mantova,ita;eng,-0,G. Finessi,-0,-0,2009,-0,06 CURATELA::06.1 Curatela,06.1 Curatela,-0,1
-0,none,Synesthesia; Perception; Creativity; Neuroscience,http://hdl.handle.net/11311/691257,-0,Ediciones Fundación Internacional Artecittà,"III Congreso Internacional de Sinestesia, Ciencia y Arte",Granada,eng;spa,-0,M.J.De Córdoba; E.M. Hubbard; D. Ricco'; S.A Day,-0,-0,2009,-0,06 CURATELA::06.1 Curatela,-0,ESP,4
-0,info:eu-repo/semantics/closedAccess,-0,http://hdl.handle.net/11311/563379,-0,FrancoAngeli,IndossaME. Il design e le tecnologie indossabili,Milano,ita,-0,"Canina, MARIA RITA",-0,-0,2010,-0,03 LIBRO::03.1 Monografia o trattato scientifico,03.1 Monografia o trattato scientifico,ITA,1
-0,info:eu-repo/semantics/closedAccess,Studi sull'utente; Studi di ergonomia; Design antropo-centrico,http://hdl.handle.net/11311/573359,-0,FrancoAngeli,Argomenti di ergonomia. Un glossario (Vol. 2),Milano,ita,-0,S. Pizzocaro; M. Figiani,-0,-0,2010,-0,06 CURATELA::06.1 Curatela,06.1 Curatela,ITA,2
-0,info:eu-repo/semantics/closedAccess,-0,http://hdl.handle.net/11311/574067,-0,Mc. Graw Hill,"AdvanceDesign. Visioni, percorsi e strumenti per predisporsi all'innovazione continua.",Milano,ita,-0,M. Celi,-0,-0,2010,-0,06 CURATELA::06.1 Curatela,06.1 Curatela,ITA,1
-0,info:eu-repo/semantics/closedAccess,-0,http://hdl.handle.net/11311/574885,-0,Maggioli Editore,MetaModa. Percorsi di ricerca per il design del prodotto moda,Sant'Arcangelo di Romagna (RN),ita,-0,P. Bertola; C. Colombi,-0,-0,2010,-0,06 CURATELA::06.1 Curatela,06.1 Curatela,ITA,2
-0,info:eu-repo/semantics/closedAccess,Design Research,http://hdl.handle.net/11311/574951,-0,Franco Angeli,Notes on Doctoral Research in Design. Contributions from the Politecnico di Milano,Milano,eng,-0,Luca Guerrini,-0,-0,2010,-0,06 CURATELA::06.1 Curatela,06.1 Curatela,ITA,1
-0,none,Leonardo da Vinci; disegni; tecnologia; architettura; macchine,http://hdl.handle.net/11311/575286,-0,De Agostini,Codex Atlanticus. Macchine per l'architettura e il territorio. Disegni di Leonardo dal Codice Atlantico,Novara,eng;ita,-0,P.C.MARANI; P.CORDERA,-0,-0,2010,-0,06 CURATELA::06.1 Curatela,06.1 Curatela,ITA,2
-0,-0,Leonardo; dipinti; Ambrosiana; musica,http://hdl.handle.net/11311/575288,-0,Silvana Editoriale-Amilcare Pizzi,Leonardo da Vinci. Il Musico,Cinisello Balsamo-Milano,ita,-0,P.C.MARANI,-0,-0,2010,-0,06 CURATELA::06.1 Curatela,06.1 Curatela,ITA,1
-0,info:eu-repo/semantics/closedAccess,-0,http://hdl.handle.net/11311/578005,Esperti anonimi,Greenleaf Publishing,"Sustainability in design: now! Challenges and opportunities for design research, education and practice in the XXI century.",Sheffield,eng,-0,F. Ceschin; C. Vezzoli; J. Zhang,-0,-0,2010,-0,06 CURATELA::06.1 Curatela,06.1 Curatela,GBR,3
-0,info:eu-repo/semantics/closedAccess,-0,http://hdl.handle.net/11311/578301,-0,Maggioli,Colore e colorimetria contributi multidisciplinari Vol VI,-0,ita,-0,M. Rossi,-0,-0,2010,-0,06 CURATELA::06.1 Curatela,06.1 Curatela,-0,1
-0,none,-0,http://hdl.handle.net/11311/578522,-0,IDC Colour Centre,Colore. quaderni di cultura e progetto del colore / notes on colour culture and design,Milano,eng,-0,C. Boeri,-0,-0,2010,-0,06 CURATELA::06.1 Curatela,-0,ITA,1
-0,none,-0,http://hdl.handle.net/11311/579241,-0,Edizioni Dativo,Innovazione nel packaging design. Riflessioni e strumenti.,Milano,ita;eng,-0,V.Bucchetti; E.Ciravegna,-0,-0,2010,-0,06 CURATELA::06.1 Curatela,06.1 Curatela,ITA,2
-0,info:eu-repo/semantics/closedAccess,-0,http://hdl.handle.net/11311/580803,-0,De Pedrini,Latitudine 45°40'80'' - Longitudine 9°15'20''. Milanofiori Nord,Milano,ita,-0,"A. Barbara, S. Galateo; L. Molinari",-0,-0,2010,-0,06 CURATELA::06.1 Curatela,06.1 Curatela,ITA,3
Architettura contemporanea; Luigi Ferrario,info:eu-repo/semantics/closedAccess,-0,http://hdl.handle.net/11311/582065,-0,Silvana Editoriale,Luigi Ferrario. Paesaggi costruiti,Cinisello Balsamo,eng;ita,-0,"Ciaga', GRAZIELLA LEYLA; Feraboli, MARIA TERESA",-0,STAMPA,2010,-0,06 CURATELA::06.1 Curatela,06.1 Curatela,ITA,2
-0,-0,-0,http://hdl.handle.net/11311/582693,-0,Franco Angeli,"La semiotica e il progetto 2. Spazi, oggetti, interfacce",Milano,ita,-0,C. Bianchi; F. Montanari; S. Zingale;,-0,-0,2010,-0,06 CURATELA::06.1 Curatela,06.1 Curatela,ITA,3
-0,-0,-0,http://hdl.handle.net/11311/583474,-0,Pagliai,"Novecento Sedotto, il fascino del Seicento fra le due guerre",Firenze,ita,-0,A.Mazzanti; L.Mannini; V.Gensini,-0,-0,2010,-0,06 CURATELA::06.1 Curatela,06.1 Curatela,-0,3
-0,none,-0,http://hdl.handle.net/11311/583494,-0,Corraini Edizioni,"Ospiti Inaspettati. Case di ieri, design di oggi",-0,ita;eng,-0,G. Finessi,-0,-0,2010,-0,06 CURATELA::06.1 Curatela,-0,-0,1
-0,none,-0,http://hdl.handle.net/11311/583495,-0,Corraini Edizioni,Inventario 01,-0,eng;ita,-0,G. Finessi,-0,-0,2010,-0,06 CURATELA::06.1 Curatela,-0,-0,1
-0,info:eu-repo/semantics/closedAccess,-0,http://hdl.handle.net/11311/692776,-0,Silvana Editoriale,Luigi Ferrario. Paesaggi costruiti,Cinisello Balsamo,ita;eng,-0,G. L. Ciagà; M. T. Feraboli,-0,STAMPA,2010,-0,06 CURATELA::06.1 Curatela,06.1 Curatela,-0,2
-0,info:eu-repo/semantics/closedAccess,Service Design; Design for Services; Design for Sustainability; Strategic Design; Product Service System Design,http://hdl.handle.net/11311/572638,Comitato scientifico,Gower Publishing Limited,Design for Services,-0,eng,-0,"Meroni, Anna; Sangiorgi, Daniela",-0,-0,2011,-0,06 CURATELA::06.1 Curatela,06.1 Curatela,GBR,2
-0,info:eu-repo/semantics/closedAccess,Design della comunicazione; progetto grafico; identità visiva; editoria.,http://hdl.handle.net/11311/576680,-0,Aiap Edizioni,"On the road. Bob Noorda, il grafico del viaggio (titolo inglese ""On the road. Bob Noorda: travelling with a graphic designer"").",Milano,ita;eng,-0,Francesco E. Guida; Cinzia Ferrara,-0,-0,2011,-0,06 CURATELA::06.1 Curatela,06.1 Curatela,ITA,2
-0,info:eu-repo/semantics/closedAccess,Disegno; Rappresentazione; Design del Prodotto; Design della Moda; Design della Comunicazione; Design degli Interni; Design dei Beni culturali,http://hdl.handle.net/11311/579322,-0,Maggioli Editore,La ricerca nel disegno di design. giornata di studio 20 ottobre 2010,-0,ita,-0,G. Amoruso; E. Bistagnino; F. Brevi; M. Ceconello; G. Guidi; G. Pierluisi; M. Rossi; M. Russo,-0,-0,2011,-0,06 CURATELA::06.1 Curatela,06.1 Curatela,ITA,8
-0,info:eu-repo/semantics/closedAccess,-0,http://hdl.handle.net/11311/580903,-0,Aiap Edizioni,"Il segno continuo. Simonetta Ferrante.Grafica tra arte, calligrafia e design",Milano,ita;eng,-0,Francesco E. Guida; Lorenzo Grazzani,-0,-0,2011,-0,06 CURATELA::06.1 Curatela,06.1 Curatela,-0,2
-0,info:eu-repo/semantics/closedAccess,-0,http://hdl.handle.net/11311/580905,-0,Franco Angeli,Type Design. Esperienze progettuali tra teoria e prassi.,Milano,ita,-0,Francesco E. Guida; Giancarlo Iliprandi,-0,-0,2011,-0,06 CURATELA::06.1 Curatela,06.1 Curatela,-0,2
-0,info:eu-repo/semantics/closedAccess,-0,http://hdl.handle.net/11311/583875,-0,Franco Angeli,Comunicazione a misura d'uomo,-0,ita,-0,M. Pillan,-0,-0,2011,-0,06 CURATELA::06.1 Curatela,06.1 Curatela,-0,1
-0,info:eu-repo/semantics/closedAccess,modello; modellazione digitale; modelli del colore; disegno; reverse modeling; virtual prototyping,http://hdl.handle.net/11311/604685,-0,Maggioli,"Realtà, simulazione e progetto. Il ruolo del modello",Santarcangelo di Romagna,ita,-0,Giuseppe Amoruso; Enica Bistagnino; Fausto Brevi; Mauro Cecconello; Gabriele Pierluisi; Michela Rossi; Michele Russo,-0,STAMPA,2011,-0,06 CURATELA::06.1 Curatela,06.1 Curatela,ITA,7
-0,info:eu-repo/semantics/closedAccess,disegno; modello; design.,http://hdl.handle.net/11311/605680,-0,Maggioli Editore,"Realtà, simulazione e progetto. Il ruolo del modello",Milano,ita,-0,Giuseppe Amoruso; Enica Bistagnino; Fausto Brevi; Mauro Cecconello; Gabriele Pierluisi; Michela Rossi; Michele Russo,-0,-0,2011,-0,06 CURATELA::06.1 Curatela,06.1 Curatela,-0,7
-0,info:eu-repo/semantics/closedAccess,Albini; design; interior design; mobili; architettura d'interni; Helg; Cassina; Poggi; Arflex,http://hdl.handle.net/11311/608307,-0,24 ore Cultura,Franco Albini,Milano,ita,-0,G. Bosoni,-0,-0,2011,-0,06 CURATELA::06.1 Curatela,06.1 Curatela,-0,1
-0,info:eu-repo/semantics/closedAccess,-0,http://hdl.handle.net/11311/608399,-0,Maggioli,Color and Colorimetry Multidisciplinary Contributions,-0,eng,-0,M. Rossi,-0,-0,2011,-0,06 CURATELA::06.1 Curatela,06.1 Curatela,-0,1
-0,info:eu-repo/semantics/closedAccess,-0,http://hdl.handle.net/11311/608400,-0,Maggoli,Colore e colorimetria contributi multidisciplinari,-0,ita,-0,M. Rossi,-0,-0,2011,-0,06 CURATELA::06.1 Curatela,06.1 Curatela,-0,1
-0,-0,-0,http://hdl.handle.net/11311/609276,-0,Corraini Edizioni,Cruciale,Mantova,ita;eng,-0,Beppe Finessi,-0,-0,2011,-0,06 CURATELA::06.1 Curatela,06.1 Curatela,ITA,1
-0,-0,-0,http://hdl.handle.net/11311/609277,-0,Corraini Edizioni,Di vaso in fiore,Mantova,ita;eng,-0,Beppe Finessi,-0,-0,2011,-0,06 CURATELA::06.1 Curatela,06.1 Curatela,ITA,1
-0,-0,-0,http://hdl.handle.net/11311/609278,-0,Corraini Edizioni,Inventario 02,Mantova,ita;eng,-0,Beppe Finessi,-0,-0,2011,-0,06 CURATELA::06.1 Curatela,06.1 Curatela,ITA,1
-0,-0,-0,http://hdl.handle.net/11311/609279,-0,Corraini Edizioni,Inventario 03,Mantova,ita;eng,-0,Beppe Finessi,-0,-0,2011,-0,06 CURATELA::06.1 Curatela,06.1 Curatela,ITA,1
-0,none,Esposizioni; Milano; 1906,http://hdl.handle.net/11311/614714,-0,"Comune di Milano, CASVA, Biblioteca d'Arte","Per l’esposizione, mi raccomando…!Milano e l’Esposizione internazionale del Sempione del 1906 nei documenti del Castello Sforzesco.",Milano,ita,-0,G. Ricci; P. Cordera,-0,-0,2011,-0,06 CURATELA::06.1 Curatela,06.1 Curatela,ITA,2
-0,-0,Leonardo; Mito; Disegni; Pittura; Fortuna,http://hdl.handle.net/11311/630994,-0,Silvana Editoriale,Leonardo: il Genio il Mito,Cinisello Balsamo Milano,ita,-0,"MARANI, P.; PEDRETTI, C.; SALVI, P. ; VITULO, C.; BARILLI, R.",-0,-0,2011,-0,06 CURATELA::06.1 Curatela,06.1 Curatela,ITA,5
-0,none,-0,http://hdl.handle.net/11311/635446,-0,FrancoAngeli,Altre figure. Intorno alle figure di argomentazione,Milano,ita,-0,V. Bucchetti,-0,-0,2011,-0,06 CURATELA::06.1 Curatela,-0,ITA,1
-0,none,oggetto; ready made; oggettori; riuso; estetica dell'oggetto; object trouvé,http://hdl.handle.net/11311/639706,-0,Liguori,L’oggetto nell’arte contemporanea. Uso e riuso,Napoli,ita,-0,E.Crispolti; A.Mazzanti,-0,-0,2011,-0,06 CURATELA::06.1 Curatela,-0,ITA,2
-0,info:eu-repo/semantics/closedAccess,-0,http://hdl.handle.net/11311/642133,-0,MAGGIOLI EDITORE,PROGETTARE UN GIOCO NON E' UN GIOCO,-0,ita,-0,LUCA FOIS; ARIANNA VIGNATI,-0,-0,2011,-0,06 CURATELA::06.1 Curatela,06.1 Curatela,ITA,2
-0,info:eu-repo/semantics/closedAccess,-0,http://hdl.handle.net/11311/643730,Comitato scientifico,SKIRA EDITORE SPA,"COMUNICARE IN MOVIMENTO, COMMUNICATION IN MOTION",MILANO,eng;ita,-0,D. BRUNO,-0,STAMPA,2011,-0,06 CURATELA::06.1 Curatela,06.1 Curatela,ITA,1
-0,info:eu-repo/semantics/closedAccess,-0,http://hdl.handle.net/11311/645146,-0,Rizzoli,"Abitare. 50 anni di design: case, architetture, oggetti, fotografie, mode, design, viaggi – 1961-2011",Milano,ita,-0,Piazza Mario,-0,-0,2011,-0,06 CURATELA::06.1 Curatela,06.1 Curatela,ITA,1
-0,info:eu-repo/semantics/closedAccess,Disegno; modello; progetto; colore; rappresentazione,http://hdl.handle.net/11311/662385,-0,Maggioli Editore,"Realtà, simulazione e progetto. Il ruolo del modello",Santarcangelo di Romagna,ita,-0,"G. Amoruso; E. Bistagnino; F. Brevi; M.

Ceconello; G. Pierluisi; M. Rossi; M. Russo",-0,STAMPA,2011,-0,06 CURATELA::06.1 Curatela,06.1 Curatela,ITA,7
-0,none,-0,http://hdl.handle.net/11311/666304,-0,Corraini Edizioni,Inventario 04,Mantova,eng;ita,-0,G. Finessi,-0,-0,2011,-0,06 CURATELA::06.1 Curatela,-0,ITA,1
-0,none,GIDE; design; communities; innovazione; internazionale,http://hdl.handle.net/11311/688715,-0,Maggioli Editore,Design for innovative communities,Sant'Arcangelo di Romagna (RN),ita;eng,-0,D.Fassi; A.Rebaglio,-0,-0,2011,-0,06 CURATELA::06.1 Curatela,06.1 Curatela,ITA,2
-0,-0,Catalogo della mostra al Museo Nacional  de Arte Reina Sofia; Madrid; dicembre 2011,http://hdl.handle.net/11311/731991,Nessuno,Museo Reina Sofia,Emilio Ambasz.Invenciones: arquitectura y Diseno,Madrid,spa,-0,F. Irace,-0,-0,2011,-0,06 CURATELA::06.1 Curatela,06.1 Curatela,ESP,1
-0,info:eu-repo/semantics/closedAccess,-0,http://hdl.handle.net/11311/632812,-0,Ediciones Fundación Internacional Artecittà,MuVi3. Video and moving image on synesthesia and visual music / MuVi3. Vídeo e imagen en movimiento sobre sinestesia y música visual,Granada,spa;eng;ita,-0,D. Ricco'; M.J. De Córdoba,-0,-0,2012,-0,06 CURATELA::06.1 Curatela,06.1 Curatela,ESP,2
-0,info:eu-repo/semantics/closedAccess,"Architettura e matematica; architecture and mathematics

disegno; drawing

proporzioni; proportions",http://hdl.handle.net/11311/657540,-0,Maggioli Editore,Milano Maths in the city. A mathematical tour of Milanese Architecture - itinerario matematico dell'architettura milanese.,Santarcangelo di Romagna,eng;ita,-0,Michela Rossi; Sylvie Duvernoy; Giampiero Mele,-0,-0,2012,-0,06 CURATELA::06.1 Curatela,06.1 Curatela,ITA,3
-0,info:eu-repo/semantics/closedAccess,design and mathematics; design theory and analysis; design grammars; Harmony and Architecture; parametric design; digital models; archeoastronomy,http://hdl.handle.net/11311/657544,-0,McGraw-Hill Education,Nexus Ph.D. Day. Relationschip between Architecture and Mathematics,Milano,eng,-0,Michela Rossi,-0,-0,2012,-0,06 CURATELA::06.1 Curatela,06.1 Curatela,ITA,1
-0,none,-0,http://hdl.handle.net/11311/662224,-0,ACM,DPPI11. Designing Pleasurable Products and Interfaces. Proceedings,New York,eng,-0,Cabirio Cautela; Alessandro Deserti; Francesca Rizzo; Francesco Zurlo,-0,-0,2012,-0,06 CURATELA::06.1 Curatela,06.1 Curatela,USA,4
-0,info:eu-repo/semantics/closedAccess,-0,http://hdl.handle.net/11311/664557,Comitato scientifico,FrancoAngeli,Moda e arte,Milano,ita,-0,M. Pedroni; P. Volonte',-0,-0,2012,-0,06 CURATELA::06.1 Curatela,06.1 Curatela,-0,2
-0,info:eu-repo/semantics/closedAccess,-0,http://hdl.handle.net/11311/666284,Nessuno,Maggioli,Color and colorimetry Multidisciplinary contribution - Vol VIIIb,-0,eng,-0,M. Rossi,-0,-0,2012,-0,06 CURATELA::06.1 Curatela,06.1 Curatela,-0,1
-0,info:eu-repo/semantics/closedAccess,-0,http://hdl.handle.net/11311/666288,Nessuno,Maggioli,Colore e colorimetria Contributi Multidisciplinari Vol VIIIa,-0,ita,-0,M. Rossi; A. Siniscalco,-0,-0,2012,-0,06 CURATELA::06.1 Curatela,06.1 Curatela,-0,2
-0,-0,Candela; Arte; Design,http://hdl.handle.net/11311/666945,-0,Corraini Edizioni,Fare Lume,Mantova,eng;ita,-0,G.Finessi,-0,-0,2012,-0,06 CURATELA::06.1 Curatela,06.1 Curatela,ITA,1
-0,info:eu-repo/semantics/closedAccess,-0,http://hdl.handle.net/11311/668544,-0,Editore Franco Angeli,Design Research: Between Scientific Method and Project Praxis. Notes on Doctoral Research in Design 2012,Milano,eng,-0,L. Rampino,-0,-0,2012,-0,06 CURATELA::06.1 Curatela,06.1 Curatela,ITA,1
-0,-0,-0,http://hdl.handle.net/11311/685510,-0,Corraini,Inventario 05,Mantova,ita;eng,-0,Beppe Finessi,-0,-0,2012,-0,06 CURATELA::06.1 Curatela,06.1 Curatela,ITA,1
-0,none,-0,http://hdl.handle.net/11311/686839,Nessuno,FrancoAngeli,Giulio Iaccheti Research Experiences in Design,milano,eng;ita,-0,A. Biamonti,-0,-0,2012,-0,06 CURATELA::06.1 Curatela,-0,-0,1
-0,none,-0,http://hdl.handle.net/11311/686857,-0,MAGGIOLI EDITORE,Exhibit,Sant'Arcangelo di Romagna (RN),eng,-0,D.Fassi; A. Rebaglio; I. Vegni,-0,-0,2012,-0,06 CURATELA::06.1 Curatela,06.1 Curatela,ITA,3
-0,none,jewellery; design; technology; rfid; innovation; fashion design,http://hdl.handle.net/11311/686921,-0,Mondadori Education,Il gioiello utile:Ornamenti RFID le nuove frontiere dell'ornamento,MILANO,ita;eng,-0,A. Cappellieri; L.Tenuta; V. Vecchi,-0,-0,2012,-0,06 CURATELA::06.1 Curatela,06.1 Curatela,-0,3
-0,info:eu-repo/semantics/closedAccess,-0,http://hdl.handle.net/11311/686977,-0,McGraw-Hill,"Descriptive Geometry and Digital Rrepresentation: 

Memory and Innovation",Milano,eng,-0,Michela Rossi,-0,-0,2012,-0,06 CURATELA::06.1 Curatela,06.1 Curatela,USA,1
-0,info:eu-repo/semantics/closedAccess,-0,http://hdl.handle.net/11311/688067,-0,Mondadori Università,Design della Maglieria. Appunti su metodi progettuali e lavorazioni,-0,ita,-0,G.Conti,-0,-0,2012,-0,06 CURATELA::06.1 Curatela,06.1 Curatela,-0,1
-0,info:eu-repo/semantics/closedAccess,"Museum technologies, Design for Cultural Heritage",http://hdl.handle.net/11311/690076,-0,DPA Politecnico di Milano,Representing Museum Technologies,Milano,eng,-0,J. Allen; E. Lupo,-0,-0,2012,-0,06 CURATELA::06.1 Curatela,06.1 Curatela,ITA,2
-0,none,stereotipi comunicativi; progetto; culture di genere; design critico,http://hdl.handle.net/11311/690135,-0,Franco Angeli,Anticorpi comunicativi.Progettare per la comunicazione di genere,Milano,ita,-0,G. Baule; V. Bucchetti,-0,-0,2012,-0,06 CURATELA::06.1 Curatela,06.1 Curatela,ITA,2
-0,info:eu-repo/semantics/closedAccess,Archivi di architettura e design; Storia dell'architettura e del design; Archivi; fondi; collezioni; raccolte; Censimento; Italia/Lombardia,http://hdl.handle.net/11311/690713,Comitato scientifico,"CASVA, Centro di Alti Studi sulle Arti Visive, Comune di Milano","Gli archivi di architettura, design e grafica in Lombardia. Censimento delle fonti",Milano,ita,-0,G. L. Ciagà,-0,STAMPA,2012,-0,06 CURATELA::06.1 Curatela,06.1 Curatela,ITA,1
-0,none,-0,http://hdl.handle.net/11311/692932,-0,Aiap Edizioni,Grafica del made in Italy / Made in Italy graphic design,-0,ita;eng,-0,M. Piazza,-0,-0,2012,-0,06 CURATELA::06.1 Curatela,-0,-0,1
-0,none,-0,http://hdl.handle.net/11311/692937,-0,Corraini Edizioni,TDM 5: Grafica italiana,-0,ita;eng,-0,G. Camuffo; M. Piazza; C. Vinti,-0,-0,2012,-0,06 CURATELA::06.1 Curatela,-0,-0,3
-0,none,-0,http://hdl.handle.net/11311/692964,-0,Rizzoli,"Poltrona Frau.
L'intelligenza delle mani",-0,ita,-0,M. Piazza,-0,-0,2012,-0,06 CURATELA::06.1 Curatela,-0,-0,1
-0,-0,-0,http://hdl.handle.net/11311/692966,-0,Rizzoli International,Poltrona Frau: Intelligence in Our Hands,-0,eng,-0,M. Piazza,-0,-0,2012,-0,06 CURATELA::06.1 Curatela,06.1 Curatela,-0,1
-0,-0,-0,http://hdl.handle.net/11311/694018,-0,Abitare,The Contemporary Interior Landscape,Milano,eng,-0,G. Bosoni; A. Rebaglio; F. Scullica,-0,-0,2012,-0,06 CURATELA::06.1 Curatela,06.1 Curatela,ITA,3
-0,none,-0,http://hdl.handle.net/11311/694021,-0,Abitare,The Contemporary Interior Landscape,Milano,ita;eng,-0,G. Bosoni; A. Rebaglio; F. Scullica,-0,-0,2012,-0,06 CURATELA::06.1 Curatela,06.1 Curatela,-0,3
-0,info:eu-repo/semantics/closedAccess,-0,http://hdl.handle.net/11311/732594,Nessuno,Edizioni Dativo,Packaging design e pubblica utilità. Sperimentazioni in cartone per comunicare la sicurezza domestica,Milano,ita,-0,E. Ciravegna; U. Tolino,-0,STAMPA,2012,-0,06 CURATELA::06.1 Curatela,06.1 Curatela,ITA,2
-0,none,-0,http://hdl.handle.net/11311/768889,Nessuno,Corraini Edizioni,Inventario 06,Mantova,ita;eng,-0,G. Finessi,-0,-0,2012,-0,06 CURATELA::06.1 Curatela,-0,ITA,1
-0,info:eu-repo/semantics/closedAccess,"colore, design, environmental",http://hdl.handle.net/11311/1054875,Nessuno,Maggioli Editore,Esperienza e formazione,Santarcangelo di Romagna,ita,-0,"Bisson, Mario",-0,STAMPA,2013,-0,06 CURATELA::06.1 Curatela,06.1 Curatela,ITA,1
-0,info:eu-repo/semantics/closedAccess,disegno digitale; rendering; progetto,http://hdl.handle.net/11311/720345,-0,Maggioli editore,Verso l'era postdigitale. Disegnare il progetto tra design e architettura.,Santarcangelo di Romagna,ita,-0,UdRD Design Representation; Giuseppe Amoruso; Fausto Brevi; Mauro Ceconello; Gabriele Pierluisi; Michela Rossi; Michele Russo,-0,-0,2013,-0,06 CURATELA::06.1 Curatela,06.1 Curatela,ITA,7
-0,info:eu-repo/semantics/closedAccess,colore; rappresentazione; progetto,http://hdl.handle.net/11311/720347,-0,Maggioli Editore,"Geometria, spazio, colore. Ricerche per la rappresentazione e il progetto",Santarcangelo di Romagna,ita,-0,Michela Rossi,-0,-0,2013,-0,06 CURATELA::06.1 Curatela,06.1 Curatela,ITA,1
-0,info:eu-repo/semantics/closedAccess,-0,http://hdl.handle.net/11311/739371,Nessuno,Maggioli,Colour and Colorimetry Multidisciplinary Contributions Vol. IXb,-0,eng,-0,M. Rossi,-0,-0,2013,-0,06 CURATELA::06.1 Curatela,06.1 Curatela,ITA,1
-0,info:eu-repo/semantics/closedAccess,-0,http://hdl.handle.net/11311/739372,Nessuno,Maggioli,Colore e colorimetria contributi multidisciplinari Vol IXa,-0,ita,-0,M. Rossi; A. Siniscalco,-0,-0,2013,-0,06 CURATELA::06.1 Curatela,06.1 Curatela,-0,2
-0,info:eu-repo/semantics/closedAccess,-0,http://hdl.handle.net/11311/751616,-0,Corraini,Made in slums. Mathare Nairobi,Mantova,ita;eng,-0,Irace F,-0,-0,2013,-0,06 CURATELA::06.1 Curatela,06.1 Curatela,-0,1
-0,none,enterprises; creativity; spatial; interior,http://hdl.handle.net/11311/758444,-0,Maggioli editore,Creativity for local enterprises,Sant'Arcangelo di Romagna,eng,-0,D. FASSI; A.REBAGLIO,-0,-0,2013,-0,06 CURATELA::06.1 Curatela,06.1 Curatela,ITA,2
-0,info:eu-repo/semantics/closedAccess,design e metanarrazioni; design e narrazioni tangibili; design e comunità testuali,http://hdl.handle.net/11311/758930,Comitato scientifico,Mimesis Edizioni,E' il design una narrazione? Design e narrazioni,Milano,ita,-0,A. Penati;,-0,-0,2013,-0,06 CURATELA::06.1 Curatela,06.1 Curatela,ITA,1
-0,info:eu-repo/semantics/closedAccess,design; narrazioni visive; innovazione,http://hdl.handle.net/11311/758932,Comitato scientifico,Mimesis Edizioni,Il design costruisce mondi. Design e narrazioni,Milano,ita,-0,A. Penati;,-0,-0,2013,-0,06 CURATELA::06.1 Curatela,06.1 Curatela,-0,1
-0,info:eu-repo/semantics/closedAccess,design; narrazioni; oggetti; cultura materiale,http://hdl.handle.net/11311/758933,Comitato scientifico,Mimesis Edizioni,Il design vive di oggetti-discorso. Design e narrazioni.,Milano,ita,-0,A. Penati,-0,-0,2013,-0,06 CURATELA::06.1 Curatela,06.1 Curatela,ITA,1
-0,info:eu-repo/semantics/closedAccess,-0,http://hdl.handle.net/11311/764761,Nessuno,ELECTA,Design & Cultural Heritage. Archivio animato,Milano,eng;ita,-0,F. Irace; G.L. Ciagà,-0,STAMPA,2013,-0,06 CURATELA::06.1 Curatela,06.1 Curatela,ITA,2
-0,info:eu-repo/semantics/closedAccess,-0,http://hdl.handle.net/11311/768890,Nessuno,Corraini Edizioni,Inventario 07,Mantova,ita;eng,-0,G. Finessi,-0,-0,2013,-0,06 CURATELA::06.1 Curatela,06.1 Curatela,ITA,1
-0,info:eu-repo/semantics/closedAccess,-0,http://hdl.handle.net/11311/768891,Nessuno,Corraini edizioni,Inventario 08,Mantova,ita;eng,-0,G. Finessi,-0,-0,2013,-0,06 CURATELA::06.1 Curatela,06.1 Curatela,-0,1
-0,-0,-0,http://hdl.handle.net/11311/769058,Nessuno,ELECTA,Progetto Cibo. La Forma del Gusto,-0,ita,-0,G. Finessi,-0,-0,2013,-0,06 CURATELA::06.1 Curatela,06.1 Curatela,-0,1
-0,info:eu-repo/semantics/closedAccess,-0,http://hdl.handle.net/11311/769060,Nessuno,Corraini Edizioni,Intorno al libro,-0,ita;eng,-0,G. Finessi,-0,-0,2013,-0,06 CURATELA::06.1 Curatela,06.1 Curatela,-0,1
-0,-0,Cultural design; temporaneo; allestimento; digital heritage,http://hdl.handle.net/11311/804936,"Sì, ma tipo non specificato",ELECTA,"Design e memoria del Temporaneo/Design 
and memory of the Ephemeral",Milano,ita;eng,-0,E. Lupo; R. Trocchianesi,-0,-0,2013,-0,06 CURATELA::06.1 Curatela,06.1 Curatela,ITA,2
-0,info:eu-repo/semantics/closedAccess,archivio; heritage materiale e immateriale,http://hdl.handle.net/11311/861818,Nessuno,ELECTA MONDADORI,"Immateriale, virtuale, interattivo",Milano,ita;eng,-0,Irace F,-0,STAMPA,2013,-0,06 CURATELA::06.1 Curatela,06.1 Curatela,ITA,1
-0,info:eu-repo/semantics/closedAccess,"Design for Cultural Heritage, Craft, Cultural intensive artefact",http://hdl.handle.net/11311/974893,-0,Maggioli Editore,Autentico Contemporaneo. Design e Attivazione dei saperi tipici e maestri artigiani milanesi,Milano,ita,-0,"Eleonora, Lupo",-0,STAMPA,2013,-0,06 CURATELA::06.1 Curatela,06.1 Curatela,ITA,1
-0,info:eu-repo/semantics/closedAccess,-0,http://hdl.handle.net/11311/989802,-0,Corraini,(1:13). The thirteen chairs that were never painted in Leonardo's Last Supper / (1:13). Le tredici sedie mai dipinte nell´Ultima cena di Leonardo,Mantova,eng;ita,-0,"Crippa, Davide; Di Prete, Barbara",-0,-0,2013,-0,06 CURATELA::06.1 Curatela,06.1 Curatela,-0,2
-0,info:eu-repo/semantics/closedAccess,-0,http://hdl.handle.net/11311/1029970,Comitato scientifico,FrancoAngeli,Overfashion. Nuove prospettive per la moda nella società che ingrassa,-0,ita,-0,"Canina, MARIA RITA; Volonte', PAOLO GAETANO",-0,STAMPA,2014,-0,06 CURATELA::06.1 Curatela,06.1 Curatela,ITA,2
-0,none,-0,http://hdl.handle.net/11311/796926,Nessuno,Corraini Edizioni,Il Design Italiano Oltre le Crisi,Mantova,eng;ita,-0,"Finessi, G.",-0,-0,2014,-0,06 CURATELA::06.1 Curatela,-0,ITA,1
-0,none,arte contemporanea,http://hdl.handle.net/11311/815123,Nessuno,SILVANA EDITORIALE,Agostino Arrivabene. Vesperbild,Cinisello Balsamo,eng;ita,-0,"Pietro, Marani",-0,-0,2014,-0,06 CURATELA::06.1 Curatela,-0,ITA,1
-0,info:eu-repo/semantics/openAccess,progettazione digitale; digital prototyping; dynamic response,http://hdl.handle.net/11311/848734,Esperti anonimi,Maggioli,Ripensare il disegno/rethinking design (introduzione).,Santarcangelo di Romagna,eng;ita,-0,Michela Rossi; Andrea Casale; a cura di,-0,STAMPA,2014,-0,06 CURATELA::06.1 Curatela,06.1 Curatela,ITA,-0
-0,info:eu-repo/semantics/closedAccess,interior design; exhibition design,http://hdl.handle.net/11311/862572,Nessuno,Corraini,Dove vivono gli architetti,Mantova,eng;ita,-0,Irace F.; Molteni F; Pizzigoni D.,-0,-0,2014,-0,06 CURATELA::06.1 Curatela,06.1 Curatela,-0,3
-0,none,-0,http://hdl.handle.net/11311/869980,Nessuno,Butterworth-Heinemann: Elsevier,"Materials Experience: Fundamentals of
Materials and Design",-0,eng,-0,Elvin Karana; Owain Pegley; Valentina Rognoli,-0,STAMPA,2014,-0,06 CURATELA::06.1 Curatela,-0,-0,3
-0,-0,-0,http://hdl.handle.net/11311/872756,Nessuno,Corraini edizioni,INVENTARIO 09,Mantova,ita;eng,-0,Beppe Finessi,-0,STAMPA,2014,-0,06 CURATELA::06.1 Curatela,06.1 Curatela,ITA,1
-0,info:eu-repo/semantics/closedAccess,-0,http://hdl.handle.net/11311/880557,Nessuno,Silvana Editoriale,"TEXTILE VIVANT.
Percorsi, esperienze e ricerche del textile design.
Tracks, experiences and Researches in textile design",Milano,ita;eng,-0,Giovanni Maria Conti; Barbara Del Curto; Eleonora Fiorani; Maria Grazia Soldati,-0,-0,2014,-0,06 CURATELA::06.1 Curatela,06.1 Curatela,-0,4
-0,none,-0,http://hdl.handle.net/11311/924155,Esperti anonimi,STS Italia Publishing,"A Matter of Design: Making Society trough Science and Technology
Proceedings of the 5th STS Italia Conference",-0,eng,-0,C. Coletta; S. Colombo; P. Magaudda; A. Mattozzi; L. Parolin; L. Rampino,-0,ELETTRONICO,2014,-0,06 CURATELA::06.1 Curatela,-0,ITA,6
-0,info:eu-repo/semantics/closedAccess,-0,http://hdl.handle.net/11311/935762,Esperti anonimi,Franco Angeli,Overfashion. Nuove prospettive per la moda nella società che ingrassa,milano,ita,-0,Marita Canina; Paolo Volonté,-0,STAMPA,2014,-0,06 CURATELA::06.1 Curatela,06.1 Curatela,ITA,2
-0,-0,-0,http://hdl.handle.net/11311/935991,Nessuno,Corraini Edizioni,INVENTARIO 10,Mantova,ita;eng,-0,Beppe Finessi,-0,STAMPA,2014,-0,06 CURATELA::06.1 Curatela,06.1 Curatela,ITA,1
-0,info:eu-repo/semantics/closedAccess,-0,http://hdl.handle.net/11311/941559,Comitato scientifico,"""MAGGIOLI EDITORE"", Gruppo del colore",Colore e colorimetria contributi multidisciplinari Vol Xa,-0,ita,-0,Maurizio Rossi; Veronica Marchiafava,-0,-0,2014,-0,06 CURATELA::06.1 Curatela,06.1 Curatela,-0,2
-0,info:eu-repo/semantics/closedAccess,-0,http://hdl.handle.net/11311/942187,Nessuno,"""MAGGIOLI EDITORE"", Gruppo del colore",Colour and Colorimetry Multidisciplinary Contributions Vol. Xb,-0,eng,-0,Maurizio Rossi,-0,-0,2014,-0,06 CURATELA::06.1 Curatela,06.1 Curatela,-0,1
-0,info:eu-repo/semantics/closedAccess,-0,http://hdl.handle.net/11311/956158,Comitato scientifico,Bloomsbury Publishing Plc (now Taylor and Francis),Fashion Made in Italy. Special Issue,London,eng,-0,Bertola P.; Colombi C.,-0,STAMPA,2014,-0,06 CURATELA::06.1 Curatela,06.1 Curatela,GBR,2
-0,info:eu-repo/semantics/openAccess,-0,http://hdl.handle.net/11311/956761,Nessuno,Politecnico di Milano,"CIMODE 2014
2° Congresso internazionale di Moda e Design
2° International Fashion and Design Congress",-0,por;ita;eng;spa,-0,R.Gaddi; A.Cappellieri; A.Dell'Acqua,-0,-0,2014,-0,06 CURATELA::06.1 Curatela,06.1 Curatela,-0,3
-0,info:eu-repo/semantics/openAccess,-0,http://hdl.handle.net/11311/965932,-0,Lancaster University,SERVICE DESIGN RESEARCH UK NETWORK Mapping and developing Service Design Research in the UK,-0,eng,-0,"Sangiorgi, Daniela; Prendiville, Alison; Ricketts, Amy",-0,-0,2014,-0,06 CURATELA::06.1 Curatela,06.1 Curatela,GBR,3
-0,info:eu-repo/semantics/openAccess,-0,http://hdl.handle.net/11311/965937,Esperti anonimi,Linköping Electronic Conference Proceedings,"ServDes.2014 Service Future, Proceedings of the fourth Service Design and Service Innovation Conference",-0,eng,-0,"Sangiorgi, Daniela; Murphy, Emma; Hands, David",-0,ELETTRONICO,2014,-0,06 CURATELA::06.1 Curatela,06.1 Curatela,SWE,3
-0,info:eu-repo/semantics/openAccess,"design culture, design driven innovation, Design history, Italian Culture of Materials Design, material, technological innovation",http://hdl.handle.net/11311/970615,-0,Associazione italiana storici del design,Italian material design: imparando dalla storia,Milano,eng;ita,-0,"Bosoni, Giampiero; Ferrara, Maria Rita",-0,ELETTRONICO,2014,-0,06 CURATELA::06.1 Curatela,06.1 Curatela,ITA,2
-0,info:eu-repo/semantics/closedAccess,-0,http://hdl.handle.net/11311/975705,-0,Spurbuchverlag,Design research on temporary homes,Baunach,eng,-0,"Giunta, Elena; Rebaglio, Agnese",-0,-0,2014,-0,06 CURATELA::06.1 Curatela,06.1 Curatela,DEU,2
-0,info:eu-repo/semantics/openAccess,-0,http://hdl.handle.net/11311/1018215,Comitato scientifico,Gruppo del Colore – Associazione Italiana Colore,Colour and Colorimetry Multidisciplinary Contributions Vol. XIb,MILANO,eng,-0,"Rossi, Maurizio; Casciani, Daria",-0,ELETTRONICO,2015,-0,06 CURATELA::06.1 Curatela,06.1 Curatela,ITA,2
-0,info:eu-repo/semantics/openAccess,"Colore, illuminazione, percezione visiva, design, comunicazione",http://hdl.handle.net/11311/1018276,Comitato scientifico,"Gruppo del Colore – Associazione Italiana Colore, Milano",Colore e colorimetria contributi multidisciplinari Vol XIa,Milano,ita,-0,"Rossi, Maurizio; Marchiafava, Veronica",-0,ELETTRONICO,2015,-0,06 CURATELA::06.1 Curatela,06.1 Curatela,ITA,2
"arte sacra, simbolismo, classicismo, arte del XIX secolo, arte del XX secolo",-0,-0,http://hdl.handle.net/11311/1019707,Comitato scientifico,Marsilio,"Bellezza divina. Fra Van Gogh, Chagall e Fontana",Venezia,eng;ita,-0,"Mazzanti, Anna; Mannini, Lucia; Sisi, Carlo; Sebregondi, Ludovica",-0,STAMPA,2015,-0,06 CURATELA::06.1 Curatela,06.1 Curatela,ITA,4
-0,info:eu-repo/semantics/openAccess,-0,http://hdl.handle.net/11311/930955,Nessuno,Maggioli Editore,ColtivAzioni Sociali Urbane. Innovazione sociale di quartiere,-0,ita,-0,B. VILLARI,-0,-0,2015,-0,06 CURATELA::06.1 Curatela,06.1 Curatela,-0,1
-0,none,-0,http://hdl.handle.net/11311/935990,Nessuno,Corraini edizioni,GEOGRAFIE,Mantova,ita;eng,-0,Beppe Finessi,-0,STAMPA,2015,-0,06 CURATELA::06.1 Curatela,-0,ITA,1
-0,info:eu-repo/semantics/closedAccess,modelli di design; modelli di architettura; De Pas - D'Urbino - Lomazzi; Vittorio Gregotti; Luciano Baldessari; Francesco Gnecchi-Ruscone; Giovanni Sacchi,http://hdl.handle.net/11311/943765,Comitato scientifico,"CASVA, Comune di Milano",Cose d'archivio. I modelli di design e architettura presso il CASVA,Milano,ita,-0,Feraboli M.T.,-0,-0,2015,-0,06 CURATELA::06.1 Curatela,06.1 Curatela,ITA,1
-0,none,-0,http://hdl.handle.net/11311/943785,Comitato scientifico,24Ore Cultura,Mondi a Milano,Milano,ita,-0,Irace F.; Mazzanti A.; Negri A.; Orsini C.; Pugliese M.; Selvafolta O.,-0,-0,2015,-0,06 CURATELA::06.1 Curatela,06.1 Curatela,ITA,6
-0,info:eu-repo/semantics/closedAccess,Advanced Design; design driven innovation; design research; product design,http://hdl.handle.net/11311/958189,Esperti anonimi,Springer international publishing,"Advanced Design Culture, Long-Term Perspective and Continuous Innovation",-0,eng,-0,"Celi, Manuela",-0,STAMPA,2015,-0,06 CURATELA::06.1 Curatela,06.1 Curatela,CHE,1
-0,info:eu-repo/semantics/closedAccess,orientalismo; esposizioni; arte coloniale; esotismo,http://hdl.handle.net/11311/960392,Nessuno,24Ore Cultura,Mondi a Milano,Milano,eng;ita,-0,F.Irace; A.Mazzanti; M.G.Messina; C.Orsini; O.Selvafolta,-0,STAMPA,2015,-0,06 CURATELA::06.1 Curatela,06.1 Curatela,ITA,5
-0,info:eu-repo/semantics/closedAccess,-0,http://hdl.handle.net/11311/971299,-0,Lupetti Editore,Textile Vivant. Scenari dell'innovazione del tessile,-0,ita,-0,"Conti, Giovanni Maria; Del Curto, Barbara; Fiorani, Eleonora; Gaddi, Rossana; Soldati, Maria Grazia",-0,-0,2015,-0,06 CURATELA::06.1 Curatela,06.1 Curatela,-0,5
-0,info:eu-repo/semantics/closedAccess,Design Culture; Design Experimentation.,http://hdl.handle.net/11311/971911,-0,McGraw-Hill Education,Proceedings of the Cumulus Milano 2015 Conference – The Virtuous Circle. Design Culture and Experimentation,Milano,eng,-0,"Luisa, Collina; Laura, Galluzzo; Anna, Meroni",-0,ELETTRONICO,2015,-0,06 CURATELA::06.1 Curatela,06.1 Curatela,ITA,3
-0,info:eu-repo/semantics/closedAccess,"Synesthesia, Visual Music, Motion graphics",http://hdl.handle.net/11311/971930,Comitato scientifico,Fundación Internacional Artecittà,MuVi4. Video and moving image on synesthesia and visual music / MuVi4. Vídeo e imagen en movimiento sobre sinestesia y música visual,-0,eng;ita;spa,-0,"Dina, Ricco', María José de Córdoba",-0,STAMPA,2015,-0,06 CURATELA::06.1 Curatela,06.1 Curatela,ESP,45
-0,info:eu-repo/semantics/closedAccess,"Sinestesia, Arte, Scienza",http://hdl.handle.net/11311/971931,Comitato scientifico,Instituto de Estudio Giennenses,Actas V Congreso Internacional de Sinestesia: Ciencia y Arte,-0,eng;spa,-0,"Dina, Ricco', M. José De Córdoba Serrano, Sean A. Day, Julia López de la Torre, Joerg Jewansky",-0,STAMPA,2015,-0,06 CURATELA::06.1 Curatela,06.1 Curatela,ESP,63
-0,info:eu-repo/semantics/closedAccess,"Ospitalità, case di accoglienza, turismo sanitario, mobilità sanitaria, interior design, ospedali, case di cura, poli di ricerca medico-scientifica, progettazione accessibile, design for all",http://hdl.handle.net/11311/972804,Esperti anonimi,Franco Angeli editore,Curarsi Lontano da Casa,Milano,ita,-0,"Francesco Scullica, Giovanni Del Zanna, Roberta Co",-0,STAMPA,2015,-0,06 CURATELA::06.1 Curatela,06.1 Curatela,ITA,3
-0,info:eu-repo/semantics/openAccess,-0,http://hdl.handle.net/11311/973605,-0,Poliscript - Politecnico di Milano,"DeSForM 2015 – Aesthetics of Interaction: Dynamic, Multisensory, Wise",Milano,eng,-0,"Chen, L.; Djajadiningrat, T.; Feijs, L.; Hu, J.; Kyffin, S.; Rampino, L.; Rodriguez, E.; Steffen, D.",-0,STAMPA,2015,-0,06 CURATELA::06.1 Curatela,06.1 Curatela,ITA,8
-0,info:eu-repo/semantics/closedAccess,-0,http://hdl.handle.net/11311/979647,-0,Mandragora,Il Nuovo vocabolario della moda italiana,Firenze,ita,-0,"Bertola, Paola; Linfante, Vittorio",-0,-0,2015,-0,06 CURATELA::06.1 Curatela,06.1 Curatela,ITA,2
-0,info:eu-repo/semantics/closedAccess,abitare moderno; abitare contemporaneo,http://hdl.handle.net/11311/980210,-0,Carocci,Storie di interni. L'architettura dello spazio domestico moderno,Roma,ita,-0,"Irace, Fulvio",-0,STAMPA,2015,-0,06 CURATELA::06.1 Curatela,06.1 Curatela,ITA,1
-0,info:eu-repo/semantics/openAccess,"education, ecology, industry, survivalism, marginality, communication, body, failure, community, theory, construction, technology, handcraft",http://hdl.handle.net/11311/984690,Comitato scientifico,SALT,Global Tools 1973-1975,Istanbul,eng,-0,"Silvia Franceschini, Valerio Borgonuovo",-0,ELETTRONICO,2015,-0,06 CURATELA::06.1 Curatela,06.1 Curatela,TUR,2
-0,info:eu-repo/semantics/openAccess,"Transmedia Literacy, Media Studies, Cultural Studies",http://hdl.handle.net/11311/985756,Esperti anonimi,LED edizioni universitarie,From Storytelling to Intercreativity in the Era of Distributed Authorship,Milano,eng,INTERNATIONAL JOURNAL OF TRANSMEDIA LITERACY,"Ciastellardi, Matteo; Di Rosario, Giovanna",-0,STAMPA,2015,-0,06 CURATELA::06.1 Curatela,06.1 Curatela,ITA,2
-0,info:eu-repo/semantics/closedAccess,"Liberty, Varese, bellezza, itinerari, cibo",http://hdl.handle.net/11311/986587,-0,Maggioli Editore,Nutrendo Anima e corpo. Itinerari di delizia tra le Ville Del Sacro Monte Sopra Varese/Feeding body and soul. Delightful journeys among villas in Sacro Monte above Varese,-0,eng;ita,-0,"Baila, Angela; Anzani, Anna; Caramel, Claudia",-0,STAMPA,2015,-0,06 CURATELA::06.1 Curatela,06.1 Curatela,ITA,3
-0,none,-0,http://hdl.handle.net/11311/1001967,-0,Maggioli,Interni inclusivi. Dialoghi trasversali,Santarcangelo di Romagna,ita,-0,"Barbara, A., Ceresoli, J., Chiodo, S.",-0,-0,2016,-0,06 CURATELA::06.1 Curatela,06.1 Curatela,-0,1
-0,info:eu-repo/semantics/openAccess,-0,http://hdl.handle.net/11311/1017992,-0,maggioli editore,Interni Inclusivi. Dialoghi trasversali,-0,ita,-0,"Chiodo, Simona; Barbara, Anna; Ceresoli, Jacqueine",-0,-0,2016,-0,06 CURATELA::06.1 Curatela,06.1 Curatela,-0,3
-0,info:eu-repo/semantics/openAccess,-0,http://hdl.handle.net/11311/1018728,Esperti anonimi,LetteraVentidue Edizioni S.r.l.,Pad#13 Design for Territories,-0,eng,PAD,"Parente, Marina; Sedini, Carla",-0,ELETTRONICO,2016,-0,06 CURATELA::06.1 Curatela,06.1 Curatela,ITA,2
-0,none,-0,http://hdl.handle.net/11311/1020345,Esperti anonimi,Springer,Human Smart Cities. Rethinking the interplay between Design and Planning,Heidelberg,eng,-0,"Grazia, Concilio; Francesca Rizzo",-0,-0,2016,-0,06 CURATELA::06.1 Curatela,06.1 Curatela,-0,2
-0,info:eu-repo/semantics/closedAccess,-0,http://hdl.handle.net/11311/1022046,-0,Corraini Edizioni,INVENTARIO 12,-0,eng;ita,-0,Beppe Finessi,-0,-0,2016,-0,06 CURATELA::06.1 Curatela,06.1 Curatela,-0,1
-0,info:eu-repo/semantics/closedAccess,-0,http://hdl.handle.net/11311/1022052,-0,Istituto Italiano di Cultura di Bruxelles,Cartaditalia n.2. Il design italiano. Unità e pluralità,Bruxelles,eng;fra;ita;nld,CARTADITALIA,Beppe Finessi,-0,-0,2016,-0,06 CURATELA::06.1 Curatela,06.1 Curatela,BEL,1
-0,info:eu-repo/semantics/closedAccess,-0,http://hdl.handle.net/11311/1022056,-0,Corraini Edizioni,Quasi segreti,Mantova,eng;ita,-0,Beppe Finessi,-0,STAMPA,2016,-0,06 CURATELA::06.1 Curatela,06.1 Curatela,ITA,1
-0,info:eu-repo/semantics/closedAccess,-0,http://hdl.handle.net/11311/1022206,-0,Marsilio,Stanze. Altre filosofie dell'abitare - Rooms. Novel Living Concepts,Venezia,eng;ita,-0,Beppe Finessi,-0,STAMPA,2016,-0,06 CURATELA::06.1 Curatela,06.1 Curatela,ITA,1
"Gregotti Associati, Gregotti-Meneghetti-Stoppino",info:eu-repo/semantics/closedAccess,-0,http://hdl.handle.net/11311/1027333,Comitato scientifico,"Quinlan-CASVA, Comune di Milano",Umanesimo contemporaneo. Gli archivi di Gregotti-Meneghetti-Stoppino e della società Gregotti Associati conservati presso il CASVA,Milano,ita,-0,FERABOLI M.T.,-0,STAMPA,2016,-0,06 CURATELA::06.1 Curatela,06.1 Curatela,ITA,1
-0,info:eu-repo/semantics/closedAccess,-0,http://hdl.handle.net/11311/1034524,Comitato scientifico,Mandragora,INTERDISCIPLINARY RESEARCH AND EDUCATION AGENDA. A DESIGN DRIVEN PERSPECTIVE,Firenze,eng;heb,-0,"Vacca, Federica; Warshavski, T.",-0,STAMPA,2016,-0,06 CURATELA::06.1 Curatela,06.1 Curatela,ITA,1
-0,info:eu-repo/semantics/closedAccess,-0,http://hdl.handle.net/11311/1036271,"Sì, ma tipo non specificato","Politecnico di Milano, Department of Design","DESIGNING MULTIVOCAL MUSEUMS. Intercultural Practices at Museo Diocesano, Milano",Milano,eng,-0,"Capurro, Rita; Lupo, Eleonora",-0,STAMPA,2016,-0,06 CURATELA::06.1 Curatela,06.1 Curatela,ITA,2
-0,info:eu-repo/semantics/closedAccess,-0,http://hdl.handle.net/11311/1039135,-0,Zanichelli Editore spa,"Design management. Gestire strategie, processi e implementazione",-0,ita,-0,"Zurlo, F.",-0,-0,2016,-0,06 CURATELA::06.1 Curatela,06.1 Curatela,-0,1
Boardgame,info:eu-repo/semantics/closedAccess,Interior design,http://hdl.handle.net/11311/1041528,-0,FrancoAngeli,"Boardgame Interior Design. Ricerca, progetto e comunicazione per lo spazio del gioco nella contemporaneità",Milano,ita,-0,"Zamporri, R.; Scullica, F.; Bertolo, M.",-0,STAMPA,2016,-0,06 CURATELA::06.1 Curatela,06.1 Curatela,ITA,3
-0,info:eu-repo/semantics/closedAccess,-0,http://hdl.handle.net/11311/1050659,-0,MCGraw-Hill Editore,"La gestione delle risorse, dei cantieri e degli immobili",-0,ita,-0,"Bonechi, Massimo; Bruno, DAVIDE MARIA; Cartone, Masimo",-0,-0,2016,-0,06 CURATELA::06.1 Curatela,06.1 Curatela,-0,3
-0,info:eu-repo/semantics/closedAccess,-0,http://hdl.handle.net/11311/978765,-0,Silvana Editoriale,Maglieria Made in Italy. Knitwear stories and knit talks,-0,eng;ita,-0,"Conti, Giovanni Maria; Poletti, Federico; Rinaldi, Costanza",-0,-0,2016,-0,06 CURATELA::06.1 Curatela,06.1 Curatela,-0,3
"design, artefatti, teoria del design",info:eu-repo/semantics/closedAccess,-0,http://hdl.handle.net/11311/994993,-0,Edizioni UNICOPLI srl,Artefatti concreti. Temi di fondamento per il design di prodotto,Milano,ita,-0,"Pizzocaro, SILVIA LUISA",-0,STAMPA,2016,-0,06 CURATELA::06.1 Curatela,06.1 Curatela,ITA,1
-0,info:eu-repo/semantics/closedAccess,Leonardo da Vinci / Arte / Scienza/ Tecnica,http://hdl.handle.net/11311/995591,-0,Nomos,Leonardo da Vinci. Metodi e tecniche per la costruzione della conoscenza,Busto Arsizio,eng;fra;ita,-0,"Marani, P. ; Maffeis, R.",-0,-0,2016,-0,06 CURATELA::06.1 Curatela,06.1 Curatela,ITA,2
-0,info:eu-repo/semantics/closedAccess,-0,http://hdl.handle.net/11311/999106,-0,Franco Angeli,Design è traduzione. Il paradigma traduttivo per la cultura del progetto,Milano,ita,-0,"Baule, Giovanni; Caratti, Elena",-0,STAMPA,2016,-0,06 CURATELA::06.1 Curatela,06.1 Curatela,ITA,2
-0,info:eu-repo/semantics/openAccess,-0,http://hdl.handle.net/11311/1010369,-0,Franco Angeli,Polimi Design PhD_017,Milano,eng,-0,"Biamonti, A.; Guerrini, L.",-0,ELETTRONICO,2017,-0,06 CURATELA::06.1 Curatela,06.1 Curatela,ITA,2
"Leonardo, Ultima Cena, Copie, Incisioni, Fotografie",info:eu-repo/semantics/closedAccess,-0,http://hdl.handle.net/11311/1014755,-0,Silvana Editoriale,"Archeologia del Cenacolo. Ricostruzioni e fortuna dell'icona leonardesca: disegni, incisioni, fotografie","Cinisello Balsamo, Milano",ita,-0,"Marani, P.; Mori, G.",-0,-0,2017,-0,06 CURATELA::06.1 Curatela,06.1 Curatela,ITA,2
-0,none,-0,http://hdl.handle.net/11311/1022049,-0,Corraini Edizioni,Fare Luce,Mantova,eng;ita,-0,Beppe Finessi,-0,-0,2017,-0,06 CURATELA::06.1 Curatela,-0,ITA,1
culture del design,info:eu-repo/semantics/closedAccess,-0,http://hdl.handle.net/11311/1025426,-0,Edizioni UNICOPLI,Eccedenze. Tra innovazione e culture del design,Milano,ita,-0,"Pizzocaro, Silvia",-0,STAMPA,2017,-0,06 CURATELA::06.1 Curatela,06.1 Curatela,ITA,1
-0,info:eu-repo/semantics/closedAccess,-0,http://hdl.handle.net/11311/1029039,Comitato scientifico,Franco Angeli,"Design is translation. The translation paradigm for design culture. ""Design and translation"": a Manifesto",Milano,eng,-0,"Baule, Giovanni; Caratti, Elena",-0,ELETTRONICO,2017,-0,06 CURATELA::06.1 Curatela,06.1 Curatela,-0,2
Design per i Territori,info:eu-repo/semantics/openAccess,-0,http://hdl.handle.net/11311/1029705,-0,"D4T Design for Territories - Dipartimento di Design, Politecnico di Milano",Teoria/Pratica. Dialoghi sul Design per i Territori 01,-0,ita,-0,"Parente, Marina; Lupo, Eleonora; Sedini, Carla",-0,ELETTRONICO,2017,-0,06 CURATELA::06.1 Curatela,06.1 Curatela,ITA,3
"Tempo, bellezza, psiche, luoghi, spazio, memoria",info:eu-repo/semantics/closedAccess,-0,http://hdl.handle.net/11311/1030921,-0,MAGGIOLI EDITORE,"Memoria, Bellezza e Transdisciplinarità - riflessioni sull’attualità di Roberto Pane",Santarcangelo di Romagna,ita,-0,"Anna Anzani, Eugenio Guglielmi",-0,STAMPA,2017,-0,06 CURATELA::06.1 Curatela,06.1 Curatela,ITA,1
"scultura fra le due guerre, Etruschi, etruschi del Novecento, pop art",info:eu-repo/semantics/closedAccess,-0,http://hdl.handle.net/11311/1032566,Nessuno,Polistampa,Una chimera del Novecento Il leone di Monterosso di Arturo Martini,Firenze,ita,-0,"Mazzanti, A.; Mannini, L.; Lucchesi, S.; Gensini, V.",-0,-0,2017,-0,06 CURATELA::06.1 Curatela,06.1 Curatela,ITA,4
"video arte, performance, body arte, arte concettuale, sperimentazione, poesia visiva, video installazione",info:eu-repo/semantics/closedAccess,-0,http://hdl.handle.net/11311/1032568,Comitato scientifico,Silvana Editoriale,art/tapes/22 Le origini della videoarte,Cinisello Balsamo,ita,-0,"Mazzanti, A.",-0,STAMPA,2017,-0,06 CURATELA::06.1 Curatela,06.1 Curatela,ITA,vari
"Architettura lombarda, scultura, pittura, restauro",info:eu-repo/semantics/closedAccess,-0,http://hdl.handle.net/11311/1034704,Comitato scientifico,NOMOS,"Santa Maria di Piazza in Busto Arsizio. ""Chiesa di moltissima divotione, et fabrica non meno bella che vaga""",Busto Arsizio,ita,-0,"Marani, PIETRO CESARE",-0,-0,2017,-0,06 CURATELA::06.1 Curatela,06.1 Curatela,ITA,1
-0,info:eu-repo/semantics/closedAccess,"Neighbourhood, Urban Activation, Temporary Reuse, Spatial Design",http://hdl.handle.net/11311/1037549,Esperti anonimi,Franco Angeli,In the neighbourhood. Spatial Design and Urban Activation,-0,eng,-0,"Camocini, Barbara; Fassi, Davide",-0,ELETTRONICO,2017,-0,06 CURATELA::06.1 Curatela,06.1 Curatela,ITA,2
-0,info:eu-repo/semantics/closedAccess,-0,http://hdl.handle.net/11311/1038612,Esperti anonimi,Springer Nature,Computational Morphologies. Design Rules between Organic Models and Responsive Architecture,Cham,eng,-0,"Rossi, M.; Buratti, G.",-0,ELETTRONICO,2017,-0,06 CURATELA::06.1 Curatela,06.1 Curatela,CHE,2
-0,info:eu-repo/semantics/closedAccess,-0,http://hdl.handle.net/11311/1043448,-0,Egea,"Un nuovo individualismo? Individualizzazione, soggettività e legame sociale",Milano,ita,-0,"Volonte, P.; Leccardi, C.",-0,-0,2017,-0,06 CURATELA::06.1 Curatela,06.1 Curatela,ITA,2
-0,info:eu-repo/semantics/openAccess,-0,http://hdl.handle.net/11311/1044119,Comitato scientifico,Sts Italia Publishing,Sociotechnical Environments: Proceedings of the 6th STS ITALIA CONFERENCE,Milano,eng,-0,"Crabu, S.; Giardullo, P.; Miele, F.; Turrini, M.",-0,ELETTRONICO,2017,-0,06 CURATELA::06.1 Curatela,06.1 Curatela,ITA,4
-0,info:eu-repo/semantics/openAccess,-0,http://hdl.handle.net/11311/1044733,-0,Edizioni Poli.design,NAUTICA +++. Additive Manufacturing in campo Navale e Nautico,Milano,ita,-0,"Bionda, A.; Ratti, A.",-0,-0,2017,-0,06 CURATELA::06.1 Curatela,06.1 Curatela,ITA,2
-0,info:eu-repo/semantics/closedAccess,"ENVIRONMENTAL, DESIGN",http://hdl.handle.net/11311/1045991,Esperti anonimi,DELETTERA PUBLISHER,ENVIRONMENTAL DESIGN - 2^  International Conference on Environmental Design,MILANO,eng;ita,-0,"Bisson, M.",-0,STAMPA,2017,-0,06 CURATELA::06.1 Curatela,06.1 Curatela,ITA,1
-0,info:eu-repo/semantics/closedAccess,-0,http://hdl.handle.net/11311/1047664,Esperti anonimi,Bloomsbury Publishing Plc,Designing for Service. Key Issues and New Directions,London,eng,-0,"Sangiorgi, Daniela; Prendiville, Alison",-0,STAMPA,2017,-0,06 CURATELA::06.1 Curatela,06.1 Curatela,GBR,2
Design per I territori,info:eu-repo/semantics/openAccess,-0,http://hdl.handle.net/11311/1050387,-0,"D4T Design for Territories - Dipartimento di Design, Politecnico di Milano",Tangibile/Intangibile. Dialoghi sul Design per i Territori 02,-0,ita,-0,"Parente, M.; Lupo, E.; Sedini, C.",-0,-0,2017,-0,06 CURATELA::06.1 Curatela,06.1 Curatela,-0,3
-0,info:eu-repo/semantics/closedAccess,-0,http://hdl.handle.net/11311/1050922,-0,Springer,Electric Vehicle Sharing Services for Smarter Cities,-0,eng,-0,"Bignami, D. F.; Colorni, A.; Lue, A.; Nocerino, R.; Rossi, M.; Savaresi, S. M.",-0,-0,2017,-0,06 CURATELA::06.1 Curatela,06.1 Curatela,-0,6
-0,info:eu-repo/semantics/closedAccess,-0,http://hdl.handle.net/11311/1051658,Esperti anonimi,Springer,"Wireless Mobile Communication and Healthcare. 6.th International Conference, MobiHealth 2016 Milan, Italy, November 14–16, 2016 Proceedings.",-0,eng,-0,"Perego, P.; Andreoni, G.; Rizzo, G.",-0,STAMPA,2017,-0,06 CURATELA::06.1 Curatela,06.1 Curatela,-0,3
-0,info:eu-repo/semantics/closedAccess,"Fashion, Method, Luxury; University; Milano Fashion Institute, Politecnico di Milano; Design",http://hdl.handle.net/11311/1047158,Nessuno,EGEA SPA,WHAT'S FASHION IT'S METHOD,Milano,eng,-0,"Lunghi, C.; Rinaldi, F. R.; Turinetto, M.",-0,STAMPA,2018,-0,06 CURATELA::06.1 Curatela,06.1 Curatela,ITA,3
-0,none,-0,http://hdl.handle.net/11311/1049919,"Sì, ma tipo non specificato",Springer,Multidisciplinary Design of Sharing Services,-0,eng,-0,"Bruglieri, M.",-0,-0,2018,-0,06 CURATELA::06.1 Curatela,-0,-0,1
-0,info:eu-repo/semantics/closedAccess,-0,http://hdl.handle.net/11311/1050322,Comitato scientifico,International Foundation Artecittà Publishing,MuVi5. Video and moving image on synesthesia and visual music / MuVi5. Vídeo e imagen en movimiento sobre sinestesia y música visual,Granada,eng;ita;spa,-0,"Riccò, Dina; De Córdoba, María José",-0,ELETTRONICO,2018,-0,06 CURATELA::06.1 Curatela,06.1 Curatela,ESP,2
-0,info:eu-repo/semantics/closedAccess,-0,http://hdl.handle.net/11311/1052991,-0,Silvana Editoriale,"Maglia, punto. Quarant'anni di tesori nascosti nell'archivio MF1",-0,eng;ita,-0,"Conti, Giovanni Maria",-0,-0,2018,-0,06 CURATELA::06.1 Curatela,06.1 Curatela,-0,1
-0,info:eu-repo/semantics/openAccess,-0,http://hdl.handle.net/11311/1060909,Esperti anonimi,Franco Angeli,Polimi Design PhD_018. 9 PhD Theses on Design as we do in Polimi,Milano,eng,-0,"Biamonti, A.; Guerrini, L.; Mariani, I.",-0,ELETTRONICO,2018,-0,06 CURATELA::06.1 Curatela,06.1 Curatela,ITA,3
-0,info:eu-repo/semantics/openAccess,-0,http://hdl.handle.net/11311/1063176,Esperti anonimi,FrancoAngeli,Dialogues on Design. Notes on Doctoral Research in Design 2018,Milano,eng,-0,"Guerrini, L.; Volonté, P.",-0,ELETTRONICO,2018,-0,06 CURATELA::06.1 Curatela,06.1 Curatela,ITA,2
-0,info:eu-repo/semantics/closedAccess,-0,http://hdl.handle.net/11311/1065156,Comitato scientifico,MCGraw-Hill Editore 2018.,Sharing design sustainable. Innovazione sociale: il flusso dei mezzi di trasporto sostenibile nelle aree metropolitane del futuro.,Milano,ita,-0,"Bruno, D.; Crivellaro, G.",-0,STAMPA,2018,-0,06 CURATELA::06.1 Curatela,06.1 Curatela,ITA,2
