id	docentId	name	photo	role	dept	SSID	CV	OrcID	pubLink	pubId
0E9341	Error									
10506956	Error									
10307947	307947	Amoruso Giuseppe	https://www4.ceda.polimi.it/manifesti/manifesti/controller/ricerche/RicercaPerDocentiPublic.do?evn_getfoto=evento&id_foto=402023&__pj0=0&__pj1=5d68ce2bf4a5c3d6be0d0202a20e3e1b	Professore associato a tempo pieno	Dipartimento di Design	ICAR/17 - Disegno		https://orcid.org/0000-0001-7821-4517	https://re.public.polimi.it/browse?type=author&sort_by=2&order=DESC&rpp=50&authority=rp02447	rp02447
10256766	256766	Andreoni Giuseppe	https://www4.ceda.polimi.it/manifesti/manifesti/controller/ricerche/RicercaPerDocentiPublic.do?evn_getfoto=evento&id_foto=401413&__pj0=0&__pj1=fad155c2b67db7e502e80935e2034e6d	Professore associato a tempo pieno	Dipartimento di Design	ING-INF/06 - Bioingegneria Elettronica E Informatica		https://orcid.org/0000-0002-5537-4128	https://re.public.polimi.it/browse?type=author&sort_by=2&order=DESC&rpp=50&authority=rp06094	rp06094
10257363	257363	Anselmi Laura	https://www4.ceda.polimi.it/manifesti/manifesti/controller/ricerche/RicercaPerDocentiPublic.do?evn_getfoto=evento&id_foto=2981164&__pj0=0&__pj1=2af2c60af5596f0cf669ccb91c049cd1	Professore associato a tempo pieno	Dipartimento di Design	ICAR/13 - Disegno Industriale	/manifesti/manifesti/controller/ricerche/RicercaPerDocentiPublic.do?evn_downloadcv=evento&id_cv=2981141&rnd=0.3119893763553817	https://orcid.org/0000-0002-6149-2382	https://re.public.polimi.it/browse?type=author&sort_by=2&order=DESC&rpp=50&authority=rp07067	rp07067
10257727	257727	Anzani Anna	https://www4.ceda.polimi.it/manifesti/manifesti/controller/ricerche/RicercaPerDocentiPublic.do?evn_getfoto=evento&id_foto=3022648&__pj0=0&__pj1=ebbe845da6a653c00e6a121188a52a22	Professore associato a tempo pieno	Dipartimento di Design	ICAR/19 - Restauro	/manifesti/manifesti/controller/ricerche/RicercaPerDocentiPublic.do?evn_downloadcv=evento&id_cv=1113357&rnd=0.2930210719545171	https://orcid.org/0000-0002-4265-1720	https://re.public.polimi.it/browse?type=author&sort_by=2&order=DESC&rpp=50&authority=rp07076	rp07076
10005601	5601	Arquilla Venanzio	https://www4.ceda.polimi.it/manifesti/manifesti/controller/ricerche/RicercaPerDocentiPublic.do?evn_getfoto=evento&id_foto=7738414&__pj0=0&__pj1=ee4c15c7de19f3582575fb290636068e	Professore associato a tempo pieno	Dipartimento di Design	ICAR/13 - Disegno Industriale		https://orcid.org/0000-0003-1626-0221	https://re.public.polimi.it/browse?type=author&sort_by=2&order=DESC&rpp=50&authority=rp07123	rp07123
10007010	Error									
861663	Error									
10009553	9553	Barbara Anna	https://www4.ceda.polimi.it/manifesti/manifesti/controller/ricerche/RicercaPerDocentiPublic.do?evn_getfoto=evento&id_foto=995620&__pj0=0&__pj1=6a2784905434d43fd3d67d69cd820a46	Ricercatore universitario a tempo definito	Dipartimento di Design	ICAR/14 - Composizione Architettonica E Urbana	/manifesti/manifesti/controller/ricerche/RicercaPerDocentiPublic.do?evn_downloadcv=evento&id_cv=3343214&rnd=0.47028997993246946	https://orcid.org/0000-0002-9265-7290	https://re.public.polimi.it/browse?type=author&sort_by=2&order=DESC&rpp=50&authority=rp16753	rp16753
10448071	Error									
10001365	1365	Baule Giovanni	https://www4.ceda.polimi.it/manifesti/manifesti/controller/ricerche/RicercaPerDocentiPublic.do?evn_getfoto=evento&id_foto=2179684&__pj0=0&__pj1=53a66d6ef30a9efd29deea878f9e1b57	Professore ordinario a tempo pieno	Dipartimento di Design	ICAR/13 - Disegno Industriale		https://orcid.org/0000-0002-6728-8059	https://re.public.polimi.it/browse?type=author&sort_by=2&order=DESC&rpp=50&authority=rp07984	rp07984
10015916	15916	Bertola Paola	https://www4.ceda.polimi.it/manifesti/manifesti/controller/ricerche/RicercaPerDocentiPublic.do?evn_getfoto=evento&id_foto=4658513&__pj0=0&__pj1=f45b24fe2cf2b4d6bb7c2cb8d7c0ff9f	Professore ordinario a tempo pieno	Dipartimento di Design	ICAR/13 - Disegno Industriale		https://orcid.org/0000-0003-1522-4077	https://re.public.polimi.it/browse?type=author&sort_by=2&order=DESC&rpp=50&authority=rp08052	rp08052
10004531	4531	Bertolo Maresa	https://www4.ceda.polimi.it/manifesti/manifesti/controller/ricerche/RicercaPerDocentiPublic.do?evn_getfoto=evento&id_foto=401422&__pj0=0&__pj1=46964d28792c969a5a0c3b08a3f93abc	Ricercatore universitario a tempo pieno	Dipartimento di Design	ICAR/13 - Disegno Industriale		https://orcid.org/0000-0002-1846-7739	https://re.public.polimi.it/browse?type=author&sort_by=2&order=DESC&rpp=50&authority=rp08060	rp08060
10185609	Error									
10017096	17096	Biamonti Alessandro	https://www4.ceda.polimi.it/manifesti/manifesti/controller/ricerche/RicercaPerDocentiPublic.do?evn_getfoto=evento&id_foto=892468&__pj0=0&__pj1=be1443de7f227006b193d35f9ee662c5	Professore associato a tempo pieno	Dipartimento di Design	ICAR/13 - Disegno Industriale	/manifesti/manifesti/controller/ricerche/RicercaPerDocentiPublic.do?evn_downloadcv=evento&id_cv=6995704&rnd=0.5671524297446028	https://orcid.org/0000-0002-4725-2032	https://re.public.polimi.it/browse?type=author&sort_by=2&order=DESC&rpp=50&authority=rp17669	rp17669
10017825	17825	Bianchini Massimo	https://www4.ceda.polimi.it/manifesti/manifesti/controller/ricerche/RicercaPerDocentiPublic.do?evn_getfoto=evento&id_foto=3935578&__pj0=0&__pj1=28e09ccdcd726ede85c3683251bafcbd	Ricercatore legge 240/10 - t.det. a tempo pieno	Dipartimento di Design	ICAR/13 - Disegno Industriale	/manifesti/manifesti/controller/ricerche/RicercaPerDocentiPublic.do?evn_downloadcv=evento&id_cv=3395970&rnd=0.6665394470489439	https://orcid.org/0000-0003-1438-4976	https://re.public.polimi.it/browse?type=author&sort_by=2&order=DESC&rpp=50&authority=rp20554	rp20554
871275	Error									
10019048	19048	Bisson Mario	https://www4.ceda.polimi.it/manifesti/manifesti/controller/ricerche/RicercaPerDocentiPublic.do?evn_getfoto=evento&id_foto=1236635&__pj0=0&__pj1=3823f332d6d90e13f292ca0c3e55eca7	Professore associato a tempo pieno	Dipartimento di Design	ICAR/13 - Disegno Industriale		https://orcid.org/0000-0002-7043-6550	https://re.public.polimi.it/browse?type=author&sort_by=2&order=DESC&rpp=50&authority=rp06924	rp06924
10019580	Error									
10263373	Error									
10199420	Error									
10022256	Error									
10023492	23492	Bosoni Giampiero	https://www4.ceda.polimi.it/manifesti/manifesti/controller/ricerche/RicercaPerDocentiPublic.do?evn_getfoto=evento&id_foto=401404&__pj0=0&__pj1=893263b5995368d5703c3d7c6f5013df	Professore ordinario a tempo pieno	Dipartimento di Design	ICAR/16 - Architettura Degli Interni E Allestimento	/manifesti/manifesti/controller/ricerche/RicercaPerDocentiPublic.do?evn_downloadcv=evento&id_cv=7270991&rnd=0.3822177762238217	https://orcid.org/0000-0002-9378-0717	https://re.public.polimi.it/browse?type=author&sort_by=2&order=DESC&rpp=50&authority=rp07807	rp07807
10025678	25678	Brevi Fausto	https://www4.ceda.polimi.it/manifesti/manifesti/controller/ricerche/RicercaPerDocentiPublic.do?evn_getfoto=evento&id_foto=9917947&__pj0=0&__pj1=38b58d9f850f7f6a3cf3843ca86d8185	Professore associato a tempo pieno	Dipartimento di Design	ICAR/17 - Disegno		https://orcid.org/0000-0001-5116-6412	https://re.public.polimi.it/browse?type=author&sort_by=2&order=DESC&rpp=50&authority=rp07170	rp07170
10246249	Error									
10005865	5865	Bruglieri Maurizio	https://www4.ceda.polimi.it/manifesti/manifesti/controller/ricerche/RicercaPerDocentiPublic.do?evn_getfoto=evento&id_foto=401642&__pj0=0&__pj1=4be1bb1c4027e21f228a95b4d009a21c	Professore associato a tempo pieno	Dipartimento di Design	MAT/09 - Ricerca Operativa	/manifesti/manifesti/controller/ricerche/RicercaPerDocentiPublic.do?evn_downloadcv=evento&id_cv=1115674&rnd=0.8050811353520191	https://orcid.org/0000-0002-4517-873X	https://re.public.polimi.it/browse?type=author&sort_by=2&order=DESC&rpp=50&authority=rp07215	rp07215
10026547	26547	Brugnoli Gianluca	https://www4.ceda.polimi.it/manifesti/manifesti/controller/ricerche/RicercaPerDocentiPublic.do?evn_getfoto=evento&id_foto=1034481&__pj0=0&__pj1=01705b8665224e073a15a498ec65ee60	Ricercatore universitario a tempo definito	Dipartimento di Design	ICAR/13 - Disegno Industriale		https://orcid.org/0000-0002-6834-5967	https://re.public.polimi.it/browse?type=author&sort_by=2&order=DESC&rpp=50&authority=rp07217	rp07217
10001995	1995	Bruno Davide Maria	https://www4.ceda.polimi.it/manifesti/manifesti/controller/ricerche/RicercaPerDocentiPublic.do?evn_getfoto=evento&id_foto=2191638&__pj0=0&__pj1=3dc87fad3b3eab8ee729cb70cd792d05	Professore associato a tempo definito	Dipartimento di Design	ICAR/13 - Disegno Industriale	/manifesti/manifesti/controller/ricerche/RicercaPerDocentiPublic.do?evn_downloadcv=evento&id_cv=1118661&rnd=0.690822618007309	https://orcid.org/0000-0002-1770-9660	https://re.public.polimi.it/browse?type=author&sort_by=2&order=DESC&rpp=50&authority=rp07242	rp07242
875682	Error									
10002004	2004	Bucchetti Valeria Luisa	https://www4.ceda.polimi.it/manifesti/manifesti/controller/ricerche/RicercaPerDocentiPublic.do?evn_getfoto=evento&id_foto=3950241&__pj0=0&__pj1=91de9a91a19ae217220544905e7190ae	Professore associato a tempo pieno	Dipartimento di Design	ICAR/13 - Disegno Industriale		https://orcid.org/0000-0002-3538-3625	https://re.public.polimi.it/browse?type=author&sort_by=2&order=DESC&rpp=50&authority=rp07259	rp07259
10362049	Error									
861237	Error									
10027683	Error									
10277973	Error									
10002036	2036	Calabi Daniela Anna	https://www4.ceda.polimi.it/manifesti/manifesti/controller/ricerche/RicercaPerDocentiPublic.do?evn_getfoto=evento&id_foto=401510&__pj0=0&__pj1=9fc5054dff342c84ce7f17b86cf99ce5	Professore associato a tempo pieno	Dipartimento di Design	ICAR/13 - Disegno Industriale		https://orcid.org/0000-0002-1997-269X	https://re.public.polimi.it/browse?type=author&sort_by=2&order=DESC&rpp=50&authority=rp07326	rp07326
10295866	Error									
10194409	194409	Camocini Barbara	https://www4.ceda.polimi.it/manifesti/manifesti/controller/ricerche/RicercaPerDocentiPublic.do?evn_getfoto=evento&id_foto=687076&__pj0=0&__pj1=efec01a2675bda229f32e41215e4a374	Ricercatore legge 240/10 - t.det. a tempo pieno	Dipartimento di Design	ICAR/13 - Disegno Industriale	/manifesti/manifesti/controller/ricerche/RicercaPerDocentiPublic.do?evn_downloadcv=evento&id_cv=3395979&rnd=0.1402263512842875	https://orcid.org/0000-0001-6967-1329	https://re.public.polimi.it/browse?type=author&sort_by=2&order=DESC&rpp=50&authority=rp00518	rp00518
10004340	Error									
10031267	31267	Canina Maria Rita	https://www4.ceda.polimi.it/manifesti/manifesti/controller/ricerche/RicercaPerDocentiPublic.do?evn_getfoto=evento&id_foto=402026&__pj0=0&__pj1=dcbbbfdaf019b08ff984e275a0d8a0ee	Professore associato a tempo pieno	Dipartimento di Design	ICAR/13 - Disegno Industriale	/manifesti/manifesti/controller/ricerche/RicercaPerDocentiPublic.do?evn_downloadcv=evento&id_cv=953903&rnd=0.9801827417972426	https://orcid.org/0000-0002-0036-9428	https://re.public.polimi.it/browse?type=author&sort_by=2&order=DESC&rpp=50&authority=rp17046	rp17046
10005586	5586	Cappellieri Alba	https://www4.ceda.polimi.it/manifesti/manifesti/controller/ricerche/RicercaPerDocentiPublic.do?evn_getfoto=evento&id_foto=989390&__pj0=0&__pj1=6942d68472884a85276284f53ff8ad7b	Professore ordinario a tempo pieno	Dipartimento di Design	ICAR/13 - Disegno Industriale		https://orcid.org/0000-0002-6438-3739	https://re.public.polimi.it/browse?type=author&sort_by=2&order=DESC&rpp=50&authority=rp10620	rp10620
10032993	32993	Caratti Elena	https://www4.ceda.polimi.it/manifesti/manifesti/controller/ricerche/RicercaPerDocentiPublic.do?evn_getfoto=evento&id_foto=5478121&__pj0=0&__pj1=9a9f88a17517530a587e2580b1fc2f89	Professore associato a tempo pieno	Dipartimento di Design	ICAR/13 - Disegno Industriale	/manifesti/manifesti/controller/ricerche/RicercaPerDocentiPublic.do?evn_downloadcv=evento&id_cv=2987529&rnd=0.894911287692182	https://orcid.org/0000-0001-5119-4544	https://re.public.polimi.it/browse?type=author&sort_by=2&order=DESC&rpp=50&authority=rp18192	rp18192
10512844	Error									
10266800	Error									
10378656	Error									
10247466	247466	Cautela Cabirio	https://www4.ceda.polimi.it/manifesti/manifesti/controller/ricerche/RicercaPerDocentiPublic.do?evn_getfoto=evento&id_foto=402027&__pj0=0&__pj1=6e5c6d1ca14314a7371eeb3b42fe36d7	Professore associato a tempo pieno	Dipartimento di Design	ICAR/13 - Disegno Industriale		https://orcid.org/0000-0002-5171-2935	https://re.public.polimi.it/browse?type=author&sort_by=2&order=DESC&rpp=50&authority=rp01186	rp01186
10038959	38959	Ceconello Mauro Attilio	https://www4.ceda.polimi.it/manifesti/manifesti/controller/ricerche/RicercaPerDocentiPublic.do?evn_getfoto=evento&id_foto=400961&__pj0=0&__pj1=fbf1199a710227b47dd2f0fc875f042e	Professore associato a tempo pieno	Dipartimento di Design	ICAR/13 - Disegno Industriale	/manifesti/manifesti/controller/ricerche/RicercaPerDocentiPublic.do?evn_downloadcv=evento&id_cv=2981576&rnd=0.9963312078198798	https://orcid.org/0000-0002-4217-5912	https://re.public.polimi.it/browse?type=author&sort_by=2&order=DESC&rpp=50&authority=rp10483	rp10483
10039089	39089	Celi Manuela	https://www4.ceda.polimi.it/manifesti/manifesti/controller/ricerche/RicercaPerDocentiPublic.do?evn_getfoto=evento&id_foto=401837&__pj0=0&__pj1=cc39c220be384b0fde0e4b91486bafdb	Professore associato a tempo pieno	Dipartimento di Design	ICAR/13 - Disegno Industriale	/manifesti/manifesti/controller/ricerche/RicercaPerDocentiPublic.do?evn_downloadcv=evento&id_cv=2983720&rnd=0.9128132663095794	https://orcid.org/0000-0001-9786-1138	https://re.public.polimi.it/browse?type=author&sort_by=2&order=DESC&rpp=50&authority=rp10517	rp10517
10039362	39362	Ceppi Giulio	https://www4.ceda.polimi.it/manifesti/manifesti/controller/ricerche/RicercaPerDocentiPublic.do?evn_getfoto=evento&id_foto=9138220&__pj0=0&__pj1=1a9b427045e5952f850ddf6eaf44defb	Ricercatore universitario a tempo pieno	Dipartimento di Design	ICAR/13 - Disegno Industriale	/manifesti/manifesti/controller/ricerche/RicercaPerDocentiPublic.do?evn_downloadcv=evento&id_cv=4986079&rnd=0.36792360750265396	https://orcid.org/0000-0002-8128-0803	https://re.public.polimi.it/browse?type=author&sort_by=2&order=DESC&rpp=50&authority=rp18480	rp18480
10041622	41622	Ciaga' Graziella Leyla	https://www4.ceda.polimi.it/manifesti/manifesti/controller/ricerche/RicercaPerDocentiPublic.do?evn_getfoto=evento&id_foto=401985&__pj0=0&__pj1=6cb92150cfb2c20f2ae7e45c84ed2ad4	Ricercatore universitario a tempo pieno	Dipartimento di Design	ICAR/18 - Storia Dell'Architettura		https://orcid.org/0000-0001-5484-9956	https://re.public.polimi.it/browse?type=author&sort_by=2&order=DESC&rpp=50&authority=rp18572	rp18572
10186393	186393	Ciancia Mariana	https://www4.ceda.polimi.it/manifesti/manifesti/controller/ricerche/RicercaPerDocentiPublic.do?evn_getfoto=evento&id_foto=4726574&__pj0=0&__pj1=7f5ed50dc594ad6d68e3f475ce80e700	Ricercatore legge 240/10 - t.det. a tempo definito	Dipartimento di Design	ICAR/13 - Disegno Industriale	/manifesti/manifesti/controller/ricerche/RicercaPerDocentiPublic.do?evn_downloadcv=evento&id_cv=3379529&rnd=0.9140585983092566	https://orcid.org/0000-0001-8509-3776	https://re.public.polimi.it/browse?type=author&sort_by=2&order=DESC&rpp=50&authority=rp10163	rp10163
10259410	Error									
10185650	Error									
10042952	42952	Ciuccarelli Paolo	https://www4.ceda.polimi.it/manifesti/manifesti/controller/ricerche/RicercaPerDocentiPublic.do?evn_getfoto=evento&id_foto=935244&__pj0=0&__pj1=5acc9a65ce562773a6a52109c5e11a9a	Professore associato a tempo pieno	Dipartimento di Design	ICAR/13 - Disegno Industriale		https://orcid.org/0000-0001-5831-5660	https://re.public.polimi.it/browse?type=author&sort_by=2&order=DESC&rpp=50&authority=rp13003	rp13003
10283078	Error									
10044225	44225	Collina Luisa Maria Virginia	https://www4.ceda.polimi.it/manifesti/manifesti/controller/ricerche/RicercaPerDocentiPublic.do?evn_getfoto=evento&id_foto=401152&__pj0=0&__pj1=edef3598fbaf66de49108e3738af3ef9	Professore ordinario a tempo pieno	Dipartimento di Design	ICAR/13 - Disegno Industriale		https://orcid.org/0000-0003-0060-1423	https://re.public.polimi.it/browse?type=author&sort_by=2&order=DESC&rpp=50&authority=rp13086	rp13086
10044401	44401	Colombi Chiara	https://www4.ceda.polimi.it/manifesti/manifesti/controller/ricerche/RicercaPerDocentiPublic.do?evn_getfoto=evento&id_foto=402127&__pj0=0&__pj1=3f1d854f36b1aed194c9d406edef3430	Professore associato a tempo definito	Dipartimento di Design	ICAR/13 - Disegno Industriale		https://orcid.org/0000-0001-5791-2746	https://re.public.polimi.it/browse?type=author&sort_by=2&order=DESC&rpp=50&authority=rp18665	rp18665
10279322	Error									
10000628	Error									
854320	Error									
10047247	47247	Conti Giovanni Maria	https://www4.ceda.polimi.it/manifesti/manifesti/controller/ricerche/RicercaPerDocentiPublic.do?evn_getfoto=evento&id_foto=2708498&__pj0=0&__pj1=f69ccff9791b41e9dbfe0fa026773b8a	Professore associato a tempo pieno	Dipartimento di Design	ICAR/13 - Disegno Industriale	/manifesti/manifesti/controller/ricerche/RicercaPerDocentiPublic.do?evn_downloadcv=evento&id_cv=982684&rnd=0.5200009813972137	https://orcid.org/0000-0003-2451-4172	https://re.public.polimi.it/browse?type=author&sort_by=2&order=DESC&rpp=50&authority=rp18715	rp18715
10047936	47936	Cordera Paola	https://www4.ceda.polimi.it/manifesti/manifesti/controller/ricerche/RicercaPerDocentiPublic.do?evn_getfoto=evento&id_foto=8856089&__pj0=0&__pj1=4093428c1640236ba4f73c946c1aaf58	Ricercatore legge 240/10 - t.det. a tempo pieno	Dipartimento di Design	L-ART/04 - Museologia E Critica Artistica E Del Restauro	/manifesti/manifesti/controller/ricerche/RicercaPerDocentiPublic.do?evn_downloadcv=evento&id_cv=3379532&rnd=0.241226144735751	https://orcid.org/0000-0001-6701-4392	https://re.public.polimi.it/browse?type=author&sort_by=2&order=DESC&rpp=50&authority=rp16758	rp16758
10049017	Error									
10049264	49264	Costa Fiammetta Carla Enrica	https://www4.ceda.polimi.it/manifesti/manifesti/controller/ricerche/RicercaPerDocentiPublic.do?evn_getfoto=evento&id_foto=401423&__pj0=0&__pj1=4817f3cf56101ab1022686403f297a1c	Ricercatore universitario a tempo pieno	Dipartimento di Design	ICAR/13 - Disegno Industriale	/manifesti/manifesti/controller/ricerche/RicercaPerDocentiPublic.do?evn_downloadcv=evento&id_cv=494555&rnd=0.9533732388316019	https://orcid.org/0000-0002-5568-0061	https://re.public.polimi.it/browse?type=author&sort_by=2&order=DESC&rpp=50&authority=rp13177	rp13177
10528540	528540	Crabu Stefano	https://www4.ceda.polimi.it/manifesti/manifesti/controller/ricerche/RicercaPerDocentiPublic.do?evn_getfoto=evento&id_foto=9059619&__pj0=0&__pj1=b183a48a739576d91047a09ce65ed117	Ricercatore legge 240/10 - t.det. a tempo pieno	Dipartimento di Design	SPS/07 - Sociologia Generale		https://orcid.org/0000-0002-0180-716X	https://re.public.polimi.it/browse?type=author&sort_by=2&order=DESC&rpp=50&authority=rp28053	rp28053
10005957	Error									
10297942	Error									
10383366	Error									
10594396	Error									
10549974	Error									
861159	Error									
10506618	Error									
10266718	266718	De Lucchi Michele	https://www4.ceda.polimi.it/manifesti/manifesti/controller/ricerche/RicercaPerDocentiPublic.do?evn_getfoto=evento&id_foto=402034&__pj0=0&__pj1=9f14c2cbae43f018db2fa190a4089d13	Professore ordinario a tempo definito	Dipartimento di Design	ICAR/13 - Disegno Industriale	/manifesti/manifesti/controller/ricerche/RicercaPerDocentiPublic.do?evn_downloadcv=evento&id_cv=2695419&rnd=0.28353721816607913	https://orcid.org/0000-0002-5624-7489	https://re.public.polimi.it/browse?type=author&sort_by=2&order=DESC&rpp=50&authority=rp01682	rp01682
10555176	Error									
10056974	56974	De Paolis Roberto	https://www4.ceda.polimi.it/manifesti/manifesti/controller/ricerche/RicercaPerDocentiPublic.do?evn_getfoto=evento&id_foto=401262&__pj0=0&__pj1=32e0d15799415bbd4971bf65281f26fe	Ricercatore universitario a tempo pieno	Dipartimento di Design	ICAR/13 - Disegno Industriale	/manifesti/manifesti/controller/ricerche/RicercaPerDocentiPublic.do?evn_downloadcv=evento&id_cv=7042964&rnd=0.2526984211606286	https://orcid.org/0000-0001-6875-4595	https://re.public.polimi.it/browse?type=author&sort_by=2&order=DESC&rpp=50&authority=rp11781	rp11781
10194858	Error									
10000556	556	Dell'Acqua Bellavitis Arturo	https://www4.ceda.polimi.it/manifesti/manifesti/controller/ricerche/RicercaPerDocentiPublic.do?evn_getfoto=evento&id_foto=400199&__pj0=0&__pj1=ffe51349302fc5785620bfec1854a277	Professore ordinario a tempo pieno	Dipartimento di Design	ICAR/13 - Disegno Industriale		https://orcid.org/0000-0002-1902-725X	https://re.public.polimi.it/browse?type=author&sort_by=2&order=DESC&rpp=50&authority=rp12071	rp12071
10057403	57403	Deserti Alessandro	https://www4.ceda.polimi.it/manifesti/manifesti/controller/ricerche/RicercaPerDocentiPublic.do?evn_getfoto=evento&id_foto=401258&__pj0=0&__pj1=d02bf9eecc30ab02d135e3e62acf1439	Professore ordinario a tempo pieno	Dipartimento di Design	ICAR/13 - Disegno Industriale		https://orcid.org/0000-0002-1049-7650	https://re.public.polimi.it/browse?type=author&sort_by=2&order=DESC&rpp=50&authority=rp09946	rp09946
837850	Error									
10059375	59375	Di Prete Barbara	https://www4.ceda.polimi.it/manifesti/manifesti/controller/ricerche/RicercaPerDocentiPublic.do?evn_getfoto=evento&id_foto=654609&__pj0=0&__pj1=4cc38ab364eda9c41de8c9abfd3df5c9	Ricercatore legge 240/10 - t.det. a tempo pieno	Dipartimento di Design	ICAR/13 - Disegno Industriale	/manifesti/manifesti/controller/ricerche/RicercaPerDocentiPublic.do?evn_downloadcv=evento&id_cv=3395988&rnd=0.5271183866934244	https://orcid.org/0000-0001-9334-7019	https://re.public.polimi.it/browse?type=author&sort_by=2&order=DESC&rpp=50&authority=rp01568	rp01568
10298278	298278	Di Sabatino Peter Arthur	https://www4.ceda.polimi.it/manifesti/manifesti/controller/ricerche/RicercaPerDocentiPublic.do?evn_getfoto=evento&id_foto=4309318&__pj0=0&__pj1=5b3fdc46fa011d3e0a138f879ae4f379	Professore associato a tempo pieno	Dipartimento di Design	ICAR/13 - Disegno Industriale	/manifesti/manifesti/controller/ricerche/RicercaPerDocentiPublic.do?evn_downloadcv=evento&id_cv=3466767&rnd=0.9161040908492865	https://orcid.org/0000-0003-0962-3442	https://re.public.polimi.it/browse?type=author&sort_by=2&order=DESC&rpp=50&authority=rp07742	rp07742
10059920	59920	Dominoni Annalisa	https://www4.ceda.polimi.it/manifesti/manifesti/controller/ricerche/RicercaPerDocentiPublic.do?evn_getfoto=evento&id_foto=401504&__pj0=0&__pj1=2d2314b5a7f6acad74dc91f7decb76a2	Ricercatore universitario a tempo pieno	Dipartimento di Design	ICAR/13 - Disegno Industriale	/manifesti/manifesti/controller/ricerche/RicercaPerDocentiPublic.do?evn_downloadcv=evento&id_cv=2981174&rnd=0.724752139943505	https://orcid.org/0000-0003-1667-9786	https://re.public.polimi.it/browse?type=author&sort_by=2&order=DESC&rpp=50&authority=rp14744	rp14744
10444415	Error									
10329404	Error									
10582391	Error									
10268548	268548	Fassi Davide	https://www4.ceda.polimi.it/manifesti/manifesti/controller/ricerche/RicercaPerDocentiPublic.do?evn_getfoto=evento&id_foto=1516263&__pj0=0&__pj1=2de1df86e2f6c01ace09a84db5bcbe0d	Professore associato a tempo pieno	Dipartimento di Design	ICAR/13 - Disegno Industriale	/manifesti/manifesti/controller/ricerche/RicercaPerDocentiPublic.do?evn_downloadcv=evento&id_cv=6845092&rnd=0.41361189252919695	https://orcid.org/0000-0002-8436-5028	https://re.public.polimi.it/browse?type=author&sort_by=2&order=DESC&rpp=50&authority=rp01829	rp01829
871370	Error									
10064640	64640	Feraboli Maria Teresa	https://www4.ceda.polimi.it/manifesti/manifesti/controller/ricerche/RicercaPerDocentiPublic.do?evn_getfoto=evento&id_foto=3836501&__pj0=0&__pj1=2beaef320fa47df0f20ed056a22c1c9e	Ricercatore legge 240/10 - t.det. a tempo pieno	Dipartimento di Design	ICAR/18 - Storia Dell'Architettura	/manifesti/manifesti/controller/ricerche/RicercaPerDocentiPublic.do?evn_downloadcv=evento&id_cv=1410090&rnd=0.6720530677746818	https://orcid.org/0000-0003-4582-7602	https://re.public.polimi.it/browse?type=author&sort_by=2&order=DESC&rpp=50&authority=rp17014	rp17014
10299796	299796	Ferrara Maria Rita	https://www4.ceda.polimi.it/manifesti/manifesti/controller/ricerche/RicercaPerDocentiPublic.do?evn_getfoto=evento&id_foto=1112414&__pj0=0&__pj1=cfa92eb55b05ebda7c68ce63f26bf149	Professore associato a tempo pieno	Dipartimento di Design	ICAR/13 - Disegno Industriale	/manifesti/manifesti/controller/ricerche/RicercaPerDocentiPublic.do?evn_downloadcv=evento&id_cv=1113020&rnd=0.7413049925444765	https://orcid.org/0000-0002-4099-3137	https://re.public.polimi.it/browse?type=author&sort_by=2&order=DESC&rpp=50&authority=rp02298	rp02298
10066068	66068	Ferraris Silvia Deborah	https://www4.ceda.polimi.it/manifesti/manifesti/controller/ricerche/RicercaPerDocentiPublic.do?evn_getfoto=evento&id_foto=4526166&__pj0=0&__pj1=46a7738036ee38db273e1f2661989099	Ricercatore universitario a tempo pieno	Dipartimento di Design	ICAR/13 - Disegno Industriale	/manifesti/manifesti/controller/ricerche/RicercaPerDocentiPublic.do?evn_downloadcv=evento&id_cv=7802587&rnd=0.6742561560518199	https://orcid.org/0000-0003-3045-5359	https://re.public.polimi.it/browse?type=author&sort_by=2&order=DESC&rpp=50&authority=rp07661	rp07661
10193738	Error									
10066804	66804	Figiani Maurizio	https://www4.ceda.polimi.it/manifesti/manifesti/controller/ricerche/RicercaPerDocentiPublic.do?evn_getfoto=evento&id_foto=401835&__pj0=0&__pj1=25932bfa98f4935d4e188320e1420868	Ricercatore universitario a tempo pieno	Dipartimento di Design	ICAR/13 - Disegno Industriale	/manifesti/manifesti/controller/ricerche/RicercaPerDocentiPublic.do?evn_downloadcv=evento&id_cv=3839028&rnd=0.7014847433525253	https://orcid.org/0000-0002-0330-753X	https://re.public.polimi.it/browse?type=author&sort_by=2&order=DESC&rpp=50&authority=rp20251	rp20251
10067192	67192	Finessi Giuseppe	https://www4.ceda.polimi.it/manifesti/manifesti/controller/ricerche/RicercaPerDocentiPublic.do?evn_getfoto=evento&id_foto=556915&__pj0=0&__pj1=464ed05fdfe696061b9931d487fd48bd	Professore associato a tempo pieno	Dipartimento di Design	ICAR/16 - Architettura Degli Interni E Allestimento		https://orcid.org/0000-0003-0633-5410	https://re.public.polimi.it/browse?type=author&sort_by=2&order=DESC&rpp=50&authority=rp20455	rp20455
10068035	Error									
839526	Error									
10201176	Error									
10072206	Error									
10000724	724	Galbiati Maria Luisa	https://www4.ceda.polimi.it/manifesti/manifesti/controller/ricerche/RicercaPerDocentiPublic.do?evn_getfoto=evento&id_foto=400280&__pj0=0&__pj1=56e00458f15b63e80fd38a1b4ac6c359	Professore ordinario a tempo pieno	Dipartimento di Design	ICAR/13 - Disegno Industriale		https://orcid.org/0000-0002-4578-2072	https://re.public.polimi.it/browse?type=author&sort_by=2&order=DESC&rpp=50&authority=rp13667	rp13667
10072965	Error									
10199495	Error									
10187051	Error									
10645810	Error									
10194418	194418	Gerosa Giulia Maria	https://www4.ceda.polimi.it/manifesti/manifesti/controller/ricerche/RicercaPerDocentiPublic.do?evn_getfoto=evento&id_foto=1251145&__pj0=0&__pj1=b802bdfb37e68d25935f46d602d0f1dc	Professore associato a tempo pieno	Dipartimento di Design	ICAR/13 - Disegno Industriale		https://orcid.org/0000-0003-3565-3370	https://re.public.polimi.it/browse?type=author&sort_by=2&order=DESC&rpp=50&authority=rp00520	rp00520
853702	Error									
10420823	Error									
10584608 	Error									
10308034	Error									
10262759	Error									
839231	Error									
10001192	1192	Guerrini Luca	https://www4.ceda.polimi.it/manifesti/manifesti/controller/ricerche/RicercaPerDocentiPublic.do?evn_getfoto=evento&id_foto=435329&__pj0=0&__pj1=3af72beda70104a491cfb4e6485dd0b2	Professore associato a tempo pieno	Dipartimento di Design	ICAR/13 - Disegno Industriale	/manifesti/manifesti/controller/ricerche/RicercaPerDocentiPublic.do?evn_downloadcv=evento&id_cv=574380&rnd=0.7382235790959486	https://orcid.org/0000-0001-9946-5219	https://re.public.polimi.it/browse?type=author&sort_by=2&order=DESC&rpp=50&authority=rp13216	rp13216
10245483	245483	Guida Francesco Ermanno	https://www4.ceda.polimi.it/manifesti/manifesti/controller/ricerche/RicercaPerDocentiPublic.do?evn_getfoto=evento&id_foto=402385&__pj0=0&__pj1=52b468d205c24d0590ca41ccbb811a22	Ricercatore universitario a tempo pieno	Dipartimento di Design	ICAR/13 - Disegno Industriale	/manifesti/manifesti/controller/ricerche/RicercaPerDocentiPublic.do?evn_downloadcv=evento&id_cv=494661&rnd=0.3789442045769079	https://orcid.org/0000-0003-3679-3367	https://re.public.polimi.it/browse?type=author&sort_by=2&order=DESC&rpp=50&authority=rp00283	rp00283
10510124	Error									
10543776	Error									
10551214	Error									
10547676	Error									
10085420	85420	Iannilli Valeria Maria	https://www4.ceda.polimi.it/manifesti/manifesti/controller/ricerche/RicercaPerDocentiPublic.do?evn_getfoto=evento&id_foto=857935&__pj0=0&__pj1=2e61ebe17413f27d2d042d8a30bced3c	Professore associato a tempo pieno	Dipartimento di Design	ICAR/13 - Disegno Industriale	/manifesti/manifesti/controller/ricerche/RicercaPerDocentiPublic.do?evn_downloadcv=evento&id_cv=6512634&rnd=0.05038503539999817	https://orcid.org/0000-0002-6042-8944	https://re.public.polimi.it/browse?type=author&sort_by=2&order=DESC&rpp=50&authority=rp13283	rp13283
10494163	Error									
10085871	85871	Ingaramo Matteo Oreste	https://www4.ceda.polimi.it/manifesti/manifesti/controller/ricerche/RicercaPerDocentiPublic.do?evn_getfoto=evento&id_foto=2667970&__pj0=0&__pj1=38a23ee61c591488d55c657118cf5e92	Professore associato a tempo pieno	Dipartimento di Design	ICAR/13 - Disegno Industriale		https://orcid.org/0000-0002-6961-7477	https://re.public.polimi.it/browse?type=author&sort_by=2&order=DESC&rpp=50&authority=rp13292	rp13292
870971	Error									
10324308	Error									
10000853	853	Irace Fulvio	https://www4.ceda.polimi.it/manifesti/manifesti/controller/ricerche/RicercaPerDocentiPublic.do?evn_getfoto=evento&id_foto=842911&__pj0=0&__pj1=33f31f2079526c7ee72e86e7779e4d67	Professore ordinario a tempo pieno	Dipartimento di Design	ICAR/18 - Storia Dell'Architettura		https://orcid.org/0000-0001-9938-2106	https://re.public.polimi.it/browse?type=author&sort_by=2&order=DESC&rpp=50&authority=rp13301	rp13301
10643587	Error									
0E9494	Error									
871343	Error									
10178452	Error									
10625584	Error									
853700	Error									
881131	Error									
10094331	94331	Lupo Eleonora	https://www4.ceda.polimi.it/manifesti/manifesti/controller/ricerche/RicercaPerDocentiPublic.do?evn_getfoto=evento&id_foto=2783788&__pj0=0&__pj1=1b4a1d8ee494060a932b1ff2c626d20e	Professore associato a tempo pieno	Dipartimento di Design	ICAR/13 - Disegno Industriale		https://orcid.org/0000-0003-3677-0245	https://re.public.polimi.it/browse?type=author&sort_by=2&order=DESC&rpp=50&authority=rp20259	rp20259
10095252	95252	Maffei Stefano	https://www4.ceda.polimi.it/manifesti/manifesti/controller/ricerche/RicercaPerDocentiPublic.do?evn_getfoto=evento&id_foto=2398888&__pj0=0&__pj1=eaa37bead5f3ef2135b482c3cb948e08	Professore ordinario a tempo pieno	Dipartimento di Design	ICAR/13 - Disegno Industriale		https://orcid.org/0000-0001-9820-1326	https://re.public.polimi.it/browse?type=author&sort_by=2&order=DESC&rpp=50&authority=rp13561	rp13561
10346545	346545	Maffeis Rodolfo	https://www4.ceda.polimi.it/manifesti/manifesti/controller/ricerche/RicercaPerDocentiPublic.do?evn_getfoto=evento&id_foto=3957635&__pj0=0&__pj1=b5a381a0a5af1992d2507e101381e8b6	Ricercatore legge 240/10 - t.det. a tempo pieno	Dipartimento di Design	L-ART/02 - Storia Dell'Arte Moderna		https://orcid.org/0000-0001-8341-7044	https://re.public.polimi.it/browse?type=author&sort_by=2&order=DESC&rpp=50&authority=rp08227	rp08227
10095850	Error									
10096975	96975	Maja Roberto	https://www4.ceda.polimi.it/manifesti/manifesti/controller/ricerche/RicercaPerDocentiPublic.do?evn_getfoto=evento&id_foto=401197&__pj0=0&__pj1=00e91402b93aaf1ce1a0ad040d1c2fe4	Professore associato a tempo pieno	Dipartimento di Design	ICAR/05 - Trasporti	/manifesti/manifesti/controller/ricerche/RicercaPerDocentiPublic.do?evn_downloadcv=evento&id_cv=902750&rnd=0.21407584838164695	https://orcid.org/0000-0002-3439-4963	https://re.public.polimi.it/browse?type=author&sort_by=2&order=DESC&rpp=50&authority=rp13597	rp13597
10097748	Error									
10681987	Error									
10098444	98444	Mangiarotti Raffaella	https://www4.ceda.polimi.it/manifesti/manifesti/controller/ricerche/RicercaPerDocentiPublic.do?evn_getfoto=evento&id_foto=2542045&__pj0=0&__pj1=9d2dc3cb73917bc58604c1a267ba3f27	Ricercatore universitario a tempo definito	Dipartimento di Design	ICAR/13 - Disegno Industriale	/manifesti/manifesti/controller/ricerche/RicercaPerDocentiPublic.do?evn_downloadcv=evento&id_cv=3348711&rnd=0.7928990094253895	https://orcid.org/0000-0002-2579-5773	https://re.public.polimi.it/browse?type=author&sort_by=2&order=DESC&rpp=50&authority=rp13629	rp13629
10004578	4578	Marani Pietro Cesare	https://www4.ceda.polimi.it/manifesti/manifesti/controller/ricerche/RicercaPerDocentiPublic.do?evn_getfoto=evento&id_foto=401162&__pj0=0&__pj1=54cae420ec779d4459a5ae011bee513a	Professore ordinario a tempo pieno	Dipartimento di Design	L-ART/02 - Storia Dell'Arte Moderna	/manifesti/manifesti/controller/ricerche/RicercaPerDocentiPublic.do?evn_downloadcv=evento&id_cv=3877055&rnd=0.5008230948566728	https://orcid.org/0000-0003-3880-8737	https://re.public.polimi.it/browse?type=author&sort_by=2&order=DESC&rpp=50&authority=rp13647	rp13647
10100242	Error									
10261332	Error									
10381327	Error									
10104291	Error									
10187232	187232	Mauri Michele	https://www4.ceda.polimi.it/manifesti/manifesti/controller/ricerche/RicercaPerDocentiPublic.do?evn_getfoto=evento&id_foto=3859207&__pj0=0&__pj1=d20e42aeb59fce37afdcd74dbcb7ad49	Ricercatore legge 240/10 - t.det. a tempo pieno	Dipartimento di Design	ICAR/13 - Disegno Industriale	/manifesti/manifesti/controller/ricerche/RicercaPerDocentiPublic.do?evn_downloadcv=evento&id_cv=3379560&rnd=0.5235997481664459	https://orcid.org/0000-0003-1189-9624	https://re.public.polimi.it/browse?type=author&sort_by=2&order=DESC&rpp=50&authority=rp08188	rp08188
10327728	327728	Mazzanti Anna	https://www4.ceda.polimi.it/manifesti/manifesti/controller/ricerche/RicercaPerDocentiPublic.do?evn_getfoto=evento&id_foto=1145680&__pj0=0&__pj1=bb37d79a92850e32e21202c46712144a	Ricercatore universitario a tempo pieno	Dipartimento di Design	L-ART/03 - Storia Dell'Arte Contemporanea	/manifesti/manifesti/controller/ricerche/RicercaPerDocentiPublic.do?evn_downloadcv=evento&id_cv=4892768&rnd=0.2586974619054022	https://orcid.org/0000-0002-7184-2980	https://re.public.polimi.it/browse?type=author&sort_by=2&order=DESC&rpp=50&authority=rp08085	rp08085
10474432	Error									
10500816	Error									
10002999	Error									
10294714	Error									
10107184	107184	Meroni Anna	https://www4.ceda.polimi.it/manifesti/manifesti/controller/ricerche/RicercaPerDocentiPublic.do?evn_getfoto=evento&id_foto=5252799&__pj0=0&__pj1=0a63d802d188c2ea124853d5b8b8ff02	Professore associato a tempo pieno	Dipartimento di Design	ICAR/13 - Disegno Industriale	/manifesti/manifesti/controller/ricerche/RicercaPerDocentiPublic.do?evn_downloadcv=evento&id_cv=2701042&rnd=0.8470197157788585	https://orcid.org/0000-0002-8946-2361	https://re.public.polimi.it/browse?type=author&sort_by=2&order=DESC&rpp=50&authority=rp13512	rp13512
10384038	Error									
10289556	Error									
10113246	113246	Mortati Marzia	https://www4.ceda.polimi.it/manifesti/manifesti/controller/ricerche/RicercaPerDocentiPublic.do?evn_getfoto=evento&id_foto=3305011&__pj0=0&__pj1=077ccfa950e00e3e27396aa6057d2577	Ricercatore legge 240/10 - t.det. a tempo pieno	Dipartimento di Design	ICAR/13 - Disegno Industriale	/manifesti/manifesti/controller/ricerche/RicercaPerDocentiPublic.do?evn_downloadcv=evento&id_cv=3379567&rnd=0.4676619559748575	https://orcid.org/0000-0002-6900-403X	https://re.public.polimi.it/browse?type=author&sort_by=2&order=DESC&rpp=50&authority=rp07363	rp07363
848332	Error									
10003284	3284	Murano Francesco	https://www4.ceda.polimi.it/manifesti/manifesti/controller/ricerche/RicercaPerDocentiPublic.do?evn_getfoto=evento&id_foto=818094&__pj0=0&__pj1=fec7408bcb232f073cd2fcd386315fcb	Ricercatore universitario a tempo pieno	Dipartimento di Design	ICAR/13 - Disegno Industriale	/manifesti/manifesti/controller/ricerche/RicercaPerDocentiPublic.do?evn_downloadcv=evento&id_cv=818111&rnd=0.8755596401741507	https://orcid.org/0000-0002-1724-3207	https://re.public.polimi.it/browse?type=author&sort_by=2&order=DESC&rpp=50&authority=rp13459	rp13459
10115494	115494	Nebuloni Attilio	https://www4.ceda.polimi.it/manifesti/manifesti/controller/ricerche/RicercaPerDocentiPublic.do?evn_getfoto=evento&id_foto=401822&__pj0=0&__pj1=377a7c56cbeb60fc36b8b0473c880734	Ricercatore universitario a tempo pieno	Dipartimento di Design	ICAR/14 - Composizione Architettonica E Urbana		https://orcid.org/0000-0002-9552-7002	https://re.public.polimi.it/browse?type=author&sort_by=2&order=DESC&rpp=50&authority=rp08507	rp08507
861513	Error									
861260	Error									
848660	Error									
10311364	Error									
10501782	Error									
10120688	120688	Palmieri Stefania	https://www4.ceda.polimi.it/manifesti/manifesti/controller/ricerche/RicercaPerDocentiPublic.do?evn_getfoto=evento&id_foto=4292830&__pj0=0&__pj1=9863a8d1fb942e0524d91266fd145a68	Ricercatore universitario a tempo pieno	Dipartimento di Design	ICAR/13 - Disegno Industriale	/manifesti/manifesti/controller/ricerche/RicercaPerDocentiPublic.do?evn_downloadcv=evento&id_cv=2987059&rnd=0.6666113959867948	https://orcid.org/0000-0003-4693-7918	https://re.public.polimi.it/browse?type=author&sort_by=2&order=DESC&rpp=50&authority=rp08604	rp08604
10122151	122151	Parente Marina	https://www4.ceda.polimi.it/manifesti/manifesti/controller/ricerche/RicercaPerDocentiPublic.do?evn_getfoto=evento&id_foto=401513&__pj0=0&__pj1=89a79772d44fab777f5588a826b3249a	Professore associato a tempo pieno	Dipartimento di Design	ICAR/13 - Disegno Industriale	/manifesti/manifesti/controller/ricerche/RicercaPerDocentiPublic.do?evn_downloadcv=evento&id_cv=2981149&rnd=0.24541660054379533	https://orcid.org/0000-0001-6790-6657	https://re.public.polimi.it/browse?type=author&sort_by=2&order=DESC&rpp=50&authority=rp08480	rp08480
10122254	Error									
881027	Error									
871127	Error									
10401142	Error									
10125363	125363	Penati Antonella Valeria	https://www4.ceda.polimi.it/manifesti/manifesti/controller/ricerche/RicercaPerDocentiPublic.do?evn_getfoto=evento&id_foto=7011143&__pj0=0&__pj1=df5ca4aef234ce62e9016dd53a7425fd	Professore ordinario a tempo pieno	Dipartimento di Design	ICAR/13 - Disegno Industriale	/manifesti/manifesti/controller/ricerche/RicercaPerDocentiPublic.do?evn_downloadcv=evento&id_cv=2991801&rnd=0.7099028223460628	https://orcid.org/0000-0001-8353-9287	https://re.public.polimi.it/browse?type=author&sort_by=2&order=DESC&rpp=50&authority=rp08830	rp08830
10178375	Error									
10000769	769	Piardi Silvia Elvira Maria	https://www4.ceda.polimi.it/manifesti/manifesti/controller/ricerche/RicercaPerDocentiPublic.do?evn_getfoto=evento&id_foto=400318&__pj0=0&__pj1=fc3702588a26367261722b42fd860cc3	Professore ordinario a tempo pieno	Dipartimento di Design	ICAR/13 - Disegno Industriale		https://orcid.org/0000-0001-8922-6353	https://re.public.polimi.it/browse?type=author&sort_by=2&order=DESC&rpp=50&authority=rp08914	rp08914
10003516	3516	Piazza Mario	https://www4.ceda.polimi.it/manifesti/manifesti/controller/ricerche/RicercaPerDocentiPublic.do?evn_getfoto=evento&id_foto=3346253&__pj0=0&__pj1=c2cfa2e8d191d31cb5cf61aeb9738e69	Professore associato a tempo pieno	Dipartimento di Design	ICAR/13 - Disegno Industriale		https://orcid.org/0000-0002-9665-7730	https://re.public.polimi.it/browse?type=author&sort_by=2&order=DESC&rpp=50&authority=rp08916	rp08916
10627867	Error									
10128431	128431	Piccinno Giovanna	https://www4.ceda.polimi.it/manifesti/manifesti/controller/ricerche/RicercaPerDocentiPublic.do?evn_getfoto=evento&id_foto=435365&__pj0=0&__pj1=222888285a99205d40e7868bc44bc1eb	Professore associato a tempo pieno	Dipartimento di Design	ICAR/13 - Disegno Industriale	/manifesti/manifesti/controller/ricerche/RicercaPerDocentiPublic.do?evn_downloadcv=evento&id_cv=494227&rnd=0.02312035199560547	https://orcid.org/0000-0003-1804-7985	https://re.public.polimi.it/browse?type=author&sort_by=2&order=DESC&rpp=50&authority=rp08924	rp08924
10005209	Error									
10001212	1212	Pillan Margherita	https://www4.ceda.polimi.it/manifesti/manifesti/controller/ricerche/RicercaPerDocentiPublic.do?evn_getfoto=evento&id_foto=3695967&__pj0=0&__pj1=03ddfd4afe51795eb7c0e35c825b982e	Professore associato a tempo pieno	Dipartimento di Design	ICAR/13 - Disegno Industriale		https://orcid.org/0000-0002-4157-4305	https://re.public.polimi.it/browse?type=author&sort_by=2&order=DESC&rpp=50&authority=rp09886	rp09886
10129761	129761	Piredda Francesca	https://www4.ceda.polimi.it/manifesti/manifesti/controller/ricerche/RicercaPerDocentiPublic.do?evn_getfoto=evento&id_foto=3695494&__pj0=0&__pj1=b430e391be53fd5561d6b9672f85664c	Ricercatore universitario a tempo pieno	Dipartimento di Design	ICAR/13 - Disegno Industriale	/manifesti/manifesti/controller/ricerche/RicercaPerDocentiPublic.do?evn_downloadcv=evento&id_cv=4494193&rnd=0.5624352264766397	https://orcid.org/0000-0003-0623-8450	https://re.public.polimi.it/browse?type=author&sort_by=2&order=DESC&rpp=50&authority=rp01321	rp01321
10130737	130737	Pizzocaro Silvia Luisa	https://www4.ceda.polimi.it/manifesti/manifesti/controller/ricerche/RicercaPerDocentiPublic.do?evn_getfoto=evento&id_foto=2649196&__pj0=0&__pj1=2a88aabefbc855be2b2b16a3e65022f4	Professore ordinario a tempo pieno	Dipartimento di Design	ICAR/13 - Disegno Industriale	/manifesti/manifesti/controller/ricerche/RicercaPerDocentiPublic.do?evn_downloadcv=evento&id_cv=3383148&rnd=0.31821767672235446	https://orcid.org/0000-0002-0478-7950	https://re.public.polimi.it/browse?type=author&sort_by=2&order=DESC&rpp=50&authority=rp09913	rp09913
10131898	Error									
10632965	Error									
10597382	Error									
10499017	Error									
10134906	134906	Quaggiotto Marco	https://www4.ceda.polimi.it/manifesti/manifesti/controller/ricerche/RicercaPerDocentiPublic.do?evn_getfoto=evento&id_foto=2754341&__pj0=0&__pj1=70f9a9ccef1c8f36bc913905550aa1b7	Ricercatore legge 240/10 - t.det. a tempo pieno	Dipartimento di Design	ICAR/13 - Disegno Industriale	/manifesti/manifesti/controller/ricerche/RicercaPerDocentiPublic.do?evn_downloadcv=evento&id_cv=3379583&rnd=0.8470900302615463	https://orcid.org/0000-0003-4195-2369	https://re.public.polimi.it/browse?type=author&sort_by=2&order=DESC&rpp=50&authority=rp01463	rp01463
10136317	136317	Rampino Lucia Rosa Elena	https://www4.ceda.polimi.it/manifesti/manifesti/controller/ricerche/RicercaPerDocentiPublic.do?evn_getfoto=evento&id_foto=5040565&__pj0=0&__pj1=aa27defb889a0fc87d23036541d38ddb	Professore associato a tempo pieno	Dipartimento di Design	ICAR/13 - Disegno Industriale	/manifesti/manifesti/controller/ricerche/RicercaPerDocentiPublic.do?evn_downloadcv=evento&id_cv=6131638&rnd=0.8549931324715152	https://orcid.org/0000-0002-7591-9324	https://re.public.polimi.it/browse?type=author&sort_by=2&order=DESC&rpp=50&authority=rp08743	rp08743
10136858	136858	Ratti Andrea	https://www4.ceda.polimi.it/manifesti/manifesti/controller/ricerche/RicercaPerDocentiPublic.do?evn_getfoto=evento&id_foto=2395442&__pj0=0&__pj1=19ee62db759a05c92093c26158793a68	Professore associato a tempo pieno	Dipartimento di Design	ICAR/13 - Disegno Industriale	/manifesti/manifesti/controller/ricerche/RicercaPerDocentiPublic.do?evn_downloadcv=evento&id_cv=5343085&rnd=0.38992041919804765	https://orcid.org/0000-0003-4115-2732	https://re.public.polimi.it/browse?type=author&sort_by=2&order=DESC&rpp=50&authority=rp08756	rp08756
10137582	137582	Rebaglio Agnese	https://www4.ceda.polimi.it/manifesti/manifesti/controller/ricerche/RicercaPerDocentiPublic.do?evn_getfoto=evento&id_foto=402031&__pj0=0&__pj1=5de76178a786798c91ad6eb2d495293d	Ricercatore universitario a tempo pieno	Dipartimento di Design	ICAR/13 - Disegno Industriale	/manifesti/manifesti/controller/ricerche/RicercaPerDocentiPublic.do?evn_downloadcv=evento&id_cv=2990642&rnd=0.6090125753107444	https://orcid.org/0000-0002-8952-5107	https://re.public.polimi.it/browse?type=author&sort_by=2&order=DESC&rpp=50&authority=rp01656	rp01656
10649430	Error									
10139370	139370	Ricco' Dina	https://www4.ceda.polimi.it/manifesti/manifesti/controller/ricerche/RicercaPerDocentiPublic.do?evn_getfoto=evento&id_foto=401537&__pj0=0&__pj1=e48147e3c778be535cee65f41923f43c	Professore associato a tempo pieno	Dipartimento di Design	ICAR/13 - Disegno Industriale	/manifesti/manifesti/controller/ricerche/RicercaPerDocentiPublic.do?evn_downloadcv=evento&id_cv=494602&rnd=0.5386539458332281	https://orcid.org/0000-0001-8632-2649	https://re.public.polimi.it/browse?type=author&sort_by=2&order=DESC&rpp=50&authority=rp08639	rp08639
10005630	5630	Rizzo Francesca	https://www4.ceda.polimi.it/manifesti/manifesti/controller/ricerche/RicercaPerDocentiPublic.do?evn_getfoto=evento&id_foto=null&__pj0=0&__pj1=402b93d081372c0123f3ada00fd041f6	Professore associato a tempo pieno	Dipartimento di Design	ICAR/13 - Disegno Industriale		https://orcid.org/0000-0001-5809-0684	https://re.public.polimi.it/browse?type=author&sort_by=2&order=DESC&rpp=50&authority=rp15209	rp15209
10268122	Error									
10421241	Error									
90000093	Error									
10143835	143835	Rossi Maurizio	https://www4.ceda.polimi.it/manifesti/manifesti/controller/ricerche/RicercaPerDocentiPublic.do?evn_getfoto=evento&id_foto=6147767&__pj0=0&__pj1=fb1fbb7f6212ba87fe9e07842d3b635b	Professore associato a tempo pieno	Dipartimento di Design	ICAR/13 - Disegno Industriale	/manifesti/manifesti/controller/ricerche/RicercaPerDocentiPublic.do?evn_downloadcv=evento&id_cv=8038974&rnd=0.4466924951294742	https://orcid.org/0000-0003-0480-7912	https://re.public.polimi.it/browse?type=author&sort_by=2&order=DESC&rpp=50&authority=rp23061	rp23061
10305929	305929	Rossi Michela	https://www4.ceda.polimi.it/manifesti/manifesti/controller/ricerche/RicercaPerDocentiPublic.do?evn_getfoto=evento&id_foto=401998&__pj0=0&__pj1=3644d760a36534fea8e38ff4c5af646e	Professore ordinario a tempo pieno	Dipartimento di Design	ICAR/17 - Disegno	/manifesti/manifesti/controller/ricerche/RicercaPerDocentiPublic.do?evn_downloadcv=evento&id_cv=495500&rnd=0.008792516923103233	https://orcid.org/0000-0001-9860-0562	https://re.public.polimi.it/browse?type=author&sort_by=2&order=DESC&rpp=50&authority=rp02438	rp02438
10311006	Error									
10512967	Error									
861596	Error									
10359527	Error									
10148287	148287	Sangiorgi Daniela	https://www4.ceda.polimi.it/manifesti/manifesti/controller/ricerche/RicercaPerDocentiPublic.do?evn_getfoto=evento&id_foto=3684528&__pj0=0&__pj1=d41eb4a36e113a5c8f9abb694ea958a1	Professore associato a tempo pieno	Dipartimento di Design	ICAR/13 - Disegno Industriale		https://orcid.org/0000-0003-1696-5782	https://re.public.polimi.it/browse?type=author&sort_by=2&order=DESC&rpp=50&authority=rp02121	rp02121
839749	Error									
10152188	152188	Scullica Francesco	https://www4.ceda.polimi.it/manifesti/manifesti/controller/ricerche/RicercaPerDocentiPublic.do?evn_getfoto=evento&id_foto=401424&__pj0=0&__pj1=ce84e95427fa44e5db5e2de40ad9f6b5	Professore associato a tempo pieno	Dipartimento di Design	ICAR/13 - Disegno Industriale	/manifesti/manifesti/controller/ricerche/RicercaPerDocentiPublic.do?evn_downloadcv=evento&id_cv=1114936&rnd=0.0872733404841296	https://orcid.org/0000-0002-6872-5732	https://re.public.polimi.it/browse?type=author&sort_by=2&order=DESC&rpp=50&authority=rp03296	rp03296
10435063	Error									
10152600	Error									
10551214	Error									
861220	Error									
10001363	1363	Simonelli Giuliano	https://www4.ceda.polimi.it/manifesti/manifesti/controller/ricerche/RicercaPerDocentiPublic.do?evn_getfoto=evento&id_foto=400945&__pj0=0&__pj1=f1777a6225b346f807ccfa445902bed0	Professore ordinario a tempo pieno	Dipartimento di Design	ICAR/13 - Disegno Industriale		https://orcid.org/0000-0002-1547-9654	https://re.public.polimi.it/browse?type=author&sort_by=2&order=DESC&rpp=50&authority=rp02716	rp02716
10191363	Error									
10155363	155363	Soldati Maria Grazia	https://www4.ceda.polimi.it/manifesti/manifesti/controller/ricerche/RicercaPerDocentiPublic.do?evn_getfoto=evento&id_foto=4805624&__pj0=0&__pj1=e0a108094846b5332dddbb4e9c83bc4a	Ricercatore universitario a tempo pieno	Dipartimento di Design	ICAR/13 - Disegno Industriale	/manifesti/manifesti/controller/ricerche/RicercaPerDocentiPublic.do?evn_downloadcv=evento&id_cv=4227576&rnd=0.9883469745801099	https://orcid.org/0000-0002-7710-0945	https://re.public.polimi.it/browse?type=author&sort_by=2&order=DESC&rpp=50&authority=rp02991	rp02991
10541491	Error									
10181414	Error									
10156383	Error									
10156456	156456	Spallazzo Davide	https://www4.ceda.polimi.it/manifesti/manifesti/controller/ricerche/RicercaPerDocentiPublic.do?evn_getfoto=evento&id_foto=4152353&__pj0=0&__pj1=8e79709c8c0a0f2636d27076bb407ac7	Ricercatore legge 240/10 - t.det. a tempo pieno	Dipartimento di Design	ICAR/13 - Disegno Industriale	/manifesti/manifesti/controller/ricerche/RicercaPerDocentiPublic.do?evn_downloadcv=evento&id_cv=3379603&rnd=0.5879697342093722	https://orcid.org/0000-0002-2621-7617	https://re.public.polimi.it/browse?type=author&sort_by=2&order=DESC&rpp=50&authority=rp02214	rp02214
10200702	Error									
10479667	Error									
10294470	Error									
10638762	Error									
10268081	268081	Studer Luca Pasino	https://www4.ceda.polimi.it/manifesti/manifesti/controller/ricerche/RicercaPerDocentiPublic.do?evn_getfoto=evento&id_foto=401861&__pj0=0&__pj1=de228fb34153753e5edc9c814079d0e3	Ricercatore universitario a tempo pieno	Dipartimento di Design	ICAR/05 - Trasporti	/manifesti/manifesti/controller/ricerche/RicercaPerDocentiPublic.do?evn_downloadcv=evento&id_cv=2977871&rnd=0.4930684278643547	https://orcid.org/0000-0002-8175-2890	https://re.public.polimi.it/browse?type=author&sort_by=2&order=DESC&rpp=50&authority=rp04572	rp04572
10438417	Error									
10616676	Error									
10278745	Error									
848320	Error									
10643239	Error									
10512839	Error									
10600775	Error									
10543603	Error									
10162425	162425	Tolino Umberto	https://www4.ceda.polimi.it/manifesti/manifesti/controller/ricerche/RicercaPerDocentiPublic.do?evn_getfoto=evento&id_foto=3889796&__pj0=0&__pj1=eff21f4bf88881b9f0a4bbd6060a8c8a	Professore associato a tempo pieno	Dipartimento di Design	ICAR/13 - Disegno Industriale	/manifesti/manifesti/controller/ricerche/RicercaPerDocentiPublic.do?evn_downloadcv=evento&id_cv=7615657&rnd=0.5621193531445347	https://orcid.org/0000-0003-3791-1062	https://re.public.polimi.it/browse?type=author&sort_by=2&order=DESC&rpp=50&authority=rp03129	rp03129
10004879	4879	Tonelli Maria Cristina	https://www4.ceda.polimi.it/manifesti/manifesti/controller/ricerche/RicercaPerDocentiPublic.do?evn_getfoto=evento&id_foto=401147&__pj0=0&__pj1=ad3124c384c056105320a8c3ed512516	Professore ordinario a tempo pieno	Dipartimento di Design	ICAR/13 - Disegno Industriale	/manifesti/manifesti/controller/ricerche/RicercaPerDocentiPublic.do?evn_downloadcv=evento&id_cv=812056&rnd=0.27093680545718724	https://orcid.org/0000-0002-1636-1113	https://re.public.polimi.it/browse?type=author&sort_by=2&order=DESC&rpp=50&authority=rp01504	rp01504
10164116	Error									
10164832	164832	Trocchianesi Raffaella	https://www4.ceda.polimi.it/manifesti/manifesti/controller/ricerche/RicercaPerDocentiPublic.do?evn_getfoto=evento&id_foto=2697799&__pj0=0&__pj1=14adab1d4fc64e4e22d06d29433c4287	Professore associato a tempo pieno	Dipartimento di Design	ICAR/13 - Disegno Industriale		https://orcid.org/0000-0003-1724-0345	https://re.public.polimi.it/browse?type=author&sort_by=2&order=DESC&rpp=50&authority=rp01955	rp01955
10165601	165601	Turinetto Marco	https://www4.ceda.polimi.it/manifesti/manifesti/controller/ricerche/RicercaPerDocentiPublic.do?evn_getfoto=evento&id_foto=401425&__pj0=0&__pj1=0cc3189821d81e43c2fdfc501f3e4be7	Ricercatore universitario a tempo pieno	Dipartimento di Design	ICAR/13 - Disegno Industriale	/manifesti/manifesti/controller/ricerche/RicercaPerDocentiPublic.do?evn_downloadcv=evento&id_cv=3826245&rnd=0.9117239593734892	https://orcid.org/0000-0002-9434-4052	https://re.public.polimi.it/browse?type=author&sort_by=2&order=DESC&rpp=50&authority=rp02185	rp02185
10194248	194248	Vacca Federica	https://www4.ceda.polimi.it/manifesti/manifesti/controller/ricerche/RicercaPerDocentiPublic.do?evn_getfoto=evento&id_foto=749105&__pj0=0&__pj1=bfea1dff9afcf0c24fa9314a2e500431	Ricercatore legge 240/10 - t.det. a tempo pieno	Dipartimento di Design	ICAR/13 - Disegno Industriale	/manifesti/manifesti/controller/ricerche/RicercaPerDocentiPublic.do?evn_downloadcv=evento&id_cv=3379611&rnd=0.7687131811809981	https://orcid.org/0000-0001-5210-9356	https://re.public.polimi.it/browse?type=author&sort_by=2&order=DESC&rpp=50&authority=rp00236	rp00236
10287079	Error									
0E9495	Error									
865310	Error									
10004374	4374	Vezzoli Carlo Arnaldo	https://www4.ceda.polimi.it/manifesti/manifesti/controller/ricerche/RicercaPerDocentiPublic.do?evn_getfoto=evento&id_foto=435335&__pj0=0&__pj1=408f40a19ec390c4124fef66189568bd	Professore ordinario a tempo pieno	Dipartimento di Design	ICAR/13 - Disegno Industriale	/manifesti/manifesti/controller/ricerche/RicercaPerDocentiPublic.do?evn_downloadcv=evento&id_cv=4830522&rnd=0.6500679012782143	https://orcid.org/0000-0003-3792-3725	https://re.public.polimi.it/browse?type=author&sort_by=2&order=DESC&rpp=50&authority=rp00177	rp00177
10170719	170719	Vignati Arianna	https://www4.ceda.polimi.it/manifesti/manifesti/controller/ricerche/RicercaPerDocentiPublic.do?evn_getfoto=evento&id_foto=6127733&__pj0=0&__pj1=bdcd7e4aaff65f91c01f869ed714fda1	Ricercatore legge 240/10 - t.det. a tempo definito	Dipartimento di Design	ICAR/13 - Disegno Industriale	/manifesti/manifesti/controller/ricerche/RicercaPerDocentiPublic.do?evn_downloadcv=evento&id_cv=7395763&rnd=0.17714939014517062	https://orcid.org/0000-0002-5664-6631	https://re.public.polimi.it/browse?type=author&sort_by=2&order=DESC&rpp=50&authority=rp00929	rp00929
10171497	171497	Villari Beatrice	https://www4.ceda.polimi.it/manifesti/manifesti/controller/ricerche/RicercaPerDocentiPublic.do?evn_getfoto=evento&id_foto=3220681&__pj0=0&__pj1=8315935a1134faf6c7830346908ad4b8	Ricercatore legge 240/10 - t.det. a tempo pieno	Dipartimento di Design	ICAR/13 - Disegno Industriale		https://orcid.org/0000-0003-0762-0432	https://re.public.polimi.it/browse?type=author&sort_by=2&order=DESC&rpp=50&authority=rp00937	rp00937
10171981	Error									
10313337	Error									
10330636	Error									
10299798	299798	Volonte' Paolo Gaetano	https://www4.ceda.polimi.it/manifesti/manifesti/controller/ricerche/RicercaPerDocentiPublic.do?evn_getfoto=evento&id_foto=401997&__pj0=0&__pj1=355019b02129811a33e50e50dbba8874	Professore associato a tempo pieno	Dipartimento di Design	SPS/08 - Sociologia Dei Processi Culturali E Comunicativi		https://orcid.org/0000-0002-8132-4095	https://re.public.polimi.it/browse?type=author&sort_by=2&order=DESC&rpp=50&authority=rp02300	rp02300
10549996	Error									
10444524	Error									
861239	Error									
!9	Error									
881026	Error									
861236	Error									
10515004	Error									
10543606	Error									
10005635	5635	Zingale Salvatore	https://www4.ceda.polimi.it/manifesti/manifesti/controller/ricerche/RicercaPerDocentiPublic.do?evn_getfoto=evento&id_foto=9772698&__pj0=0&__pj1=dc9ddf49e924c729b24576d3372c0aa7	Ricercatore universitario a tempo pieno	Dipartimento di Design	M-FIL/05 - Filosofia E Teoria Dei Linguaggi	/manifesti/manifesti/controller/ricerche/RicercaPerDocentiPublic.do?evn_downloadcv=evento&id_cv=4412548&rnd=0.6535116124895957	https://orcid.org/0000-0002-1020-9276	https://re.public.polimi.it/browse?type=author&sort_by=2&order=DESC&rpp=50&authority=rp07937	rp07937
10176946	176946	Zurlo Francesco	https://www4.ceda.polimi.it/manifesti/manifesti/controller/ricerche/RicercaPerDocentiPublic.do?evn_getfoto=evento&id_foto=745571&__pj0=0&__pj1=cb896ebdd8eb5615c3c197d539979aae	Professore ordinario a tempo pieno	Dipartimento di Design	ICAR/13 - Disegno Industriale	/manifesti/manifesti/controller/ricerche/RicercaPerDocentiPublic.do?evn_downloadcv=evento&id_cv=2374855&rnd=0.3064760944438527	https://orcid.org/0000-0002-7095-0699	https://re.public.polimi.it/browse?type=author&sort_by=2&order=DESC&rpp=50&authority=rp07950	rp07950
